:020000040800F2
:10000000C8CB0624BD020008CD8B00080D75000882
:10001000C9020008311C0008CDCB00080000000018
:1000200000000000000000000000000015B80008FB
:10003000ED1E00080000000057030008E9BF00089B
:10004000D7020008D7020008D7020008D70200082C
:10005000D7020008D7020008D7020008D70200081C
:10006000D7020008D7020008D7020008D70200080C
:10007000D7020008D7020008D7020008D7020008FC
:10008000D7020008D7020008D7020008D7020008EC
:10009000D7020008D7020008D7020008D7020008DC
:1000A000D7020008D7020008D7020008D7020008CC
:1000B00091C00008E9C00008D7020008D702000874
:1000C000D7020008D7020008D7020008D7020008AC
:1000D000D70200087DCB0008D7020008D70200082D
:1000E000D7020008D702000800000000D70200086D
:1000F000D7020008D7020008D7020008D70200087C
:10010000D7020008D7020008D7020008D70200086B
:10011000F5C30008D702000845C10008D70200084F
:10012000D7020008D7020008D7020008D70200084B
:10013000D702000825240008D7020008D7020008CB
:1001400000000000000000000000000000000000AF
:10015000D7020008D7020008D7020008D70200081B
:10016000D7020008D7020008D7020008D70200080B
:10017000D7020008D7020008D7020008D7020008FB
:10018000D7020008D7020008D7020008D7020008EB
:10019000D7020008D7020008D7020008D7020008DB
:1001A000D7020008D7020008D7020008D7020008CB
:1001B000D7020008D7020008D7020008D7020008BB
:1001C000D7020008D7020008D7020008D7020008AB
:1001D000D7020008D7020008D7020008D70200089B
:1001E000D7020008D7020008D7020008D70200088B
:1001F000D7020008D7020008D7020008D70200087B
:10020000D7020008D7020008D7020008D70200086A
:10021000D7020008D7020008D7020008D70200085A
:10022000D7020008D7020008D7020008000000002B
:10023000D7020008D702000800000000D70200081B
:10024000D7020008D7020008D7020008D70200082A
:10025000D7020008D7020008D7020008D70200081A
:10026000D7020008D7020008D7020008D70200080A
:10027000D7020008D7020008D702000800000000DB
:10028000D702000800000000D702000800000000AC
:1002900000000000D7020008DFF80CD001F066F87B
:1002A00000480047C12A0108C8CB062430BF72B6F7
:1002B000704762B6704780F30888704706488047E9
:1002C00006480047FEE7FEE7FEE7FEE7FEE7FEE73B
:1002D000FEE7FEE7FEE7FEE70DC000089902000812
:1002E000EFF3098141B1F1EE101A40F8041D20ED41
:1002F000200A29490A6810607047B0EC200A02C839
:10030000E1EE101A25490A6810607047EFF310807B
:1003100072B6704780F31088704721484FF0FF0194
:100320000170002080F309881E48016881F3088865
:100330001D48012101701D484FF08051016062B6D7
:10034000FEE71A484FF080510160704717484FF0A0
:1003500080510160704772B6EFF3098028B12038F0
:1003600080E8F00F0C490968086000B51048804724
:100370005DF804EB0F4810490A78027006480749F7
:100380000A680260106890E8F00F203080F3098856
:100390004EF0F40E62B67047040200240C020024F2
:1003A00022ED00E028020024EB01002404ED00E02F
:1003B00001980008E8010024E9010024094910B56A
:1003C00008784C1C18B1401E0870205C10BD00213C
:1003D0000720ABBE207010BD02490878421C0A708D
:1003E00070470000D80300244FF0FF307047002012
:1003F00070474FF0FF307047002070470020704773
:100400004FF0FF3070474FF0FF3070474FF0FF3034
:1004100070474FF0FF3070474FF0FF3070472DE9C5
:10042000F05F0546002092469B4688460646814678
:1004300040241BE0284641464746224600F01AFA6F
:1004400053465A46C01A914110D3114618462246C7
:1004500000F001FA2D1A67EB01084F4622460120F1
:10046000002100F0F8F917EB00094E41201EA4F11D
:100470000104DFDC484631462A464346BDE8F09F8A
:10048000004870479C6E010810B50446FFF7F8FF5E
:100490000068005D00F0010010BD4FF0FF307047B4
:1004A00010B5441A0346944209D28418114403E05B
:1004B00011F8013D04F8013D521EF9D210BD40EA89
:1004C0000104A40703D009E010C9121F10C3042AB5
:1004D000FAD203E011F8014B03F8014B521EF9D296
:1004E00010BDD2B201E000F8012B491EFBD27047CB
:1004F0000022F6E710B513460A4604461946FFF7F0
:10050000F0FF204610BD421E12F8013F002BFBD128
:1005100011F8013B02F8013B002BF9D1704730B5CF
:1005200005462A460B4612F8010B13F8014B08B199
:10053000A042F8D01CB1002802D06D1CF1E728467B
:1005400030BD10B5044604E00B7800F8013B03B160
:10055000491C521EF8D2204610BD10B5034600209B
:10056000904201D20C5C1C540C5C002C01D0401C4D
:10057000F6E710BDCAB2401E10F8011F8A4202D031
:100580000029F9D100207047421C10F8011B0029F6
:10059000FBD1801A704710B5002200E0521C835C2A
:1005A0008C5CA34201D1002BF8D1D8B2E1B2401A41
:1005B00010BDCBB203E00178994203D0401C521E1B
:1005C000F9D20020704730B504460020034600E011
:1005D0005B1C934203D2E05CCD5C401BF8D030BD85
:1005E00010B5044600E0401C0378002BFBD100E06E
:1005F000401C521E04D311F8013B0370002BF7D1AD
:1006000000210170204610BDFFF7C5BF034611F859
:10061000012B00F8012B002AF9D11846704730B59C
:1006200005460020034600E05B1C934205D2EC5CCB
:10063000C85C201A01D1002CF6D130BD70B50F4D29
:1006400000B92868002412E00A4602E09E4203D066
:10065000521C1378002BF9D1DAB2224305D02BB10A
:1006600024B1002100F8011B04E00446401C067878
:10067000002EE9D12860204670BD0000E40300246C
:100680000246C9B200E0401C0378002BFBD102E017
:1006900003788B4203D0401E9042F9D2002070476D
:1006A00030B503461D783DB10A4612F8014B1CB126
:1006B000AC42FAD15B1CF5E7181A30BD30B50546DF
:1006C000002008E00A4602E0A34207D0521C13783B
:1006D000002BF9D1401C2C5C002CF3D130BD10B59F
:1006E00008E00A4602E0A34208D0521C1378002B0F
:1006F000F9D1401C0478002CF3D1002010BD00007B
:1007000007280FD2DFE800F00406080E0E0C0A00DE
:1007100005A070470AA0704713A070471DA070473E
:1007200022A070472BA070474E6F206572726F72C7
:1007300020286572726E6F203D2030290000000075
:1007400045444F4D202D2066756E6374696F6E2091
:10075000617267756D656E74206F7574206F6620A9
:1007600072616E67650000004552414E4745202D7D
:100770002066756E6374696F6E20726573756C7434
:10078000206E6F7420726570726573656E7461623D
:100790006C650000454E4F4D454D202D206F757402
:1007A000206F66206D656D6F7279000045494E5669
:1007B000414C202D20696E76616C696420617267FE
:1007C000756D656E7420746F2066756E6374696FE5
:1007D0006E000000556E6B6E6F776E206572726FE3
:1007E0007200000010B5484304460CF031FE0028AA
:1007F00005D00021002C02D0641E0155FAE710BD7F
:1008000000B589B000926A4600F0EEFB09B000BD69
:1008100070B506460CF0B4FA046805460A220021B9
:10082000304600F0A9FB2C6070BD30B50B46014688
:1008300000202022012409E021FA02F59D4205D37F
:1008400003FA02F5491B04FA02F52844151EA2F129
:100850000102F1DC30BD202A04DB203A00FA02F16B
:10086000002070479140C2F1200320FA03F319439E
:1008700090407047202A04DB203A21FA02F0002140
:10088000704721FA02F3D040C2F1200291400843A0
:10089000194670472DE9FF4F1C4681B00021D4E96D
:1008A000016791464FF0FF358A468846A1696D1C65
:1008B00002988847216A834688470028F6D1BBF111
:1008C000FF3F0CD026F4C066002F1ADD700615D548
:1008D000BBF12B0F0AD0BBF12D0F0FD104E04FF06D
:1008E000FF3005B0BDE8F08F46F48066A1696D1C4D
:1008F000029888477F1E8346002F02DDBBF1300F30
:1009000003D0B9F1000F2AD025E0A1696D1C46F48F
:1009100000767F1E029888478346002F05DDBBF1D5
:10092000780F06D0BBF1580F03D0B9F1000F10D0EB
:1009300011E0B9F1000F02D0B9F1100F0BD1A1698C
:100940006D1C26F400767F1E02988847834610208F
:1009500000E0082081464FEAE970009017E00A2085
:10096000F8E74346AAFB092803FB0980DDF800C02D
:100970007F1E0AFB0C0112EB0B0A41EBEB78A1691D
:1009800046F4007605F10105029888478346002F5A
:1009900006DD4946584600F00DFD5FEA000BE0D544
:1009A000E16902988847B00502D46FF0010098E72A
:1009B000F00718D1700610D57005514605D50023F3
:1009C000D1EB030163EB080200E042462068031DFF
:1009D00023600068C0E9001205E02068011D216065
:1009E0000068C0E900A828467BE72DE9FF5F1D46A7
:1009F0004FF0FF3BD5E9014691465F464FF00008B6
:100A0000A9697F1C01988847296A8246884700287F
:100A1000F6D1BAF1FF3F0CD024F4C064002E19DDEA
:100A2000600614D5BAF12B0F09D0BAF12D0F0ED1F3
:100A300003E0584604B0BDE8F09F44F48064A9691F
:100A40007F1C01988847761E8246002E02DDBAF18F
:100A5000300F03D0B9F1000F26D032E0A969761E1D
:100A600044F400747F1C019888478246002E05DDFF
:100A7000BAF1780F06D0BAF1580F03D0B9F1000FD0
:100A800010D01EE0B9F1000F02D0B9F1100F18D14B
:100A9000A969761E24F400747F1C01988847824659
:100AA000102002E0082000E00A20814609E008FB4F
:100AB0000908A969761E44F400747F1C01988847D0
:100AC0008246002E05DD4946504600F073FC0028A2
:100AD000EDDAE96901988847A00502D46FF00100BA
:100AE000A8E7E00725D1600613D5600502D5C8F157
:100AF000000000E0404629680A1D2A6009682205B6
:100B000001D5087015E0220701D5088011E00860C2
:100B10000FE02868011D29600068210502D580F8D2
:100B2000008006E0210702D5A0F8008001E0C0F8AF
:100B3000008038467EE72DE9FF5FD2E901A74FF03C
:100B40000008916999461446DDF838B04646019888
:100B50008847054659EA0B0005D009E0A169761CD3
:100B6000019888470546216A284688470028F5D11C
:100B7000681C03D05FEACA7005D015E04FF0FF3063
:100B800004B0BDE8F09F2068011D2160D0F800800E
:100B90000AE05FEACA7001D108F8015BA169761C1E
:100BA0007F1E019888470546002F1ADD681C18D063
:100BB000B9F1000F0DD0E81705EBD060421120F01D
:100BC0001F0059F822102A1A012090400142E0D15A
:100BD00007E0BBF1000FDCD1216A284688470028D6
:100BE000D7D0E16901988847BBF1000F07D1002EEB
:100BF00005DD5FEACA7002D1002188F80010A06804
:100C0000B84203DDBBF1000F03D017B16FF0010054
:100C1000B6E73046B4E700002DE9FF4F087883B00F
:100C20009946FF2805D0491C2D2804D00024002017
:100C300008E000200BE00124F9E700EB800003EB63
:100C40004000491C0B78FF2BF7D104B14042002330
:100C50000293147819461D462D2C01D02B2C04D15B
:100C6000521C2D2C13D000240294AA461478FF2C79
:100C70000FD00A25A3FB057801FB05814FF0000C7E
:100C800003FB0C11521CE3194AEB0101EEE70124AE
:100C9000EAE7814453EA010002D019F5C87F06DA79
:100CA00003980021C0E9001107B0BDE8F08F0025CE
:100CB000AE4E2F46DFF8B882184600F049FCCDE969
:100CC0000001B9F1000002DAC9F1000400E00446B5
:100CD0000023A74A1AEB030B42EB045A12E0E00789
:100CE00007D02A4633463846414600F02EFA0746DA
:100CF00088462A4633461046194600F026FA05462D
:100D00000E466410002CEAD1DDE90001B9F1000FB4
:100D10005A46534606DA00F08AFA3A46434600F04D
:100D200086FA05E000F011FA3A46434600F00DFA63
:100D3000029A0AB181F00041039AC2E90001B3E7C7
:100D40002DE9FF4F1F468DB0D7E901464FF0FF3820
:100D50002E2045464FF000090B90B9696D1C0E9886
:100D60008847396A824688470028F6D1BAF1FF3FA2
:100D70000AD024F4D064002E11DDBAF12B0F08D074
:100D8000BAF12D0F0BD102E0404611B08DE744F4CB
:100D90008064B9696D1C0E9888478246761E694644
:100DA000600501D52D2000E02B208DF8000001F119
:100DB000010B0DF1200809E0B9696D1C0E988847F8
:100DC00082460F9844F40074761E0560002E02DD02
:100DD000BAF1300FF0D00B998A453ED144F080042F
:100DE00006E00F99681CA9F1010944F40074086039
:100DF000B9696D1C761E0E98884782463028F0D05F
:100E00002BE00B998A4505D1200603D444F08004D9
:100E1000761E18E050460CF033FC08B30DF11301B8
:100E2000761E44F400748B4508D2AAF130000BF80A
:100E3000010B200607D5A9F1010003E0200602D42A
:100E400009F101008146A00502D50F99681C0860D0
:100E5000B9696D1C0E9888478246002ED1DC53E09C
:100E6000002E51DDBAF1650F02D0BAF1450F4BD11A
:100E7000A00549D5B9696D1C24F44074761E0E98FE
:100E800088478246002E0CDD2B2804D0BAF12D0FA6
:100E900007D144F48074B9696D1C0E988847824666
:100EA000761EE00501D52D2100E02B2108F8011B5D
:100EB000CDF82C8021E00DF12901761E44F4007458
:100EC00088450CD2AAF1300010F0FF0088F800002D
:100ED00002D10B99884509D908F1010806E0E0051F
:100EE00001D5244801E042F20F708146B9696D1CBA
:100EF0000E98884782460F980560002E04DD504604
:100F00000CF0BEFB0028D6D1F9690E988847FF2067
:100F10008BF8000088F800000020069007904B46F0
:100F20006A4608A906A8FFF777FEA00502D46FF06D
:100F300001002AE714F0240F0AD0E00714D1DDE9FC
:100F400006123868031D3B600068C0E900120BE020
:100F5000DDE9060100F008FB0146E00704D138682E
:100F6000021D3A600068016028460EE70000144048
:100F70000000F03FF1D8FFFF2DE9F04791460F4602
:100F800080460446002614F8015B2DB1FFF778FA7D
:100F90000068405DC007F6D12B2D02D02D2D18D052
:100FA000641E4A463946204600F026FA27B13968C1
:100FB000A14201D1C7F8008071054FF002040BD5A2
:100FC0004042002803DD0BF0DBFE0460A007BDE813
:100FD000F08746F48066E4E70028F8DA0BF0D0FEEC
:100FE00004606FF00040F2E7024B9361024BD36163
:100FF00000F0F4B9BD030008D90300082DE9FE4F45
:10100000804681EA0300C00F0C46009021F00041A9
:1010100023F00045B8EB0200A94105D24046214625
:1010200090461C460B46024623F00040104347D032
:10103000270DC7F30A00C3F30A510290401A01902A
:1010400040286BDAC3F3130040F4801B00989246EB
:1010500020B10023D2EB030A63EB0B0B0198594636
:10106000C0F140025046FFF7F6FB06460D465046DB
:101070005946019A00F08CF910EB080061410024F8
:1010800087EA115284EAE7731A4340D0009A62B3A8
:10109000019A012A4FEA075215DC001B61EB02019D
:1010A0004FF0004202EA0752CDE90042001C41F530
:1010B000801132462B4600F0FDF903B0BDE8F08FF9
:1010C00040462146F9E7001B61EB0201001C41F597
:1010D000801300185B412018A2F5001747EB0301AD
:1010E00040EAD570B6196D4111E06D084FEA360639
:1010F00045EAC0754FEA0752001B61EB0201001C74
:1011000041F5801149084FEA30000019514132463B
:101110002B4603B0BDE8F04F00F0BDB900980122A6
:1011200040000023D0EB020263EBE07300982146FD
:101130004FEAE074B8EB000061EB0401E9E783F0EB
:1011400000435BE781F0004158E72DE9FE4F81EA5B
:10115000030404F0004421F0004100944FF0000B20
:1011600023F0004350EA01045ED052EA03045BD04E
:10117000C3F30A54C1F30A552C44A4F2F334019486
:10118000A0FB0254C1F3130141F48011C3F3130314
:1011900043F4801301FB024400FB034E840A970AC8
:1011A00044EA815447EA8357A4FB076802958D0AF5
:1011B00005FB07854FEA932C04FB0C542705029D81
:1011C0004FEA065847EA1637B5EB08056EEB070CF1
:1011D000870E920E47EA811742EA8312A7FB0201AB
:1011E000B6EB0B0164EB00042B0D43EA0C335E18E5
:1011F00044EB1C50DA465146E7FB0201C5F31304E9
:101200004FEA0B3343EA14534FEA0432019C43EA9A
:101210000603A4F10C040294009CCDE900B400F094
:1012200049F903B0BDE8F08F00200146F9E72DE948
:10123000F04D81EA030404F0004B21F00045144610
:101240004FF0000A23F0004150EA050220D054EA92
:1012500001021DD0C5F30A570246C5F31303C1F3BB
:101260001300C1F30A5640F4801543F48013A7EB32
:101270000608101BD64608F2FD3873EB050002D3B2
:1012800008F1010801E092185B41B8F1000F03DAA0
:1012900000200146BDE8F08D00204FF48011064685
:1012A00084460EE0171B73EB050705D3121B63EB97
:1012B000050306434CEA010C49084FEA3000921836
:1012C0005B4150EA0107EDD152EA030012D082EAF5
:1012D000040083EA0501084305D0101BAB4106D288
:1012E0000122002306E000224FF0004302E06FF0ED
:1012F000010253101AEB06004CEB085110EB0A00E8
:1013000041EB0B01BDE8F04D00F0C5B8C1F30A5246
:10131000C1F3130140F2FF3341F480119A4202DA23
:1013200000200146704740F233439A42A2F2334212
:1013300002DC5242FFF79EBAFFF78DBA30B5041EA9
:1013400071F1000404DB4FF00044404264EB010102
:10135000141E73F1000405DB1C464FF0004352429B
:1013600063EB0403994208BF904230BD064C074D21
:1013700006E0E06840F0010394E807009847103465
:10138000AC42F6D3FEF78CFF007201082072010810
:10139000202A06DBCB17203A41FA02F043EAE07339
:1013A00006E041FA02F3D040C2F120029140084326
:1013B000194670473A2800D2303820F02002412ADE
:1013C00001D3A2F13700884201D34FF0FF307047BC
:1013D000026811441378016018467047D1600449CF
:1013E00051610449116200211161114600F0D8B821
:1013F000D1130008890400082DE9F05F82460078C7
:10140000002715468B460AF10104B946302801D061
:101410009DB113E014F8010B0127782803D0582858
:1014200001D045B10AE00DB1102D07D100271025DC
:1014300014F8010B02E0082500E00A250026B0465A
:101440000EE005FB080005FB06F1012701EB104645
:101450001FFA80F8B6F5803F00D3B94614F8010BA7
:101460002946FFF7A7FF0028EBDABBF1000F05D0F4
:101470000FB1641E00E05446CBF80040B9F1000FF4
:1014800006D00BF07DFC02210160C81EBDE8F09F74
:1014900048EA0640FAE710B5141E73F1000408DAB2
:1014A000401C41F1000192185B411A4301D120F028
:1014B000010010BD2DE9F04D92469B4611B1B1FAE5
:1014C00081F202E0B0FA80F220329046FFF7C3F9D1
:1014D00004460F4640EA0A0041EA0B0153465A46C9
:1014E000084313D0114653EA010019D0C8F1400255
:1014F0005046FFF7BFF905460E465046594642464C
:10150000FFF7A9F9084305D0012004E02046394639
:10151000BDE8F08D0020054346EAE0762C433743D2
:101520000A986305E40AA0EB08000022FD0A44EAD9
:1015300047540A3002D500200146E9E70105101999
:101540006941DDE9084500196941BDE8F04DA2E7B0
:101550000EB540F2334202920022CDE9002213463A
:10156000FFF7A8FF03B000BD01F0004330B421F045
:10157000004150EA010206D00A0DA2F56072C1F3E3
:101580001301002A02DC30BC00207047440F44EAFB
:10159000C104C100E01830BC00EBC25000F096B9A5
:1015A0002DE9F34F8BB04FF0000801F10C000C4611
:1015B0004FF0010B46460DF1080A019062690121C6
:1015C00001989047051E2DD0252D2CD0216A8847E3
:1015D000C0B16269012101989047216A88470028BB
:1015E000F7D1411E62690198904700E0761CA1691D
:1015F0000B988847216A88470028F7D1E1690B9842
:101600008847DBE7A1690B9888470746A84201D1C4
:10161000761CD3E7E1690B9888477F1C02D1B8F1AB
:10162000000F6FD046E1002762693D4639460198B8
:1016300090472A2804D16269012101989047012529
:10164000DFF884926269012101989047A0F130018E
:101650000A290AD24F45E5DC07EB870100EB410779
:10166000303FDFD445F01005ECE7E90601D46FF018
:1016700000476C280AD04C2814D0682815D06A2856
:101680000DD074281CD07A281AD01DE0626901217F
:10169000019890476C2802D045F0040514E045F00D
:1016A00002050DE045F020050AE06269012101987C
:1016B0009047682802D045F0080505E045F400652C
:1016C0006269012101989047C4E9015765283DD01E
:1016D00019DC58287AD00CDC452837D004DC2528C2
:1016E00026D0412831D131E046282FD047282CD1AF
:1016F0002CE05B2877D0612828D063287CD0642830
:1017000023D15AE0D0E06F2848D008DC66281DD0ED
:1017100067281BD0692821D06E2816D127E07028B1
:1017200045D0732868D0752847D078280DD14DE072
:10173000A1690B988847054625283FF469AFE16900
:101740000B9888476D1C3FF46AAFB3E023466A46A6
:101750006FF001000B99FFF7F3FA9EE045F04000AF
:101760006060A80723464FF0000236D43EE0E80749
:101770007FF447AF2068011D21600068290501D56D
:1017800006701BE7290701D5068017E7A90703D5CF
:10179000F117C0E9006111E706600FE745F040006E
:1017A0006060A80723464FF0080216D41EE040F6FA
:1017B0000E0125EA0100606016E045F0400060601F
:1017C000A80723464FF00A0207D40FE045F0400077
:1017D0006060A80708D5234610226FF001000B991E
:1017E000FFF758F859E007E0234610226FF0010098
:1017F0000B99FFF7FAF850E04FF000094F464B46BF
:10180000632802D05B2806D040E0E80601D401201E
:10181000A06001273AE062690121019890475E28A3
:1018200005D14FF001096269494601989047216945
:1018300039B900210A46534643F82120491C08299A
:10184000FADBB0B3216969B9C11700EBD16253115A
:101850000AEB830122F01F02821A01200B689040DC
:1018600003430B6062690121019890475D28E8D12C
:10187000B9F1000F09D00020514651F82020D24381
:1018800041F82020401C0828F7DB02AB22460097D5
:101890006FF001000B99FFF74EF900280CDA401C9D
:1018A00008D1BBF1000F05D04FF0FF300DB0BDE8FF
:1018B000F08FFFE74046F9E7E90701D108F1010899
:1018C00006444FF0000B79E6CCCCCC0C0029A8BF25
:1018D0007047401C490008BF20F00100704710B459
:1018E000B0FA80FC00FA0CF050EA010404BF10BC0E
:1018F000704749B1CCF1200421FA04F411FA0CF13B
:1019000018BF012121430843A3EB0C01CB1D4FEA73
:1019100000614FEA102042BF002010BC704700EB6E
:10192000C35010440029A4BF10BC7047401C49009C
:1019300008BF20F0010010BC704770B58C1810F87B
:10194000015B15F0070301D110F8013B2A1106D104
:1019500010F8012B03E010F8016B01F8016B5B1E1E
:10196000F9D12B0705D40023521E0DD401F8013BF9
:10197000FAE710F8013BCB1A921C03E013F8015B65
:1019800001F8015B521EF9D5A142D8D3002070BDE9
:10199000094B10B5044600205A78022A0AD203F1F6
:1019A0000C00246800EBC200521C0460096841600E
:1019B000D0B2587010BD0000DC00002470477047A2
:1019C0007047704770477047704702F0C9BE00000B
:1019D0002DE9F05F414D0446DFF80491002640F602
:1019E000C41744F6246B4FF0FA0A2878B0B3D5E94F
:1019F0000512204608F0F4FA00282FDB2088B842B0
:101A00002CD2E0783C2829D2DFF8D8805A46A6703C
:101A10002146D8F8000011F08FFBD8F8000099F8A3
:101A20001610C17080F802A0E868002816DA28783D
:101A3000012813D12C492869401C28618A68521E4C
:101A4000824200D82E61286900EB400001EB800043
:101A5000B0F90C106961B0F90E00A861687898B30C
:101A6000D5E90B12204608F0F5FA00282CDB208877
:101A7000B84229D2E0783C2826D2A67021461B4CD9
:101A80005A46206811F058FB206899F8BE19C170B9
:101A900080F802A0686A002816DA6878012813D155
:101AA0001349A86A401CA8628A68521E824200D864
:101AB000AE62A86A00EB400001EB8000B0F90C10A8
:101AC000E962B0F90E002863012100200AF0DEF877
:101AD000BDE8F05F012108460AF0D8B808010024EB
:101AE000246D002464000024946701246C00002409
:101AF0007496012410B501240348610302F01CFE12
:101B000000B10024204610BD0008025801460148DB
:101B100004F09CBA48BF0624044810B504F0A8FAA3
:101B2000042801D0012010BD002010BD48BF0624AC
:101B300010B500F015F8012801D0022010BD0748AB
:101B400004F0FEFA040006D104484FF4804104F08A
:101B500017F900B10124204610BD000048BF06243B
:101B600008B501208DF80000FFF7C4FF10B9002070
:101B70008DF800009DF8000008BD000038B5002475
:101B8000009313460A460146034804F005FC00B1E1
:101B90000124204638BD000048BF062438B5002483
:101BA000009313460A460146034804F0C7FC00B1FF
:101BB0000124204638BD000048BF062410B50B4B59
:101BC0000B4C30B101221846402102F0BEFD01222B
:101BD00005E000221846402102F0B7FD0022204611
:101BE000012102F0B2FD002010BD000000000258EB
:101BF000000802580C4910B50978012911D10B4C85
:101C0000490228B10122204602F09FFD012204E092
:101C10000022204602F099FD00222046202102F0F9
:101C200094FD002010BD00002C0000240004025888
:101C3000FEE70000F0B5BFF34F8FBFF36F8F1D4974
:101C400000200860BFF34F8FBFF36F8F1A4C2168DD
:101C500041F400312160BFF34F8FBFF36F8F1649FE
:101C600070310860BFF34F8F081F006843F6FF759F
:101C7000104E1036C0F34E31C0F3C90305EA4112CD
:101C8000184642EA80773760401EFAD2491EF5D2E4
:101C9000BFF34F8F206840F480302060BFF34F8F38
:101CA000BFF36F8F03484C30016841F004010160BD
:101CB000F0BD000050EF00E014ED00E010B500248E
:101CC0000346A1F10B0040F2852290421AD8164833
:101CD0000A461946FEF7E4FB1348743810F0FAF888
:101CE00080B111487438B0F87C00B0F5005F0BD0BB
:101CF000B0F5A04F0DD0B0F5174F10D00BA00AF0E3
:101D0000FBFFFF24204610BD10A00AF0F5FF0124C0
:101D1000F8E7154802240188491C0180F2E713A066
:101D20000AF0EAFF0324EDE7CCC7012447657420DD
:101D30004172746E657420556E6B6E6F77205061C2
:101D4000636B6167652E0D0A000000004765742013
:101D50004172746E657420506F6C6C205061636BBF
:101D60006167652E0D0A00003C0100244765742060
:101D70004172746E65742054696D65636F6465208B
:101D80005061636B6167652E0D0A0000002070478B
:101D90002DE9F0411449012504460EF0ACFE20B1B6
:101DA00012A021460AF0A8FF1AE00F4C16A0E38803
:101DB000A28821680AF0A0FF2068014600F10060B7
:101DC0000268D0F8020097B286B23A4619A03346AC
:101DD0000AF092FFA088B84203D1E088B04200D157
:101DE00000252846BDE8F081845D01244669726DB6
:101DF00077617265202573206E6F74206578697332
:101E00007465642E200D0A0046696E64206669724E
:101E10006D776172652C2073697A653D25642C208D
:101E2000646174653D25642C2074696D653D25648D
:101E30000D0A00005265616420666C61736820734E
:101E4000697A65203D2025642C20646174653D25F8
:101E5000642C2074696D653D25640D0A0000000046
:101E600070B50024FEF723FA064D28680EF072FEC6
:101E700000B9012428680EF059FBFEF71AFA204633
:101E800070BD00004C0000241149104810B50860D6
:101E9000084601F061FD0E48002100221430416027
:101EA000022181600146143801F0D0FC084800216D
:101EB00001F099FD064910220548143101F0C6FCD5
:101EC000BDE810400248102101F08DBD00740040B3
:101ED00000D101240B464FF0000218B11021024836
:101EE00001F074BD0021FAE700D1012470470023FE
:101EF00010B503E0C45C4C40C4545B1C9342F9DB56
:101F000010BD00000149002008707047DC0000246B
:101F10002DE9FF4F0F46144644F63C224FF00009CE
:101F20002DED108B83B04FF0FF36098800EE101AAC
:101F3000798800EE901A79790191169997F806B090
:101F400097F807A011440091396821607968B8EECC
:101F5000400AB8EE608A6160FB499FEDFCAB9FEDE3
:101F6000FDFADFEDFDFAB0EE009B9FEDFCEBDFED3F
:101F7000FD8AFD4D40F235124FF0000810FB02F0D3
:101F800001EBC0000290C1898819C0B209B1401E9E
:101F9000C0B29FEDF61AB11E152970EE41BA38EEA7
:101FA00041BA46D2DFE801F00B2656644585459DCF
:101FB00045BD45FC45FB45FAF9F8F7F6F500009AF2
:101FC000012101F019FC00EE900AA861F8EEE00A88
:101FD000B7EEE01A21EE091B81EE0E2BFDEEC20BCF
:101FE00010EE900AE861002823DC40F2FF702080A8
:101FF000608002E2009A012101F0FEFB00EE900AEF
:10200000A861DC49F8EEE00AB7EEE01A21EE091B00
:1020100081EE0E2B9FEDD61AF7EEC20B10EE900A52
:1020200020EE811A884285ED051A03DAD249C1F8FB
:10203000008057E1D0480121DFEDD01AC1EE810ABE
:102040000160CF49C5ED050AFDEEE00A10EE900AE9
:10205000088047E1009A012101F0CEFB00EE900AD2
:10206000A861F8EEE00A80EEA81A85ED081A39E1B9
:10207000009A022101F0C0FB00EE100AA861BD49E0
:10208000B8EEC00AB7EEC02A82EE0A0B20EE090BAA
:10209000F7EEC00BB0EE410A10EE900A0BEE201ADC
:1020A0000BEEA00A8842C5ED090AB0EE418A78DB42
:1020B00018E1009A022101F09FFB00EE100AA861CE
:1020C000B8EEC00AB7EEC02A82EE0A0B20EE090B6A
:1020D000F7EEC00BB0EE410AC5ED0A0A0BEEA00AFE
:1020E00000E1009A022101F087FB00EE900AA8614E
:1020F000A048F8EEE00AB7EEE03A83EE0A2B22EEB3
:10210000092BF7EEC20BC5ED0B0A0BEE201AA96ADC
:102110008142B0EE418A03DA10EE901A814240DB30
:10212000E0E0009A022101F067FB00EE100AB8EE31
:10213000C00AB7EEC01A81EE0A0B20EE090B9FED24
:10214000911BA86120EE010BB7EEC00B85ED0C0AC8
:10215000B7EEC00A0AF0A0FEB7EEEBCA20EE0CDB29
:1021600095ED0C0AB7EEC00A0AF03EFEB7EECBBA08
:10217000B0EE4D1B0BEE001B9FED84DB31EE0D0B23
:10218000B7EEC08B95ED0C0AB7EEC00A0AF02CFE34
:1021900008E091E07AE071E068E05FE039E024E097
:1021A0000FE054E020EE0CCB95ED0C0AB7EEC00A20
:1021B0000AF072FE0BEE40CB3CEE0D0BB7EEC00BFF
:1021C00090E0009A022101F017FBA861A0F5004001
:1021D00000EE900AF8EEE00A60EE8F0A60EEAF0AB9
:1021E000C5ED0D0A30EE200A7CE0009A022101F0D4
:1021F00003FBA861A0F5004000EE900AF8EEE00AAB
:1022000060EE8F0A60EEAF0AC5ED0E0A38EE208A46
:1022100068E0009A012101F0EFFA00EE900AA8614F
:10222000B8EEE01AC1EE280AC5ED0F0A169800882C
:1022300001EE100AB8EE411A21EE201ADDED200A57
:10224000F8EEE00AB4EEE01AF1EE10FA4AD284F8A1
:10225000058084F8068084F8078043E0009A012115
:1022600001F0CAFAA861C0B201903BE0009A0121D6
:1022700001F0C2FA00F0FF0BA86133E0009A0121DF
:1022800001F0BAFA00F0FF0AA8612BE0009A0121E0
:1022900001F0B2FA00EE900AA861F8EEE00AB7EE9B
:1022A000E01A21EE091B81EE0E2BFCEEC20B10EEA4
:1022B000900A00F0FF0915E0009A012101F09CFA54
:1022C00000EE900AA8613349B8EEE01AC1EE280A80
:1022D00010EE900AC5ED010A884203DADFED2E0AFE
:1022E000C5ED010A761C76B2172E01D002984AE697
:1022F000787918B9F87908B9B87920B3B9F1000F2D
:1023000005D00198607184F806B084F807A0607960
:1023100000EE900AB8EE601AD5ED080A21EE201AF8
:10232000BCEEC11A11EE100A6071A07901EE100A1C
:10233000B8EE411A21EE201ABCEEC11A11EE100AB5
:10234000A071E0792AE034E0246D00240000000050
:10235000E0FFEF4000F07F45000000380000000083
:1023600000E06F4000007F433C01002400F0FF4488
:1023700000000442CDCC4C3D2401002400007A44EE
:102380000A0000244AD8124DFB2109400000000039
:1023900000FE9F40CDCCCC3DCDCCCC3D01EE100A13
:1023A000B8EE411A61EE200AFCEEE00A10EE900A47
:1023B000E07140F6FF72FCEEC00A194910EE900A77
:1023C000208010EE100A884202DB4046228007E09F
:1023D000B5EEC00AF1EE10FA05D84046A4F8008028
:1023E0006071A071E071BCEEC80A10EE100A608046
:1023F00018EE100A884202DB6280404607E0B5EE24
:10240000C08AF1EE10FA05D84046A4F80280607147
:10241000A071E07103B0BDEC108BBDE8FF8F000030
:1024200000F07F4510B506F0CFFC10F017FB06F06A
:10243000D7FC06484FF40041006800F58B5001605E
:10244000402101600121016010BD000078D001240D
:1024500070B5A2B006460024694601258DF80450E7
:10246000680306908DF80F504FF4C3608DF80E503E
:102470000D9020208DF81D408DF80C4009948DF8AA
:102480001F4012948DF832508DF828408DF860501E
:1024900017904FF040508DF838400F9402948DF80B
:1024A00061408DF81C4014948DF862400B948DF8B7
:1024B0001E500090A8038DF811508DF840408DF803
:1024C0003140059002208DF812408DF8564016904C
:1024D00030468DF820508DF854408DF830408DF8FE
:1024E00010508DF80D408DF8554011948DF84C50DA
:1024F00000F0CEF91B9569058DF871404FF4067018
:102500008DF8685019948DF880408DF870401F91B7
:102510008DF878401D9119A98DF8814021903046A1
:1025200000F066F922B070BD2DE9F047846A00F131
:10253000180692468B680027254656F82420D2F8C4
:102540000CC0BCF1000F63DB91F800805FEA4878B3
:1025500037D5D1F824806FF30F0C4CEA080C4CF4FB
:10256000803CC2F80CC0D0F800C0DCF8608048F4B1
:102570008018CCF8608091F800C05FEA0C7C20D510
:10258000B1F82CC0A2F80AC0D2F80CC04CF4003C40
:10259000C2F80CC0D1F830802CF4402C4CEA080C66
:1025A000C2F80CC0D0F800C0DCF8648048F4801891
:1025B000CCF864800068D0F850C04CF0806CC0F853
:1025C00050C00878C0060BD59068D1F818C06FF3DA
:1025D0000D0040EA0C009060D06840F08060D06050
:1025E000087810F0140F14D0D068641C042C40F04C
:1025F0004040D06000D3241F012756F82420D06823
:10260000002806DA56F82500C16821F00041C160B3
:102610008DE018687F1C10604FF000099068D3F8B7
:1026200004C06FF30D0040EA0C009060D3F80880FE
:10263000DFF8B8C1B8F1000F0BD04346D8F80080DE
:10264000C2F8048000EA0C00B3F8048040EA0840B5
:1026500003E000EA0C00C2F8049090600878C0061D
:10266000D0680FD5B1F8208020F4F00040EAC840CF
:10267000D060D1F81C806FF3110040EA080040F4EC
:1026800080201CE0D1F804806FF30E0040EA0800BF
:10269000D06091F800805FEAC87806D0D1F8148045
:1026A00020F4403040EA0800D0600878800607D562
:1026B000D068D1F8108020F0406040EA0800D06077
:1026C0000878400707D59068D1F8288020F440406A
:1026D00040EA08009060D06820F0804040F0204040
:1026E000D06091F800805FEA887869D5D1F80C80D5
:1026F00020F0607040EA080061E0641C042C00D304
:10270000241F56F82420D068002813DA56F8251024
:1027100000200AE0CA686D1C042D22F00042CA6045
:1027200000D32D1F401C56F82510B842F2D30220CA
:10273000BDE8F08718687F1C10609068D3F80480AB
:102740006FF30D0040EA08009060D3F80880B8F1FC
:10275000000F0BD04346D8F80080C2F8048000EA8E
:102760000C00B3F8048040EA084003E000EA0C00E3
:10277000C2F8049090600878C006D06808D5D1F8F7
:102780001C806FF3110040EA080040F4802011E043
:10279000D1F804806FF30E0040EA0800D06091F891
:1027A00000805FEAC87815D0D1F8148020F440305A
:1027B00040EA0800D06020F0804040F00040D06047
:1027C0009B68002B99D19068BAF1000F04D040F0BB
:1027D000004003E0D068EEE720F000409060D06851
:1027E00040F08050D06000203461A1E7FFFF00C0BE
:1027F00030B5026802F58052136847F60204A3431D
:102800000C68234313600A790B7B120342EAC3333B
:102810008A681343026802F5805254684DF201053C
:10282000AC431C4354604B7B0A6A42EA0343026890
:1028300002F58052D2F80041124D2C401C43C2F8E0
:1028400000410A7D4B7F120142EA03330A691343B8
:10285000026802F58052D2F804410B4D2C401C4313
:10286000C2F8044100688A69097F00F5805042EA95
:10287000C171D0F80821054B1A400A43C0F808215D
:1028800030BD000000C0FEFFEFEFC0FFFFFFC07FC4
:1028900030B50B688A680C7B1A430B79DB0643EA78
:1028A000C4531A434B7B42EA83528B7B42EA435226
:1028B000CB7B42EA03530A7C002A7CD0002243EA05
:1028C000C2434A7C002A78D0002243EA42428B7CF1
:1028D00042EA03424B691A438B691A430B7F42EA6F
:1028E00003324B7F42EAC3238A7F002A66D000224C
:1028F00043EA8222CB7F42EA432391F82020002A38
:102900007ED0002243EA02224B6A1A4391F8283013
:1029100042EA0313CA6A134302681468434D2C4009
:102920001C43146091F83C2091F83830520642EA7A
:10293000036291F8303042EA834291F8313042EA42
:10294000434391F83220BAB3002243EA02434A6B70
:10295000134302685468364D2C401C43546091F870
:1029600040304A6C42EA03230268D46840F20F15F3
:10297000AC431C43D46091F854300A6D42EA4303DF
:1029800091F84C20EAB30022B1F84840D20142EA63
:10299000044213430268146F4FF60D752C401C431C
:1029A000146791F8553091F8562042EA43030268C3
:1029B000D2F8904003E02BE032E02BE02CE024F052
:1029C00003041C43C2F890400268D2F8003D8C6DAD
:1029D00023F072032343C2F8003D91F86020CB6DD1
:1029E00012B30022006843EA821291F8613091F834
:1029F00062101B0143EAC1010A43D0F8301D01E017
:102A00000CE00FE021F07B011143C0F8301D30BD18
:102A1000012254E7012258E7012269E7012271E708
:102A2000012292E70122AFE70122DBE78380040065
:102A30000080F8C070B500249C4D01222146522828
:102A40008AB071D019DC462833D00DDC984E42286C
:102A500071D004DC31286FD0412829D14CE04328C3
:102A600076D04428F9D185E04B2828D04C283FD097
:102A70004E282CD05028F0D160E06B2821D00CDCFF
:102A800058287DD004DC53282FD05428E5D15AE0B3
:102A900059287AD06328E0D17EE06E2806D07228CB
:102AA00067D0732816D07728D7D106E006F090F8C3
:102AB000F8E000F081FBC4B2F4E06A71F2E0312288
:102AC00000E030220B21432000F07EFDEAE010F010
:102AD00041FBE7E07748437D1BB1417580F8BD19A4
:102AE000E0E0427580F8BD29DCE009F08DF801E0F6
:102AF00005F010FA0446D5E000F024FE08A909F01C
:102B0000C1FB01280446D3D16B486C490078097891
:102B1000084304D030780024012808D0C2E009F02E
:102B200073F801280446C3D109F09AFBBAE064A007
:102B30000AF0E2F8B6E010E08AE009E000F002FEF8
:102B400009F026FCD6E700F0FDFD09F049FCA9E0FC
:102B500061490878401C0870A4E000F0F3FDEA88A1
:102B60004FF47A7301465D4804F076FCC2E707E053
:102B70000BE033E0307808B1317093E0327091E0CF
:102B8000FA20FFF71BF8FA2003E00020FFF716F801
:102B90000020FFF72FF885E0E888B0B15048417871
:102BA000722904D0672907D062290AD00DE0801C61
:102BB000FDF72EFEA87008E0801CFDF729FEE870E6
:102BC00003E0801CFDF724FE287100212879009085
:102BD0000846EB78AA7809F087F88BE706916846F3
:102BE000A9680CF007FD00285CD13EA168460CF0F6
:102BF000E9FC06004CD03F4806A9026807A80FF080
:102C0000E5FA002844D13648A9784030C388828844
:102C100039A00AF071F8DDE906104218304931F8A0
:102C2000443F1380069A498810444180FDF73FFBDA
:102C3000DDE906100022091DB0473AA168460CF0F4
:102C4000C1FC8047FDF735FB07980CF09DFF1FE0A6
:102C5000364806906846A9680CF0CCFC10BB34A13D
:102C600068460CF0AFFC050012D0FDF720FB334E98
:102C7000012206A93046A8470699024630A00AF06C
:102C80003BF831683BA006910AF036F8FDF711FBDE
:102C900068460CF095FC00210246084690476846BD
:102CA0000CF07AFC0AB0204670BD0000CC00002475
:102CB000C8000024246D002400000024010000242A
:102CC0004C4F473A2053442063617264206572720E
:102CD0006F72210D0A0D0A000600002434CD012474
:102CE000445D01246578706F72745F666C6173680F
:102CF0000000000018000024577269746520666C9B
:102D0000617368207265636F7264203D2025642CB6
:102D100020646174653D25642C2074696D653D25D2
:102D2000640D0A007265626F6F7400007856341289
:102D300077725F666C6173680000000000FC010838
:102D4000577269746520666C61736820616464728F
:102D5000203D20307830383031464330302C2064EC
:102D60006174613D25642C20726573756C743D251A
:102D7000640D0A005265616420666C6173682061AD
:102D8000646472203D203078303830314643303032
:102D90002C20646174613D25640D0A00002200F05E
:102DA00001B800000E4B30B50546DC7C0120032C39
:102DB00015D8D87C00241C54D87C03EB80004560D7
:102DC000DD7C03F110002A54D87C421CDA743030C8
:102DD00008703A2048702F2088700020CC7030BDD9
:102DE00034BF0624C268D1E9002342EA03220B89DA
:102DF000097B1B0443EA01610A43C260002070475B
:102E00008268D1E9002342EA03220B89097B1B0473
:102E100043EA01610A4382600020704730B50268CE
:102E2000094B1A40D1E901342343D1E903452C432E
:102E300023434C69896943EA442343EA41311143FE
:102E40000160002030BD00008901F0FF38B50A4D57
:102E500004464FF0AA306A46009004230021A87966
:102E6000604305F07BFEA879042300216A46604395
:102E7000401C05F073FE38BD98D301242DE9FC47B2
:102E8000254F00258946064600240DF1040810E070
:102E9000CDF800804A46798870438B08002105F000
:102EA000D5FC7888BDF80410B1EB900F04D1641CF8
:102EB000A4B2B879A042EBD8B879A04202D10020E0
:102EC000BDE8FC87304605F08DFA20B113A02946F5
:102ED00009F012FF16E0B9F1FF3F13D000200AE01D
:102EE0007A8806FB001093080022114605F00AFEBE
:102EF000BDF80400401CADF80400B879BDF804101A
:102F00008842EDD86D1CADB2032DBDD309A031466A
:102F100009F0F2FE0120D3E798D301246572726FA5
:102F20007220657261736520626C6F636B3A256411
:102F30000D0A000062616420626C6F636B2063683D
:102F400065636B65643A25640D0A000038B5114D60
:102F5000044600206A468DF8000001230021A8796C
:102F6000604305F0ABFC9DF80000FF2801D0022073
:102F700038BDA879012300216A466043401C05F052
:102F80009DFC9DF80000FF2801D0012038BD0020E5
:102F900038BD000098D301242DE9F84F91462F4AFF
:102FA0008A461D469179B0FBF1F3B0FBF1F801FBC5
:102FB000130B404600F0B8F8284907464889B84244
:102FC00002D20120BDE8F88F002428E05C4516D32A
:102FD000ADB14A88A2EB0A01A94201D28EB200E04B
:102FE000AEB24B4607FB004108FB0040524600963C
:102FF00005F066F8AD1B4FF0000AB14405E007FB91
:10300000004108FB004005F03DF930B13846FFF7BC
:103010001DFF012000F024F8CBE7641CA4B20F4987
:103020008879A042D2D80D46A879A04214D138465A
:1030300000F01AFA404605F0D5F96A89002069695E
:1030400008E031F81040444502D121F8107003E047
:10305000401C80B28242F4D80020B3E798D3012408
:10306000F8B52A4D002106464FF6FF7003E06A6965
:1030700022F81100491C6A898A42F8D80020A881E8
:1030800004461CE0A879042300216A46604305F049
:1030900015FC9DF80000FF280CD1B6B1A8790123DA
:1030A00000216A466043401C05F008FC9DF80000C2
:1030B000FF280AD016A0214609F01EFE641C69896B
:1030C000A142DFD86A69002016E09DF803109DF840
:1030D000020000EB01206989814202D9696921F867
:1030E0001040A889401CA881E8E732F810308B42D4
:1030F00001D3E88102E0401C8142F6D8E8896428C7
:1031000001D20220F8BD0020F8BD000098D30124B0
:1031100062616420626C6F636B20696E6465783AEB
:1031200025640D0A0000000070B5104E104C718926
:103130002268491E914200D2216000F001052068FA
:10314000294600F017F8411C0AD170892168401EF9
:10315000884207D92946206000F00CF8411C01D0B4
:10316000206070BD4FF0FF3070BD000098D3012487
:10317000A0010024F8B5401C0D4600210400009178
:1031800012D00C4F012626EA0400A8420AD1B879D1
:10319000611E04236A464843002105F08FFB009816
:1031A000401C04D0641EEED14FF0FF30F8BD601E0D
:1031B000F8BD000098D30124F8B5254E00273C4601
:1031C000B78113E02046FFF7C1FE70B9204605F035
:1031D00009F938B11FA0214609F08EFD2046FFF7FE
:1031E00035FE02E0B089401CB081641C7089A042A9
:1031F000E8D8B1891BA009F07FFDB089642801D20D
:103200000120F8BDC0EB40100097642100EB4000A6
:10321000B0FBF1F5002410E02046FFF797FE58B907
:10322000B07902236A461946604305F097FC00987E
:10323000401C0090A84203D0641C7089A042EBD8C7
:103240000120FFF70DFF0028DBD00220F8BD0000B1
:1032500098D3012442616420626C6F636B3A2564E9
:103260000D0A0000676F6F645F626C6F636B6E7551
:103270006D3A25640D0A000010B505F0DFF8C8B9F5
:10328000144C616911B100200FF03AFF60894100D0
:1032900000200FF041FF606161894900FDF728F9C6
:1032A000606938B10120FFF7DBFE28B10AA009F000
:1032B00023FD0DE0012010BD61890FA009F01CFD68
:1032C000A18913A009F018FDE18916A009F014FDE9
:1032D000002010BD98D30124437265617465204CB1
:1032E0005554207461626C65206661696C65642167
:1032F00021210D0A00000000746F74616C20626C63
:103300006F636B206E756D3A25640D0A0000000036
:10331000676F6F6420626C6F636B206E756D3A250A
:10332000640D0A0076616C696420626C6F636B20C7
:103330006E756D3A25640D0A000000000549CA89C2
:10334000824202D24FF6FF707047496931F810008F
:103350007047000098D301242DE9FF5F00269B46AB
:103360001546824679E03F4C6088B0FBF5F1A079C4
:10337000414301988319B3FBF1F0FFF7DFFF618947
:10338000814203D8012004B0BDE8F09F354C61882C
:10339000A479B1FBF5F26243B3FBF2F702FB1732FB
:1033A0006A43B2FBF1F300FB0437B2FBF1F001FB1F
:1033B0001028A1EB0800B0FBF5F084B2ABEB0600DF
:1033C000A04200D284B252461FFA88F1384604FB6C
:1033D00005F91FFA89F305F013F9032809D11FFA3B
:1033E00089F352461FFA88F1384605F009F9032897
:1033F00004D004282ED068B30220C4E71FFA88F155
:103400004B4652463846FFF7C7FDDFF858804FF06D
:10341000FF3198F80600B7FBF0F0FFF72FFD80B9F9
:1034200098F806000021B7FBF0F0FFF727FD814672
:1034300098F80600B7FBF0F004F0D4FFB9F1000FE4
:1034400008D098F80600B7FBF0F0FFF7FFFC01206A
:10345000FFF706FE05FB04AA26445E4583D3002041
:1034600091E7000098D3012408B5CC216A460123D6
:103470008DF80010034989794843194605F06EFB21
:1034800008BD000098D301242DE9FF4F0027154601
:1034900085B04FF0FF3B7BE0404C6088A179B0FBEA
:1034A000F5F048430699CB19B3FBF0F0FFF746FF60
:1034B00061898046414503D8012009B0BDE8F08FFD
:1034C000364A50889279B0FBF5F15143B3FBF1F4E1
:1034D00001FB143101FB05FABAFBF0F308FB0231E2
:1034E000BAFBF0F202910899C91B03918CB200FB60
:1034F00012A9A0EB090080B2B0FBF5F0ADF8040012
:10350000844200D304464FF0FF3201A8009004FB30
:1035100005F61FFA89F10298C6F38F0305F096F9B4
:1035200008B10220C9E7BDF80400B0EB960F0FD137
:10353000B3B2059A1FFA89F1029805F033FA38B947
:10354000C345414620D00846FFF78EFFC346D8B199
:103550001248817940884143A1EB0A000399B0FBEE
:10356000F5F08CB280B2ADF80400844200D304467A
:10357000059A1FFA89F1029804FB05F63346FFF716
:103580000BFD08B1032098E70598274430440590C7
:103590000898874280D300208FE7000098D3012449
:1035A00070B5084D002406460822314605EBC400DC
:1035B000FDF709F810F0FF0002D0641C022CF3DBC9
:1035C00070BD0000E80000242DE9F0472C4F814633
:1035D0000026154688463878012805D113460A4644
:1035E00028A0494609F088FBB9F1450F48461AD092
:1035F00009DC41280FD042280FD043280FD0B9F161
:10360000440F2BD10DE046280FD047280FD0B9F139
:10361000500F23D10DE0234C0EE0234C0CE0234C43
:103620000AE0234C08E0234C06E0234C04E0234C42
:1036300002E0302D10D08CB1012101FA08F188B2DE
:10364000302D804610D001220146204601F07DF841
:10365000387801280AD00FE008F002FE014618A0D1
:1036600009F04AFB012607E00022EDE71DA02B46EA
:103670004246494609F040FB3046BDE8F08700006D
:10368000C80000244C4F473A204750494F2563203B
:1036900050696E2025642073657420746F20256442
:1036A0000D0A0000000002580004025800080258E9
:1036B000000C02580010025800140258001802585A
:1036C0004552524F523A204572726F7220506F72BB
:1036D000742047726F7570204E616D652025630DF3
:1036E0000A0000004C4F473A204750494F256320BD
:1036F00050696E20307825782073657420746F20AF
:1037000025630D0A0000000070B50D4D0024012254
:1037100005A1286A0DF06AF800B90124286A0CF0A6
:1037200005FF204670BD0000303A2F64616D656969
:103730002F6175746F706C61792E7478740000005D
:103740002C00002403490A78824201D1481C7047AA
:1037500000207047445D0124002370B5002816DB6B
:103760000C4C65686D8A854211DD0B6006E0A66829
:103770000D6836F913605B1C35440D608342F6DB3F
:10378000A368096833F91000012308441060184643
:1037900070BD000008010024052290FBF2F21F29F1
:1037A00001D8002007E02039C81701EB9070801085
:1037B000292800D3272002EB820100EBC100034936
:1037C0004968498A814200DC481E7047080100248C
:1037D000034900204978C90700D001207047000044
:1037E000246D0024034A0100B2F9000001D0002139
:1037F000118070473C01002403460229D05C03D1AC
:10380000D118497801EB00207047042101EBC00179
:10381000C81701EBD0504012C90500D0401C7047BA
:103820000146C01701EBD0504012C90500D0401C22
:103830007047000040F2351110FB01F0024901EB26
:10384000C000407D70470000246D00242DE9F04742
:10385000044640790027154601280E4609D04FF04E
:10386000010884F80580022020713068042803D004
:103870003BE00220BDE8F0874FF003091DBB00F0DC
:1038800069FFDFF8D0A0074604E000F063FFC01B2B
:10389000012810D82068406B10EA0A0FF5D10120EA
:1038A00000F016F92168B069086416E000F052FFD4
:1038B000C01B012807D9206940F00800206184F866
:1038C00004900320D6E72068406B0028EEDB01203F
:1038D00000F0FEF82168B0694864F0692168A840EA
:1038E0008864306A2168A840C8643069012808D11A
:1038F0002068826B1F21A9408A437169A940114346
:1039000081632068C26B0721B368A9408A4331688C
:103910001943F3681943A9401143C1632068016842
:103920004FF48042AA40914301602068016840F64C
:10393000FE72AA4091437268AA400A43026020685E
:103940000168C022AA409143016084F804800020ED
:1039500060718FE70080002070B5040003D02079EB
:10396000002510B105E0012070BD2046657100F012
:1039700007F802202071256101202071002070BD10
:10398000104800B587B0016841F00051016000683F
:1039900000F0005005900B480838016841F0010123
:1039A00001600068694600F0010005903020009039
:1039B0000320019000200290034800F0C9FD07B0E9
:1039C00000BD0000E84402580000025818B5046821
:1039D00000940068104421B114300090036000206E
:1039E00018BD0830F9E730B54279012A12D0012319
:1039F0004371022202710268146803FA01F52C4334
:103A00001460002901680A6806D0C2F34442012A02
:103A10000AD00DE0022030BDC2F34402012A07D1D2
:103A20004A6842F0010202E04A6842F002024A603B
:103A3000037100214171084630BD000010B528B166
:103A400090F83510022903D080214165012010BD76
:103A50001D4A4FF4956301688C189C4207D80422D4
:103A600080F83520086820F00100086029E00C6823
:103A700024F00E040C6001680A440A6822F0010276
:103A80000A60016E0A6822F480720A6090F85C3065
:103A9000012202FA03F10D4B1960D0E919134B60B2
:103AA000C16E31B10B6823F480730B60D0E91C1335
:103AB0004B60002180F8341080F83520016D01B191
:103AC0008847002010BD0000F0FFFDBF04540258DD
:103AD00070B5044600F03EFE0546601C02D0044866
:103AE0000078044400F036FE401BA042FAD370BDBB
:103AF0009401002470B5026E00F12C03456E53F85A
:103B0000221025B1DC6B04B16D1C002423E00120E0
:103B100070BD0E690E604FF08076CE604E692EB19A
:103B20004E698E60CE6846F00076CE60CE6846F074
:103B30000046CE601E6C1EB1CE6846F08046CE6058
:103B40009E6B761EA64205D9521C0C2A00D30C3A55
:103B500053F82210641CAC42DBD3006800F580509F
:103B6000C0F828110020986370BD10B500EB8104E7
:103B7000E46A0AB10C2903D301214167084610BD4C
:103B800022602261E06840F08070E0604BB1A36089
:103B900040F000706361E06040F00040E0600020B1
:103BA00010BDE068F8E700297DD00268126802F0D5
:103BB0000C02CA6202681268C2F3001281F828205F
:103BC0000268126802F060024A620268126842F3F8
:103BD0000022521C81F8202002681268C2F34022A1
:103BE000CA770268126842F38022521C8A77026800
:103BF0001268C2F3C0224A7702681268C2F3003228
:103C00000A770268126802F400528A610268126838
:103C100002F480424A6102681268C2F300428A7468
:103C20000268126842F34042521C4A7402681268E9
:103C300042F3C042521C0A7402681268C2F3005276
:103C4000CA7302681268C2F340528A73026812682B
:103C5000C2F380524A7302681268C2F3C0520A73F8
:103C60000268126802F0E0628A6002681268C2F3B9
:103C7000C0620A710268126802F0E0420A600268DB
:103C80005268C2F30D024A630268526842F300426E
:103C9000521C81F8322002685268C2F3404281F817
:103CA0003120026800E062E05268C2F3804281F88D
:103CB000302002685268C2F3006281F8382002683E
:103CC0005268C2F34462CA630268D268C2F3002237
:103CD00081F840200268D26802F00F024A6402684C
:103CE000126FC2F3400281F854200268126F42F34F
:103CF000C012521C81F84C200268126F02F0700250
:103D00000A650268126F120C8A640268D2F8902069
:103D100002F0010281F856200268D2F89020C2F326
:103D2000400281F855200268D2F8002D02F072029C
:103D30008A650268D2F8302D02F02302CA65026853
:103D4000D2F8302DC2F3C00281F862200268D2F8A6
:103D5000302DC2F3001281F861200068D0F8300DD8
:103D600040F38010401C81F8600000207047012063
:103D700070472DE9F043066E00F12C080746406EAF
:103D80000C464FF0000958F8265018B9384600F094
:103D900063F9E8B3002017E0696939B3C4B329694E
:103DA000216079696160A46894B369692160796967
:103DB0006160E968761C0C2EC1F30E0900D30C3E3D
:103DC000A468401C58F82650D8F83810491E814283
:103DD000E2D8ECB1E868C0F30E01A1EB0900796903
:103DE000814205D32969C4E900100EE02969DDE7A5
:103DF000696969B12969216079696160A16839B12E
:103E00006A690A607A69801A48600020BDE8F08318
:103E1000FFE70120FAE770B500F12C040D46D4E964
:103E20000D6111B900F018F968B1A06B761E30442D
:103E30000C2800D30C3854F82000C068C0F30E00E2
:103E40002860002070BD012070BD0000F8B504009E
:103E500003D094F8710010B104E00120F8BD2046B1
:103E600000F05EF9232084F871007148016841F088
:103E700002010160006800F002000090207A08B1A1
:103E80004FF4000002F056FF206800F580500168F2
:103E900041F00101016000F05DFCE02605464FF4B1
:103EA000FA7706E000F056FC401BB84201D9042026
:103EB00049E0206800F580500068C007F2D1206812
:103EC000D0F8000220F4706501F04AFC59495A4AC2
:103ED0000144914202D245F4007516E05749584A10
:103EE0000144914202D245F440750EE05549564ACC
:103EF0000144914209D3554908445549884202D2A8
:103F000045F4807501E045F480652068C0F80052F2
:103F100001F026FC4F49B0FBF1F02168401EC1F8CA
:103F2000DC002046FEF794FA206800F58050D0F8B7
:103F3000001121F4E01141F40021C0F80011616981
:103F4000880704D00120606784F8716085E72068E5
:103F500000F58050D0F8082147F6FE739A4342EAF4
:103F60004101C0F8081100210A46E06801EB410355
:103F700000EBC30004EB8103491C0260042942608A
:103F80008260C2609861F0D3A2620321206800F5CC
:103F90008050C0F82C112068E16800F58050C0F80E
:103FA00014112068E16800F58050C0F8201100214C
:103FB000206901EB410300EBC30004EB8103491CC2
:103FC00002600C2942608260C26002614261D86274
:103FD000EED3E2650B2122666266E266A266206885
:103FE00000F58050C0F830112068216900F580503C
:103FF000C0F81C112168206901F5805100F584701A
:10400000C1F82801606821688088C1F800036068F1
:104010000178D0F8010041EA00202168C1F80403CA
:104020006267102084F8710084F872000020F8BDE7
:10403000F444025800D3CEFEC0E1E40040F1E9FDB3
:1040400040787D0100796CFC005A6202001F0AFA78
:1040500080F0FA0240420F00F0B5C16D2C3000250F
:104060002C462B46866B50F8212036B30020F0BD3D
:104070006D1CD60019D5641C012C00D10B46491CBF
:104080000C2900D30C3950F82120D268002A07DB14
:10409000520005D50122C263491C0C2900D30C39FA
:1040A000303080E81A000120F0BD920013D50124C1
:1040B0000B46491C11E050F82120D268002A01DB90
:1040C0000C2DD5D34CB350F8232000214FF080762F
:1040D0004FF040771FE0491C641C0C29EBD30C39CE
:1040E000E9E715691560D66055690DB19560D7602F
:1040F000D56845F00045D560D0F840C0BCF1000F50
:1041000002D045F08045D5605B1C0C2B00D30C3BE6
:10411000491C50F82320A142E3D300218163A5E785
:104120002C4800B587B0016841F0010101600168C9
:1041300001F001010591016841F00401016001688D
:1041400001F004010591016841F04001016000683F
:1041500000F0400005901F480838016841F4004114
:104160000160016801F400410591016841F480316A
:104170000160016801F480310591016841F400316A
:1041800001600068002100F4003005908620009056
:104190000220CDE9010103900B20049069460E48EE
:1041A00000F0D6F9322000900C48694600F0D0F9B2
:1041B0004FF4605000900A48694600F0C9F90022A7
:1041C00002213D2000F02AFC3D2000F019FC07B040
:1041D00000BD0000E04402580000025800080258E8
:1041E000000402582DE9F041044600681F46D0F84B
:1041F0000032DB0718D1D0F8003223F0787343EA9D
:10420000415121F4F81141EA024141F00D01C0F899
:10421000001200F09FFA4FF47A76054607E000F0AE
:1042200099FA401BB04202D90120BDE8F081206814
:10423000D0F80002C007F2D12068D0F8040280B2A2
:1042400038600020F1E710B519B190F87220102AFB
:1042500001D0012010BDFEF71BFB002010BD0000A7
:1042600070B505460068D0F8000220F4706401F0D3
:1042700077FA1149114A0144914202D244F4007480
:1042800016E00F490F4A0144914202D244F44074AF
:104290000EE00D490D4A0144914209D30C490844EE
:1042A0000C49884202D244F4807401E044F48064F2
:1042B0002868C0F8004270BD00D3CEFEC0E1E40023
:1042C00040F1E9FD40787D0100796CFC005A620202
:1042D000001F0AFA80F0FA0210B590F87130002140
:1042E000C26A102B01D0012010BD232380F8713049
:1042F0000023D468491C0C2944F08044D46000D3C6
:104300000C395B1C00EB81020C2BD26AF1D301212A
:10431000C16601680A6842F002020A6001680A6820
:1043200042F001020A600168D1F8002D42F001025A
:10433000C1F8002D016801F58051D1F8042142F047
:104340000102C1F80421016801F58051D1F808216A
:1043500042F00102C1F80821016801F58051D1F84D
:10436000602142F48172C1F86021102180F871103F
:10437000222180F87210006800F58050D0F83411C6
:104380004DF241021143C0F83411002010BD10B5A8
:1043900090F87110C26AE9B3232180F871100168A6
:1043A00001F58051D1F8343148F24104A343C1F8FA
:1043B0003431016801F58051D1F8043123F0010353
:1043C000C1F80431016801F58051D1F8083123F0BA
:1043D0000103C1F8083101680B6823F001030B6089
:1043E0000168D1F8003D43F00103C1F8003D0168C8
:1043F0000B6823F002030B600021D368491C0C29D1
:1044000023F08043D360F8D30021C166102180F8E7
:10441000711000E003E080F87210002010BD012050
:1044200010BD2DE9F0411546044621B194F8710004
:10443000102804D04FE0606F40F0010007E0002238
:104440002046FEF771F820B1606F40F0020060670F
:1044500041E0A06A04EB8001401C04288E69A06240
:1044600001D3001FA06204EB80008169206800F581
:104470008050C0F8201100F06DF907464FF0100889
:104480001AE0206800F58050D0F86001C0040BD518
:10449000606F40F008006067206800F58050D0F839
:1044A0006001A067E02014E0681C05D000F052F91C
:1044B000C01BA84208D83DB1F0680028E1DB84F8B1
:1044C00071800020BDE8F081606F40F004006067FB
:1044D000404684F871000120F4E7000070B50546FD
:1044E0000068D0F80042E4071FD1D0F8000220F0A5
:1044F000787040EA4150114920F4F81040EA024037
:1045000020F00C00001D9AB2C1F8042240F0010016
:10451000C1F8000200F01EF94FF47A76044606E076
:1045200000F018F9001BB04201D9012070BD2868C5
:10453000D0F80002C007F3D170BD00000080024037
:104540000248016841F001010160704720040058F1
:104550002DE9F84F6C4C00224FF0B04A4FF0010BA0
:104560004FF0030E4FF00F090B680BFA02F73B40B8
:10457000BB4270D14D68022D01D0122D12D1D50849
:1045800000EB850CDCF820605507ED0E09FA05F804
:1045900026EA0806D1F8108008FA05F848EA060865
:1045A000CCF82080D0F80080560091F804C00EFAB4
:1045B00006F50CF0030C28EA05080CFA06FC4CEA98
:1045C000080CC0F800C0D1F804C0BCF1010F08D03D
:1045D000BCF1020F05D0BCF1110F02D0BCF1120FDB
:1045E00016D1D0F808C0D1F80C802CEA050C08FAD6
:1045F00006F848EA0C08C0F80880D0F804C02CEA95
:10460000070C0F79C7F30017974047EA0C0747607C
:10461000C768AF438D68B5403D43C5604D68ED0048
:104620006BD53A4D2E6846F002062E602D6822F0BA
:10463000030606F1B04605F002050095D6F808C459
:1046400095072F0F09FA07F52CEA050C304DA84203
:1046500002D100252EE050E02E4DA84201D10125C7
:1046600028E02D4DA84201D1022523E02B4DA84280
:1046700001D103251EE02A4DA84201D1042519E0ED
:10468000284DA84201D1052514E0274DA84201D1AB
:1046900006250FE0254DA84201D107250AE0244D4B
:1046A000A84201D1082505E0224DA84201D10925E3
:1046B00000E00A25BD4045EA0C05C6F80854256807
:1046C0004E689D43F60300D51D43256065684E681E
:1046D0009D43B60300D51D436560DAF80050564689
:1046E0004F689D43FF0200D51D43356075684F68D4
:1046F0009D43BF0200D51D437560521C102AFFF474
:1047000033AFBDE8F88F000080000058F444025831
:10471000000002580004025800080258000C025819
:10472000001002580014025800180258001C0258C9
:1047300000200258002402580069084000D00120DF
:10474000704742694A40426170470AB1018370472D
:10475000418370470148806870470000940100243D
:1047600002488168027811448160704794010024F6
:10477000032010B500F072F90F2000F007F808B11F
:10478000012010BD00F06CF8002010BD70B50D4D7B
:1047900004464FF47A712878B1FBF0F00A490968B1
:1047A000B1FBF0F002F0DCFA48B9102C07D200227D
:1047B0002146501E00F032F900206C6070BD0120CF
:1047C00070BD00009401002424000024134A4178A5
:1047D0001160111D03780A1DE3B143680B60017B72
:1047E000C37A090741EA0361837A41EAC341437B03
:1047F00041EA8341837B41EA4341C37B41EA034170
:10480000437A41EA0321037A007841EA43010143F4
:1048100011607047002008601060704798ED00E05C
:10482000BFF35F8F0448016821F4803101600249C1
:10483000002070310860704724ED00E0074940F027
:104840000100086005487038016841F4803101605A
:10485000BFF34F8FBFF36F8F7047000094ED00E000
:104860007047000070B5040015460E4603D094F85A
:10487000210010B107E0012070BD002084F8200065
:10488000204600F01FF82068211DFEF7C7FAD4E982
:1048900000023146FEF7B4FAD4E900022946FEF7D9
:1048A000A1FA2068016841F0040101600448016830
:1048B00041F000410160012084F82100002070BD1A
:1048C000004000522848F0B5016887B041F480519B
:1048D0000160006800F48050059023480C300168A6
:1048E00041F008010160016801F0080105910168CB
:1048F00041F010010160016801F0100105910168AB
:1049000041F0040101600068002402AA174F00F082
:104910000400059040206946CDE9000401200325EC
:10492000092682E861003846FFF712FE01AA6946AF
:104930004FF480700090022082E871003846FFF743
:1049400007FE0C2004904DF633000090084869469D
:104950000294FFF7FDFD4FF4F060009005486946B2
:10496000FFF7F6FD07B0F0BDD44402580008025826
:10497000000C0258001002587CB5002300930193EC
:1049800090F82020012A28D0012580F8205090F8A6
:104990002120022A21D0EA07022480F82140164C67
:1049A00090262670BFF34F8F144C2370BFF34F8FA8
:1049B000C468A4B114680094126901920C70009A42
:1049C000120C4A70019A8A70019A120CCA7080F80F
:1049D000215080F8203000207CBD02207CBD126870
:1049E00000920A70009A120A4A70009A120C8A7099
:1049F000009A120EEAE70000000001800000028029
:104A0000002809DB012100F01F02914040098000CD
:104A100000F1E020C0F80011704700000E4BF0B428
:104A20001B68C3F30223C3F10704042C00D9042438
:104A30001D1D072D01D2002300E0DB1E012606FA12
:104A400004F56D1E0D409D409E40761E164045EAC1
:104A50000601F0BC08F084B90CED00E0064A00F055
:104A6000070110684FF6FF03184040EA0120034990
:104A700008431060704700000CED00E00000FA05EC
:104A800010B500F0B3FE084909684FF4807292FA3D
:104A9000A2F201F47061B2FA82F2D140034A515C91
:104AA000C8400349086010BD18440258F467010863
:104AB0002400002410B500F053FE074909681022B5
:104AC00092FAA2F201F07001B2FA82F2D140034AE6
:104AD000515CC84010BD000020440258F467010832
:104AE000364930B50A68096812F00302344BC1F345
:104AF00005311B68334C03F010032468DFED320AE4
:104B0000B7EE001AC4F3CC0414FB03F300EE103A22
:104B10002E4BB8EE400A07D02D4C012A01D0022AB4
:104B20004AD0B4FBF1F10BE0244C283C22689506F6
:104B3000284A03D52468C4F3C104E240B2FBF1F172
:104B400001EE901A1968B8EE612AC1F3080101EE6E
:104B5000901A1968F8EE611A40EE201A31EE810AB7
:104B600022EE000AC1F34621491C00EE901AF8EE2D
:104B7000600A80EE201AFCEEC10AC0ED000A196836
:104B8000C1F30641491C00EE901AF8EE600A80EE6F
:104B9000201AFCEEC10AC0ED010A1968C1F30661D2
:104BA000491C00EE901AF8EE600A80EE201ABCEE66
:104BB000C10A80ED020A30BD074ABFE72844025807
:104BC0002C4402583C440258000000393844025832
:104BD00000093D000090D00340787D01364930B592
:104BE0000A68096812F00302344BC1F305511B68CF
:104BF000334C03F480732468DFED320AB7EE001AF9
:104C0000C4F3CC0414FB03F300EE103A2E4BB8EEC1
:104C1000400A07D02D4C012A01D0022A4AD0B4FB09
:104C2000F1F10BE0244C283C22689506284A03D574
:104C30002468C4F3C104E240B2FBF1F101EE901A22
:104C40001968B8EE612AC1F3080101EE901A1968DB
:104C5000F8EE611A40EE201A31EE810A22EE000AC7
:104C6000C1F34621491C00EE901AF8EE600A80EE6E
:104C7000201AFCEEC10AC0ED000A1968C1F3064112
:104C8000491C00EE901AF8EE600A80EE201AFCEE45
:104C9000C10AC0ED010A1968C1F30661491C00EEA2
:104CA000901AF8EE600A80EE201ABCEEC10A80ED80
:104CB000020A30BD074ABFE7284402582C44025874
:104CC00044440258000000394044025800093D00A5
:104CD0000090D00340787D012DE9F84F044600682C
:104CE00000252E46010104F12400FE4FDFF8F88371
:104CF00000901DD5606E50B1B0F5801F0CD0B0F59E
:104D0000001F0ED0B0F5401F1DD001250FE0386800
:104D100040F40030386016E00221201D05F0AEFCA2
:104D200003E00098022105F021FD05000BD02E467E
:104D30002088C00523D5606D05281ED2DFE800F06D
:104D40000C11161B1B00D8F80010626E21F44011E4
:104D50001143C8F80010EBE7386840F400303860C1
:104D600009E00021201D05F089FC03E000980021E6
:104D700005F0FCFC05466DB100E001252E432088BE
:104D8000800528D5A06D80281ED00CDC90B140286D
:104D90000ED114E0D8F80010626D21F00701114324
:104DA000C8F80010EBE7C02813D0B0F5807F10D012
:104DB00001250FE0386840F40030386009E0002138
:104DC000201D05F05BFC03E00098002105F0CEFCFF
:104DD000054685B12E432088DFF8109340052CD579
:104DE000D4F8A400B0F5800F20D00DDCA0B1B0F550
:104DF000001F0FD115E0D8F80010A26D21F4E0716A
:104E00001143C8F80010E6E7B0F5C00F13D0B0F5B5
:104E1000000F10D001250FE0386840F400303860F2
:104E200009E00021201D05F029FC03E00098002185
:104E300005F09CFC054675B12E43208800052DD554
:104E4000D4F8A800B0F1007F21D00EDCA8B1B0F1F9
:104E5000807F10D116E0D9F80010D4F8A42021F4F6
:104E600060011143C9F80010E7E7B0F1407F13D0AB
:104E7000B0F1806F10D001250FE0386840F40030A9
:104E8000386009E00021201D05F0F8FB03E00098E0
:104E9000002105F06BFC05466DB12E4320688001B2
:104EA0001FD5A06CD8B110280FD0202812D03028E0
:104EB00015D0012514E0D9F80010D4F8A82021F06D
:104EC000E0611143C9F80010E8E7386840F40030A9
:104ED000386004E00221201D05F0D0FB05466DB1CD
:104EE0002E432088C0042BD5E06DB0F5005F20D0A4
:104EF0000DDCA0B1B0F5805F0FD115E07A48001F3E
:104F00000168A26C21F0300111430160E9E7B0F5BE
:104F1000405F13D0B0F5804F10D001250FE0386806
:104F200040F40030386009E00021201D05F0A6FBA8
:104F300003E00098002105F019FC054685B12E43D9
:104F40002088800429D5206EB0F5403F23D010DCA6
:104F500008B3B0F5803F14D0B0F5003F0FD115E095
:104F6000D8F80010E26D21F4E0411143C8F80010B8
:104F7000E6E7B0F5802F0ED0B0F5A02F0BD00125BD
:104F80000AE00121201D05F079FB03E000980121D2
:104F900005F0ECFB05468DB12E43208840042AD550
:104FA000D4F8AC00B0F1405F23D010DC08B3B0F10E
:104FB000805F14D0B0F1005F0FD115E0D8F8001079
:104FC000226E21F4E0211143C8F80010E5E7B0F1AA
:104FD000804F0ED0B0F1A04F0BD001250AE0012187
:104FE000201D05F04BFB03E00098012105F0BEFBFE
:104FF00005466DB12E43208800041FD5E06ED8B160
:10500000B0F1805F0ED0B0F1005F10D0012514E048
:10501000D9F80010D4F8AC2021F0E0411143C9F8D0
:105020000010E8E7386840F40030386004E00121FF
:10503000201D05F023FB05466DB12E432068C001FD
:105040001ED5606CD0B101280ED0022811D00328E3
:1050500014D0012513E0D8F80010E26E21F0405181
:105060001143C8F80010E9E7386840F400303860B0
:1050700004E00221201D05F001FB054675B12E4319
:105080002068DFF86CB040025AD51A48016841F434
:1050900080710160FFF75EFB82460EE01248001F40
:1050A0000168626C21F0030111430160E8E7FFF73A
:1050B00051FBA0EB0A0064283AD80E480068C005EE
:1050C000F5D5B5BB094818300068B4F8B01000F445
:1050D000407001F44071884219D0044818300168CA
:1050E0000AE000002C440258504402585844025828
:1050F0001044025800480258026821F4407142F4FA
:1051000080320260026822F4803202600160D4F8CA
:10511000B000B0F5807F22D1FFF71CFB824609E08A
:10512000FFF718FBA0EB0A0141F28830814201D958
:10513000032504E0FE4800688007F1D57DB12E43C9
:105140002078DFF8F0A3C0073CD0A06F182837D034
:1051500025DC78B3082828D0102824D12BE0D4F8F7
:10516000B000C0F3012103290ED0DBF8001021F4B8
:105170007C51CBF80010EE480168B4F8B020C2F3BF
:105180000B0211430160DBE7DBF80020EA4B22F45D
:105190007C5203EA10100243CBF80020EBE72028F2
:1051A0000ED028280CD001250BE00121201D05F090
:1051B00065FA04E004E00098012105F0D7FA0546FD
:1051C0005DB12E43207880071ED5606F062819D266
:1051D000DFE800F0160C11161616DAF80010A26FB0
:1051E00021F038011143CAF80010EBE70121201D1E
:1051F00005F044FA03E00098012105F0B7FA0546EE
:1052000075B100E001252E43207840071FD5D4F862
:105210009000062819D2DFE800F0160C11161616B9
:10522000DAF80010626F21F007011143CAF800108C
:10523000EAE70121201D05F021FA03E00098012191
:1052400005F094FA05469DB100E001252E43207833
:1052500080062BD5D4F88C00B0F1405F24D011DC4F
:1052600010B3B0F1805F15D0B0F1005F10D116E03F
:10527000D9F80010D4F8902021F007011143C9F8A3
:105280000010E4E7B0F1804F0ED0B0F1A04F0BD08A
:1052900001250AE00021201D05F0F0F903E0009847
:1052A000022105F063FA05468DB12E4320784006B1
:1052B0002BD5D4F89800B0F5406F24D011DC10B392
:1052C000B0F5806F15D0B0F5006F10D116E0DAF8A8
:1052D0000010D4F88C2021F0E0411143CAF80010EE
:1052E000E4E7B0F5805F0ED0B0F5A05F0BD00125EC
:1052F0000AE00021201D05F0C1F903E00098022119
:1053000005F034FA05468DB12E43207800062BD5E2
:10531000D4F89C00B0F5C04F24D011DC10B3B0F528
:10532000005F15D0B0F5804F10D116E0D9F800100D
:10533000D4F8982021F4E0511143C9F80010E4E7B3
:10534000B0F5004F0ED0B0F5204F0BD001250AE08C
:105350000021201D05F092F903E00098022105F0DC
:1053600005FA054665B32E43207800070BD5D4F81F
:105370008000B0F5805F2DD0DAF8002022F4405292
:105380000243CAF800202078C0060BD5D4F8940058
:10539000B0F5807F24D0D9F8002022F44072024377
:1053A000C9F80020206800032CD5D4F8A000E8B18B
:1053B000B0F5803F1FD0B0F5003F21D0012520E09F
:1053C000D9F80010D4F89C2021F460411143C9F8A9
:1053D0000010C9E70098022105F0C8F90643D2E79A
:1053E0000098022105F0C2F90643DBE70021201DE9
:1053F00005F044F903E00098022105F0B7F90546ED
:1054000085B12E432068400322D5D4F88400B0F53E
:10541000801F11D0B0F5001F13D0B0F5401F15D07C
:10542000012514E0D9F80010D4F8A02021F440316F
:105430001143C9F80010E5E7386840F400303860DF
:1054400004E00098012105F091F9054655B12E437D
:105450002068C0031CD5E06C70B1B0F5803F10D05F
:10546000012514E0DAF80010D4F8842021F440116A
:105470001143CAF80010EBE7386840F40030386098
:1054800004E00221201D05F0F9F80546C5B12E43C0
:105490002068800004D50098022105F067F90643D2
:1054A000206880031BD5E06FB8B1B0F5807F10D0C5
:1054B000B0F5007F11D0B0F5407F0ED001250DE092
:1054C0001C4808380168E26C21F480311143016006
:1054D000DEE7386840F40030386045B32E4320687A
:1054E000C00207D5D8F80000226F20F0004010431A
:1054F000C8F800002068C00008D5DBF80010D4F818
:10550000B42021F480411143CBF8001020688002C0
:1055100007D5D8F80010A26E21F080711143C8F8A9
:1055200000102068400014D5DBF8001006E01EE0F3
:105530007044025854440258CFFFFF0021F4004148
:10554000CBF80010DBF80010D4F8B8201143CBF8EA
:1055500000102068002806DA0A480168226D21F050
:105560004051114301605EB10120BDE8F88FDAF8C7
:105570000010E26F21F440711143CAF80010AEE749
:105580000020F2E74C4402582DE9F047DFF8BC91C7
:1055900004460E46D9F8000000F00700B0420CD2D5
:1055A000D9F8001021F007013143C9F80010D9F8EB
:1055B000000000F00700B0427ED12078DFF8908133
:1055C000800707D5D8F80010E26821F00F011143D9
:1055D000C8F800102078C00762D0D8F80010A26880
:1055E00021F470611143C8F80010594960681839F6
:1055F00002281CD003281DD0096801281DD04907A6
:10560000002960DA524F083F396821F00701014351
:105610003960FFF79FF80546606841F2883102283B
:1056200013D003281ED001288A4627D034E0096809
:105630008903E5E709688901E2E7C905E0E7FFF7C3
:1056400089F8411B514501D923E08A463868C0F3E7
:10565000C2000228F3D123E0FFF77CF8411B51453B
:1056600001D916E08A463868C0F3C2000328F3D196
:1056700016E0FFF76FF8411B51450AD83868C0F3B0
:10568000C2000128F5D10BE0FFF764F8411B51453A
:1056900002D90320BDE8F087386810F0380FF3D145
:1056A000D9F80010484601F00701B1420DD9016850
:1056B00021F00701314300E005E00160006800F0DF
:1056C0000700B04201D00120E4E72078400707D569
:1056D000D8F80010226921F070011143C8F80010B9
:1056E000207801071B4805D50168626921F0700127
:1056F000114301602178C90605D50168A26921F42A
:10570000E061114301602078800607D51149091D29
:105710000868E26920F070001043086000F066F845
:10572000D8F800104FF4807292FAA2F201F470617E
:10573000B2FA82F2D140084A515CC8400749086079
:105740000F20FFF723F80020A4E7000000200052FC
:10575000184402581C440258F4670108240000242D
:1057600010B5FFF78DF908490968012292FAA2F2F3
:1057700001F00F01B2FA82F2D140044A515CC840F4
:105780000349086010BD000018440258F46701087E
:105790002800002410B5FFF7E3FF0749096810222D
:1057A00092FAA2F201F07001B2FA82F2D140034AF9
:1057B000515CC84010BD00001C440258F467010849
:1057C00010B5FFF7CDFF074909684FF4807292FAD0
:1057D000A2F201F4E061B2FA82F2D140024A515CD5
:1057E000C84010BD1C440258F46701083548F0B5A4
:1057F0000068364D10F03801334809D004110829EB
:1058000004D0334E10290BD018290BD02046F0BD00
:1058100029688906FBD52968C1F3C101C840F0BDDC
:105820003046F0BD274918310A68096812F00302B2
:10583000284BC1F305111B68274F03F001033F6894
:10584000DFED260AB7EE001AC7F3CC0717FB03F308
:1058500000EE103A224BB8EE400A06D0012A01D0E1
:10586000022A2BD0B4FBF1F008E02A68920603D597
:105870002A68C2F3C102D040B0FBF1F001EE900AF9
:105880001868B8EE612AC0F3080001EE900A1868A3
:10589000F8EE611A40EE201A31EE810A22EE000A7B
:1058A000C0F34620401C00EE900AF8EE600A80EE3D
:1058B000201ABCEEC10A10EE100AF0BDB6FBF1F0E2
:1058C000DCE70000104402580090D0030044025866
:1058D00040787D012C4402583444025800000039BD
:1058E000304402582DE9F05F04460078DFF8FC836D
:1058F00041F28839DFF8F8A3FE4DC0074ED0D8F842
:1059000000104046C1F3C20102291AD00068C0F35A
:10591000C200032805D1DAF8000000F003000228D5
:105920000FD06068B0F5803F12D010B1B0F5A02F55
:1059300019D0286820F480302860286820F480205E
:1059400009E02868800329D56068002874D025E024
:10595000286840F480302860606890B1FEF7FAFE55
:1059600006464F4609E0286840F480202860EFE7AB
:10597000FEF7F0FE801BB8427DD828688003F7D57B
:105980000CE0FEF7E7FE06464F4604E0FEF7E2FEB7
:10599000801BB842F0D828688003F7D42078D64F0F
:1059A00080075AD5D8F8001040464FF47C3B11F0E0
:1059B000380F13D00068C0F3C200032803D1DAF80F
:1059C000000080070AD0E068A8B3296821F0190117
:1059D00001432960FEF7BEFE06461DE02868400729
:1059E00002D5E0680028B1D02868E16820F01900ED
:1059F00008432860FEF7AEFE064604E0FEF7AAFE66
:105A0000801B0228B8D828684007F7D507E0FEF7C2
:105A1000A1FE801B0228AFD828684007F7D5386858
:105A20009BFAABF220F47C312069B2FA82F290400A
:105A30000143396011E000E0AEE0286820F0010089
:105A40002860FEF787FE064604E0FEF783FE801B13
:105A5000022891D828684007F7D42078C00655D589
:105A6000D8F8001040464FF0F84BC1F3C2010129AD
:105A700017D0006800E0EDE0C0F3C200032805D1B4
:105A8000DAF8000000F0030001280AD0E0690028DD
:105A900028682CD040F080002860FEF75BFE0646A8
:105AA00016E02868C00502D5E069802874D13868FE
:105AB0009BFAABF220F0F841206AB2FA82F29040F1
:105AC0000143396022E0FEF745FE801B022899D889
:105AD0002868C005F7D538689BFAABF2216AB2FA9C
:105AE00082F220F0F8409140084338600EE020F048
:105AF00080002860FEF72EFE064604E0FEF72AFE30
:105B0000801B022887D82868C005F7D420780007B2
:105B100024D5774F60694C37002838680FD040F0A3
:105B200001003860FEF716FE064604E0FEF712FE9E
:105B3000801B02288DD838688007F7D50EE020F04A
:105B400001003860FEF706FE064604E0FEF702FE9E
:105B5000801B02287ED838688007F7D4207880061A
:105B600023D5A069002828680FD040F48050286011
:105B7000FEF7F0FD064604E0FEF7ECFD801B022870
:105B800068D828688004F7D50FE020F4805028609A
:105B9000FEF7E0FD064605E0D6E0FEF7DBFD801BE4
:105BA000022857D828688004F7D42078400744D5C5
:105BB000524F386840F480703860FEF7CBFD0646DF
:105BC00004E0FEF7C7FD801B642843D83868C00591
:105BD000F7D5474FA068483701280AD008B10528F3
:105BE00011D0386820F001003860386820F00400D7
:105BF00002E0386840F001003860A06888B1FEF724
:105C0000A9FD064609E0386840F004003860F0E776
:105C1000FEF7A0FD811B49451CD838688007F7D5E1
:105C20000BE0FEF797FD064604E0FEF793FD811BAF
:105C300049450FD838688007F7D4606AF0B3D8F8C0
:105C40000010C1F3C20103297ED00228286820F089
:105C5000807000E079E0286003D0FEF77BFD044609
:105C600087E0FEF777FD064604E0FEF773FD801B34
:105C700002287BD828688001F7D4DAF8001040F2B7
:105C8000F3329143E26A41EA0211A26A1143CAF86F
:105C9000001094F834004FF4FE02218E4002491E99
:105CA000A0F5007080B2C1F308010843218F491E9E
:105CB00002EA0141084394F83C1000E05CE0491E10
:105CC000120202EA016108430949083108600B1D0C
:105CD00019684FF6F872A06C914392FAA2F2B2FAE8
:105CE00082F2904001431960014809E010440258D3
:105CF00028440258004402580444025800480258FC
:105D0000001D0168226C21F00C0111430160016843
:105D1000626C21F0020111430160016841F480319D
:105D20000160016841F400310160016841F48021A3
:105D30000160016841F001010160286840F0807055
:105D40002860FEF707FD01E018E00FE0044604E0DC
:105D5000FEF700FD001B022808D828688001F7D54F
:105D60000AE0FEF7F7FC001B022802D90320BDE879
:105D7000F09F28688001F4D40020F8E70120F6E7BE
:105D80002DE9FC4104460D46032084F83000A06B49
:105D900003285BD0B5F5004F58D00026B5F5804FED
:105DA0004FF400674FF0806804D005B3606B40F09B
:105DB00000603FE0009600210196206805F0E0F8C1
:105DC00080011CD46946204605F024F970BB019877
:105DD00040032DD5B4F844000104206804F088FD88
:105DE00020BB206802211DE0606B304322E000965A
:105DF00000210196206805F0C3F8800101D53E46D8
:105E0000F2E76946204605F005F978B90198C00324
:105E10000ED5B4F844000104206804F069FD28B9E7
:105E20002068002104F0ABFD0028DDD00646DBE74A
:105E30004646D9E76063606B012658B12168134874
:105E4000886384F830600120BDE8FC81606B40F01D
:105E50008050EFE72B46D4E90450D4E901720428BE
:105E600007D2A16DB1F5007F03D0B1F5807F0AD0D4
:105E700004203946CDE90050206805F085F884F803
:105E800030600020E0E70220F3E70000FF0FE01F92
:105E9000F0B5C26D920F0A70C26DC2F383624A7090
:105EA000C26DC2F301628A70C26D120CCA70B0F882
:105EB0005C20120A0A7190F85C204A71026E120D81
:105EC000CA80026EC2F303420A72B0F86020C2F3C5
:105ED000C0324A72B0F86020C2F380328A72B0F8E1
:105EE0006020C2F34032CA72B0F86020C2F30032C0
:105EF0000A7300264E73836B01244FF4007563B15F
:105F0000012B3AD0026850499163416B41F08051B6
:105F1000416380F830400120F0BDB0F86020436E4E
:105F20009205120D42EA93720A61426EC2F3C26296
:105F30000A75426EC2F302624A75426EC2F3425261
:105F40008A75426EC2F38242CA75426EC2F3C23291
:105F50000A760B695B1C83640A7E02F00702921CBE
:105F6000934083640A7A02F00F0704FA07F2C264CE
:105F7000520A5343C0E914350EE090F86020436E96
:105F80009206920A42EA13420A610A69521C93027B
:105F90008364C0E913534565B0F86420C2F38032CE
:105FA0004A76B0F86420C2F3C6128A7690F864206C
:105FB00002F07F02CA76826ED20F0A77826EC2F337
:105FC00041724A77826EC2F382628A77826EC2F32E
:105FD0008352CA77826EC2F3405281F8202081F842
:105FE0002160826EC2F3004281F82220B0F868205E
:105FF000C2F3C03281F82320B0F86820C2F38032A7
:1060000081F82420B0F86820C2F3403281F82520BE
:10601000B0F86820C2F3003281F82620B0F868207A
:10602000C2F3812281F82720B0F86820C2F3012250
:1060300081F8282090F86800C0F3460081F8290014
:1060400081F82A400020F0BDFF0FE01F826B0A603C
:10605000C26B4A60026C8A60426CCA60826C0A61E0
:10606000C26C4A61026D8A61406DC8610020704750
:1060700038B5002504460095B0F8440001042068B6
:1060800004F08CFD28B92068002104F079FF00900D
:10609000284610B1616B014361630098C0F343204F
:1060A00038BD000030B591B00C460546694605F094
:1060B00055F950B12A6821499163696B01436963BD
:1060C000012085F8300011B030BD0098C0F3811078
:1060D00020700098C0F34010607000994FF47F402A
:1060E000009A00EA112141EA12616180019909BA1E
:1060F0006160029921720299090A61720299C1F3E1
:106100000351A172029900EA11400399C9B20843F0
:10611000A0810398C0F38520A0730398C0F30120E9
:10612000E0730398C0F303102074039800F00F008D
:1061300060740498000EA0740020C4E7FF0FE01FF5
:10614000F0B5040085B036D094F83000002618B9B8
:106150002046267600F070F8032084F830002046B0
:1061600000F048F838BB69462046FFF79BFF10BB9C
:106170009DF810009DF811104FF40075A26B6F1080
:10618000012A06D0A6652046E168FFF7F9FD90B91F
:1061900005E0084301D0A565F5E7A765F3E7A06D25
:1061A000A84204D0B84202D0A06B012806D12046F4
:1061B00004F09EFF10B1012005B0F0BDFEF7CAFA51
:1061C0000127054604E0FEF7C5FA401B401C0AD033
:1061D0002046FFF74DFF0428F5D16663E66284F898
:1061E00030700020E8E74FF00040606384F83070C2
:1061F0000320E1E77CB50446FA2000210B460A465D
:10620000CDE90010206804F0BFFE18B9206804F042
:10621000CBFE08B101207CBD204605F053F80125D6
:1062200020B9204604F0E4FF0028F4D084F8305070
:10623000616B01436163EDE72DE9F0418CB00446E9
:10624000142105A8FAF754F94C4A022521680024C4
:106250004B480326DFF82C8191423AD148490C394A
:106260000A6842F480320A60096801F480310091C2
:10627000016841F004010160016801F0040100912E
:10628000016841F008010160006807AA0C2700F0CE
:10629000080000904FF4F850CDE9050582E8D000E1
:1062A000394805A9FEF754F9042007AACDE90505E8
:1062B00005A9404682E8D000FEF74AF900223120C5
:1062C0001146FEF7ABFB3120FEF79AFB0CB0BDE8A0
:1062D000F0812E4A9142F9D12949091F0A6842F4F6
:1062E00000720A60096801F400710A91016841F0C6
:1062F00001010160016801F001010A91016841F0AA
:1063000002010160016801F002010A91016841F097
:1063100008010160006802AA0927694600F0080028
:106320000A900120CDE9000582E8D0001848FEF768
:106330000FF902AA4CF21800CDE90005154869468C
:1063400082E8D000FEF704F948200294CDE9000568
:106350000B206946CDE903604046FEF7F9F80022BC
:106360007C201146FEF75AFB7C20FEF749FB0022F9
:106370000E21501EFEF752FBA8E7000000700052ED
:10638000E0440258000C0258000802580024024859
:1063900000000258000402582DE9F04F87B09946DA
:1063A00015460E460446DDF840A0FEF7D3F98346B5
:1063B0003EB194F83000012807D0606B40F00050E7
:1063C0000DE0606B40F0006009E000206063226D2A
:1063D00005EB0901914204D9606B40F000706063E5
:1063E0008CE0032184F8301021680020C862A06B83
:1063F000012800D06D0220684FF4007104F0A7FA64
:10640000DFF83081012730B12268C2F83880616B33
:106410000143616370E04FF0FF3000904FEA492084
:10642000019090200290022003900020049005909B
:106430006946206804F06FFC2068C16841F04001A3
:10644000C160B9F1010F06D90220E0622068294637
:1064500004F012FB04E0E7622946206804F025FB03
:106460000028D1D11AE0406B00040ED50025206829
:1064700004F0A4FD010A30707170010C000EB170BF
:106480006D1CF070361D082DF1D3FEF763F9A0EBFB
:106490000B01514523D2BAF1000F20D02068416B87
:1064A00011F4957FDFD0C16821F04001C160206800
:1064B000416BC90509D5B9F1010F06D9A16B0329B3
:1064C00003D004F0B7FB00289ED12068416B090778
:1064D00016D5C0F83880606B40F0080021E02168D4
:1064E000C1F83880606B40F00040606384F8307021
:1064F000032007B0BDE8F08F84F830700120F8E782
:10650000416B890705D5C0F83880606B40F0020008
:1065100007E0416B890606D5C0F83880606B40F013
:1065200020006063E8E70449816384F8307000204C
:10653000DFE70000FF0FE01F3A0F00182DE9F04FD2
:1065400089B09A4615460E460446DDF848B0FEF777
:1065500001F907903EB194F83000012807D0606B34
:1065600040F000500DE0606B40F0006009E0002753
:106570006763216D05EB0A00884204D9606B40F027
:106580000070606340E0032084F830002068C76238
:10659000A06B012800D06D0220684FF4007104F058
:1065A000D6F9DFF8489100284FF0010869D1401E64
:1065B00000904FEA4A20019090200497CDE902070D
:1065C00005976946206804F0A6FB2068C16841F081
:1065D0004001C160BAF1010F06D92020E0622068B5
:1065E000294604F066FB05E01020E0622068294699
:1065F00004F078FB07002ED02168C1F83890606B5A
:1066000038436AE084F83080012009B0BDE8F08F9B
:10661000406B400416D5002530780690717840EA2A
:1066200001200690B17840EA01400690F178361DCD
:1066300040EA01600690206806A904F0D5FC6D1CB4
:10664000082DE9D3FEF786F80799411A59451FD25C
:10665000BBF1000F1CD02068416B11F48D7FD7D0A7
:10666000C16821F04001C1602068416BC90519D59E
:10667000BAF1010F16D9A16B032913D004F0DAFA8D
:1066800080B12268C2F83890616B01436163B9E759
:106690002168C1F83890606B3843606384F83080BB
:1066A0000320B2E72068416B090705D5C0F8389090
:1066B000606B40F0080010E0416B890705D5C0F819
:1066C0003890606B40F0020007E0416BC90606D5C8
:1066D000C0F83890606B40F01000606392E70449A6
:1066E000816384F8308000208FE70000FF0FE01FF7
:1066F0003A0F00182DE9F05F04004FF000053DD07F
:10670000DFF8C4812068714E714F4045A36A06D0FE
:10671000B04204D0B84202D0E1680F292ED8E26B13
:106720004FF0010B0BEB521CE26802F10801C908A3
:10673000404501FB0CF105D0B04203D0B84201D076
:1067400008291BD8404503D0B04201D0B84201D13E
:10675000102913D84FF480094B4512D1404507D07A
:10676000B04205D0B84203D0206BB0F5702F05D8E9
:10677000256B05B91504B2EB154F02D90120BDE810
:10678000F09F94F881004FF0000A20B9204684F869
:1067900080A000F09FF8022084F881002068016842
:1067A00021F001010160A069B0F1806F09D160683A
:1067B000484506D1A06B20B92068016841F480519A
:1067C0000160A16AE0690843E16B29430843E1687D
:1067D000084321688860616A606BA2690843A16B05
:1067E000114308432169084361690843216A08434A
:1067F00061680843E16C0843A1680843A16C084341
:10680000A16D08432168C860A06A484529D1206C61
:1068100001282068016827D021F400410160606CE4
:1068200001282068016822D021F48041016020689D
:10683000404506D0B04204D0B84202D0B5F5702F22
:1068400018D0404503D0B04201D0B84202D1B5F5CE
:10685000F81F0FD0016821F4005101602168E06A3F
:106860000864606850B119E041F40041D6E741F492
:106870008041DBE7016841F40051EEE7A06A30B9DE
:106880002068816821F4C05141F400618160206872
:10689000816821F4C06141F4806181602068016DEC
:1068A00021F0010101656068400206D52068C168D9
:1068B000626D21F000411143C160C4F884A084F8E6
:1068C00081B000205BE7000000300140003800404C
:1068D000003C00402DE9F04387B00446142168468F
:1068E000F9F706FE47490226454B03252268002496
:1068F000DFF810C1083944480527DFF810919A42A3
:106900004FF4806828D1DCF8002042F48042CCF8B3
:106910000020DCF8002002F4804205920A6842F070
:1069200002020A600A6802F0020205920A6842F056
:1069300004020A600968CDE9024501F00401CDE9CD
:106940000471CDE900866946FDF702FE082069461C
:10695000CDE9000648464FE02D4B9A4232D1DCF893
:10696000002042F40042CCF80020DCF8002002F4C1
:10697000004205920A6842F002020A600A6802F0C8
:10698000020205920A6842F004020A600968029451
:1069900001F0040105910421CDE900160721CDE99C
:1069A00003516946FDF7D4FD0620CDF80080694605
:1069B000CDE90350CDE901644846FDF7C9FD07B0B4
:1069C000BDE8F08313488242F9D10E4808300268CE
:1069D00042F400520260006800F40050059008681C
:1069E00040F0100008600868694600F0100005904B
:1069F0004420CDE90006084802AA82E8B000DCE79E
:106A000000380040E84402580004025800080258C8
:106A1000003C004000340140001002582DE9F84FBE
:106A2000044690F880001F4692460A9D01288B4636
:106A300013D04FF0010984F88090FDF78BFE94F895
:106A4000812006460020012A4FF480010ED06268A2
:106A50008A4209D1A2683AB902E00220BDE8F88F63
:106A600094F88120042A01D0022136E0BBF1000F06
:106A700032D0BAF1000F2FD077B394F88120042AD6
:106A800002D0052284F881208046C4F88400C4F82E
:106A900064A0A4F86A70A4F86870C4F85CB0A4F8A4
:106AA0006270A4F8607020676067206842686FF3C6
:106AB0000F023A4342602068026842F0010202601D
:106AC0006068884204D12068016841F40071016067
:106AD000E0680F2840D848E0012184F8800008468B
:106AE000BCE7B4F8620070B12068416989070AD533
:106AF000E16D09680162E06D001DE065B4F86200B7
:106B0000401EA4F86200B4F86A0080B120684169B0
:106B100048F2080211420AD0006B616E0860606E94
:106B2000001D6066B4F86A00401EA4F86A00681C84
:106B300012D0FDF70FFE801BA8420DD3204604F0B3
:106B40009FFD84F88080D4F8840040F48070C4F8FD
:106B5000840084F88190EBE0B4F862000028C0D192
:106B6000B4F86A000028BCD1C8E0072849D8BDE0C5
:106B7000B4F86200F0B12068416989071AD5B4F809
:106B8000621001290BD9E16B49B1E16D096801621D
:106B9000E06D001DE065B4F86200801E08E0E16D64
:106BA00009880184E06D801CE065B4F86200401E35
:106BB000A4F86200B4F86A00E0B12068416911F4F9
:106BC000604F17D04169090409D5006B616E0860F8
:106BD000606E001D6066B4F86A00801E08E0008EDA
:106BE000616E0880606E801C6066B4F86A00401EAA
:106BF000A4F86A00681C04D0FDF7ACFD801BA84215
:106C00009CD2B4F862000028B2D1B4F86A0000281F
:106C1000AED173E0B4F8620080B32068416989079F
:106C20002CD5B4F8621003290CD9E16B402909D99D
:106C3000E16D09680162E06D001DE065B4F8620075
:106C4000001F19E0B4F8621001290BD9E16B49B1BA
:106C5000E16D09880184E06D801CE065B4F8620094
:106C6000801E09E0E16D097880F82010E06D401C7D
:106C7000E065B4F86200401EA4F86200B4F86A004F
:106C800068B32068416911F4604F28D04169090454
:106C900009D5006B616E0860606E001D6066B4F817
:106CA0006A00001F19E0416901F4C041B1F5005FBD
:106CB00009D9008E616E0880606E801C6066B4F831
:106CC0006A00801E09E090F83000616E0870606E06
:106CD000401C6066B4F86A00401EA4F86A00681C94
:106CE00004D0FDF737FD801BA84289D2B4F86200BA
:106CF00000288FD1B4F86A0000288BD100223346D7
:106D000008212046009504F045FD28B1D4F8840000
:106D100040F02000C4F88400204604F0B1FC84F860
:106D2000808084F88190D4F8840000283FF4D8AEA5
:106D3000012093E603490A6822F4600202430A60D4
:106D400070470000040400584FF0E021042808694F
:106D500003D020F004000861704740F00400FAE717
:106D6000401EB0F1807F10B501D3012010BD4FF05F
:106D7000E02460610F21601705F0F2FF0020A061A0
:106D800007202061002010BD7047704710B5040037
:106D900003D094F83D0010B107E0012010BD0020A1
:106DA00084F83C00204600F00DF8022084F83D00F5
:106DB0002068211D05F0F4F9012084F83D00002031
:106DC00010BD0000194808B5016841F002010160DA
:106DD000016801F002010091016841F010010160B9
:106DE000016801F010010091016841F001010160AA
:106DF00000680022012100F0010000901D20FDF735
:106E00000DFE1D20FDF7FCFD032200213620FDF7BD
:106E100005FE3620FDF7F4FD032202211C20FDF7BC
:106E2000FDFDBDE808401C20FDF7EABDE84402581E
:106E30000168CA6842F00102CA600068018841F036
:106E40000101018000207047704770B5044600685A
:106E500001694FF00005C943890715D4C168C943CA
:106E6000890711D4E91E016101202077206880691B
:106E70008007204602D0FFF7E7FF04E000F0A5F806
:106E8000204600F0A3F8257720680169C943490727
:106E900017D4C168C943490713D46FF004010161D5
:106EA000022020772068806910F4407F204602D0BD
:106EB000FFF7CAFF04E000F088F8204600F086F8EB
:106EC000257720680169C943090716D4C168C943F9
:106ED000090712D46FF008010161042020772068AF
:106EE000C0698007204602D0FFF7AEFF04E000F043
:106EF0006CF8204600F06AF8257720680169C943DC
:106F0000C90617D4C168C943C90613D46FF010016C
:106F10000161082020772068C06910F4407F204676
:106F200002D0FFF791FF04E000F04FF8204600F098
:106F30004DF8257720680169C943C90708D1C168A0
:106F4000C943C90704D1891E0161204600F040F8F9
:106F5000206801696FF08005C943090607D4C1683C
:106F6000C943090603D405612046FFF70DFF2068D9
:106F70000169C943C90507D4C168C943090603D4D7
:106F800005612046FFF700FF20680169C9434906F3
:106F900009D4C168C943490605D46FF040010161B5
:106FA000204600F033F820680169C94389060BD4F4
:106FB000C168C943890607D46FF0200101612046EA
:106FC000BDE87040FFF7E1BE70BD7047704700003C
:106FD0000D4910B5884203D1BDE8104000F0EABA6F
:106FE00009494031884203D1BDE8104000F0B6BBEA
:106FF00005498031884206D105F064F8BDE81040AB
:107000007220FBF717BD10BDB8CF01247047704741
:107010007047C06F704790F8791090F87A00084375
:107020007047000070B502680446D0691368916823
:1070300010F00F0F64D0594D03F490760D40354396
:1070400076D0C50707D0DD0505D501251562E26FAD
:1070500042F00102E267820708D5CA0706D0256818
:1070600002222A62E26F42F00402E267420708D578
:10707000CA0706D0256804222A62E26F42F00202A3
:10708000E26702070ED503F0200201F080552A4383
:1070900052EAC17206D0256808222A62E26F42F0E5
:1070A0000802E267E26F002A3AD0800608D503F0B2
:1070B000200001F08051084302D0204605F062FA1A
:1070C000E06F000703D42068806840062AD5204678
:1070D00005F04AFA2068816849061ED5816821F0CA
:1070E00040018160606FC0B12D490165606FFCF7A0
:1070F000A5FC002814D0606F016DBDE87040084702
:10710000850615D503F0200501F0805635430FD0D4
:107110002046BDE8704005F035BA2046FFF778FFFD
:1071200070BD05E02046FFF773FF0020E067F7E73A
:10713000C6024FF020050CD54E020AD5E8031062B6
:1071400084F8795084F87A502046BDE87040FFF703
:107150005EBF06060AD503F0800601F400010E4367
:1071600004D02046BDE8704005F09CBC41060BD51C
:10717000590609D51168204621F04001116084F8B4
:10718000795000F0C2F9CBE70002C9D55800C7D545
:10719000106820F080401060C2E70000010000107D
:1071A00055C5000810B5040003D094F8790010B15B
:1071B00007E0012010BD002084F87800204600F090
:1071C00027F8242084F879002068016821F0010163
:1071D0000160204605F012FA0128EBD0606B10B177
:1071E000204605F025F92068416821F4904141606E
:1071F0002068816821F02A0181602068016841F0DF
:10720000010101602046BDE8104005F075B900009D
:1072100030B5314D022302680124304987B030482F
:10722000AA4230D10A6842F001020A600A6802F0FC
:10723000010205920A6842F002020A60096801F040
:1072400002010591254910310A6842F010020A60D6
:10725000096801F01001059119028DE81A00072153
:107260000446CDE903316946FDF772F92915204638
:1072700000916946FDF76CF92520FDF7C1FB03225B
:107280002520114624E0174DAA4223D1134A083283
:10729000156845F400251560126802F40022059275
:1072A0000A6842F001020A60096801F001010591D3
:1072B0004FF4C0518DE81A000621CDE9033169462B
:1072C000FDF746F93420FDF79BFB032234201146DD
:1072D000FDF7A4FB07B030BD00100140E0440258A8
:1072E00000000258004C004090F87A30202B4CD11E
:1072F000B9B1B2B190F87830012B46D0012380F8B3
:1073000078304166A0F86820A0F86A20FF228168E2
:10731000B1F5805F07D07F2351B1B1F1805F0CD010
:1073200010E001207047016921B940F2FF1107E028
:10733000016909BBA0F86C2004E00169E1B13F21BB
:10734000A0F86C100021C167222280F87A2080F812
:10735000781001688A6842F001028A6001680A6850
:1073600092000CD50A6842F480720A600068816855
:1073700041F08051816006E0A0F86C30E2E70868D7
:1073800040F49070086000207047022070470000B1
:1073900070B5006800242B492B4D88422BD1012168
:1073A000E81C02F0C1FD287010B1FBF743FB6870C8
:1073B000A888010409D424494304244A01F10301A3
:1073C000097809D50A2901D0AC8070BDC0F30D0140
:1073D00040F4004054540CE00D2908D0C0F30D03D4
:1073E000401C80B2D154C728A880EDD870BD40F4AD
:1073F0008040A88070BD16498842FBD112480830F1
:107400000178407801EB002080B210F4807F12D028
:10741000A9780129EED10F4AE9885054491C88B255
:10742000E880B0F5007FE5D9AC701046EC80BDE88F
:10743000704004F01BBC0028DCD10120A870EC8057
:1074400070BD00000010014084010024ECCB012439
:10745000004C0040B4CD01242DE9F843044690F8D7
:1074600079001E4617460D4620284CD1C5B1BFB144
:1074700094F87800012846D0012084F878004FF075
:107480000008C4F87C80212084F879006034FDF77E
:1074900061F9278081466780603C4FF4805718E08F
:1074A0000120BDE8F883B4F86200401EA4F8620031
:1074B00000224B4680212046009605F02DFBA0B906
:1074C000A068B84201D1206988B115F8010B216884
:1074D0000885B4F862000028E5D100224B4640211F
:1074E0002046009605F018FB30B10320D9E735F8A7
:1074F000020BC0F30800EAE7202084F8790000209E
:1075000084F87880CDE70220CBE770470BF022BEED
:107510000148007870470000DC000024FA2010B514
:10752000FAF74CFB0E4CA06B807850B104F02CFDA8
:10753000E06B0C49C078897D88420DD004F096FC40
:107540000AE0E06B8178491E11F0FF01817003D1E0
:1075500001800846FAF732FBE06B008810BD00009E
:107560002C000024246D0024FA2010B5FAF742FB09
:107570000E4C206C807858B104F01EFD606C0C49F4
:10758000C07891F8BE1988420DD004F081FC0AE061
:10759000606C8178491E11F0FF01817003D1018078
:1075A0000846FAF727FB606C008810BD2C00002409
:1075B000246D0024F0B5644F85B064487D7E00687A
:1075C00038B9634C2078042801D104F0A9FD207853
:1075D00010B1002005B0F0BD5E4C0026E26B1088B3
:1075E00000286CD0A068002800DAA660A16802EB31
:1075F000C100437A90F80AC0634490F80BC013EBC3
:107600000C0F01D101230372A661A94243680193C3
:1076100083680293436803938068049001DA2661CB
:107620000EE002202561A061481B02EBC000417AF8
:107630008DF81110817A8DF81210C07A8DF8130030
:107640000020FCF7F7F8022818D00020FCF7F2F829
:10765000032813D0DDE90301CDE901010020FCF787
:10766000E9F820B101AA0020114602F02DFDA06921
:1076700068B1012819D002281DD108E0A06801AA2C
:1076800000900020E36B03A9FAF742FCE6E79DF8BF
:107690000B0000909DF80A309DF80920BDF90610F6
:1076A000BDF9040004F020FB05E0BDF90610BDF9AA
:1076B000040004F00DFBA068401CA0600FE040F245
:1076C000FF750096002329461A46084604F00CFB75
:1076D000002329461A460846009604F005FBE06B95
:1076E000A168008888422CDCA6600020A661FCF717
:1076F000A1F8022804D00020FCF79CF803281ED132
:10770000B87D154900EE100AE26BD1ED000AB8EE23
:10771000400A20EE200ABCEEC00A10EE100AD0701B
:10772000B87DD1ED000A00EE100AA16BB8EE400A58
:1077300020EE200ABCEEC00A10EE100AC870FFF757
:10774000EDFEA06846E70000246D0024140000242C
:10775000060000242C000024400100244A48FEB505
:1077600090F8C1594948006838B9494C2078042834
:1077700001D104F003FD207808B10020FEBD454E84
:107780000024706C0188002964D0F168002900DAB7
:10779000F460F16800EBC100417A827A1144C27A48
:1077A000D14201D1012101724168019180680290AA
:1077B0000020FCF73FF8022802D00020FCF73AF83E
:1077C0000020FCF737F820B101AA0020114602F092
:1077D0007BFCF168022729B1706C00EBC100007AD4
:1077E00018B103E0F461746100E0F761F06920B161
:1077F000012817D0022829D114E09DF80B00009031
:107800009DF80A309DF80920BDF90610BDF9040065
:1078100004F0BAFA7069401C7061A84216DBF76187
:10782000746113E0481B716C01EBC000BDF90610D8
:10783000427A8DF80920837A8DF80A30C07A8DF863
:107840000B000090BDF9040004F09EFAF068401CA3
:10785000F0600DE0002300941A461946184604F023
:1078600093FA002300941A461946184604F08CFA3D
:10787000706CF1680088884203DCF460F461FFF703
:1078800073FEF068FEBD0000246D00241400002487
:10789000060000242C00002470B5394C86B0206806
:1078A00040F001002060206801250326694600F0B1
:1078B0000100059048F24010CDE900053148CDE9BE
:1078C0000256FCF745FE206840F001002060206869
:1078D0006946CDE9025600F0010005904FF40870AA
:1078E000CDE900052848FCF733FE206840F002008F
:1078F000206020686946CDE9025600F0020005903C
:1079000040F68120CDE900052048FCF721FE2068E3
:1079100040F00400206020686946CDE9025600F07E
:107920000400059042F20450CDE900051848FCF728
:107930000FFE206840F00800206020686946CDE90D
:10794000025600F0080005904FF46050CDE90005A4
:10795000104D2846FCF7FCFD00210220CDE902165F
:10796000CDE9000169462846FCF7F2FD206840F0A9
:1079700010002060206800F01000059006B070BD77
:10798000E04402580000025800040258000802585F
:10799000000C0258001002582DE9F0410025FAF7BA
:1079A00073FA00F0B7FAFFF777FFDFF8AC80002634
:1079B0002A4C012702214046FCF7BEFE012849D08F
:1079C00027706D1CEDB2052DF4D3267003F0C8FEB0
:1079D00044F62466002031460BF09EFB3146A0633E
:1079E00000200BF099FB3146E06300200BF094FB84
:1079F0003146206400200BF08FFB41F204216064CB
:107A000000200BF089FBA0640021A06B32460BF034
:107A10009BFBE06B002132460BF096FB206C0021B3
:107A200032460BF091FB606C002132460BF08CFB70
:107A30000B48A26B817DD170E26B817DD170226C8D
:107A400090F8BE19D170616C90F8BE09C8702846D4
:107A5000BDE8F0812670B4E7001002582C00002425
:107A6000246D002410B5074CA07D04F0FFF90648F2
:107A70000078012805D194F8BE09BDE8104004F053
:107A800007BA10BD246D00242C00002410B504F0AA
:107A900047FB04480078012803D1BDE8104004F0FA
:107AA0006DBB10BD2C00002470B5C0F30744C0F3BB
:107AB0000723C1F30746C1F307250022C0B2C9B2AC
:107AC000884204D1AB4202D1B44200D10122104617
:107AD00070BD000001484078704700002C00002471
:107AE00008B5002069460090012000F0ADF80120A3
:107AF000694600F0A9F80098400701D4012008BDAC
:107B00000020694600F0A0F80098C10408D44FF4A2
:107B10000451814317D0810417D4C00517D410E055
:107B20001F20694600F090F80098C10401D4062097
:107B300008BDC0F38200062805D0022805D005281C
:107B400005D0052008BD022008BD032008BD042083
:107B500008BD0000FEB5002425460294F8F7A7FBF7
:107B6000334E002208213046FCF7EFFD642006F07A
:107B70007FFB012230460821FCF7E7FD642006F078
:107B800077FBF8F796FB00F0F9FF2A4801788DF8AB
:107B9000001041788DF8011081788DF80210C178BD
:107BA0008DF8031001798DF8041040798DF80500E7
:107BB0002248214901600121C0F804D00172204906
:107BC00001612049C1604FF4BF614161FCF73EF99A
:107BD0001A48FCF745FB00204FF4004100F052F832
:107BE00000281ADB002002A900F02EF8661F0028EA
:107BF00011DB4FF4FA770298000410D5002002A997
:107C000000F022F8002806DB0A2006F031FB641C95
:107C1000BC42F0D303E0354601E06FF0030500F00D
:107C200021F81DB94FF47A7006F022FB2846FEBDFC
:107C300000000258A01605240080024078D00124DC
:107C400000000430200104300B46024604480021A5
:107C500010B5FCF7C7FA002801D04FF0FF3010BD77
:107C600078D0012408B5002069460090FFF7ECFFAA
:107C7000009840F48050009081B2002000F002F89B
:107C800008BD00000B4602460448002110B5FCF771
:107C900025FC002801D04FF0FF3010BD78D0012422
:107CA00070B5274C86B0206840F002002060206844
:107CB0000125244E694600F00200059040F29B30F9
:107CC000CDE900050320CDE902503046FCF740FC29
:107CD000012230461146FCF738FD012230460221D0
:107CE000FCF733FD012230460821FCF72EFD01226E
:107CF00030461021FCF729FD012230468021FCF797
:107D000024FD012230461102FCF71FFD01223046FE
:107D10005102FCF71AFD206840F001002060206845
:107D2000694600F0010005900920CDE90005022018
:107D3000CDE902500448FCF70BFC06B070BD000012
:107D4000E044025800040258000002582DE9F84FA0
:107D500004460D460020834600904FF4FE60FBF77A
:107D60005FFD082103462E484FF40072FBF7F4FA3A
:107D7000F4B3DFF8B0A05646DAF8000008F0D6FBFE
:107D800030680122214608F031FD90BBDAF800008E
:107D90000C226B462946574608F0F1FD00980C2846
:107DA00037D121496A884868438A9A4231D12A8862
:107DB000038A9A422DD16A688069824229D10126BC
:107DC000D5F808803446BA461DE004EB4409DAF8D9
:107DD00000000C226B4605EB89010F4608F0CFFD31
:107DE00000980C280ED1104835F92910406801E0A0
:107DF00013E00EE04069814204D2B7F902108142DB
:107E000000D2761C641C4445DFDB464501D14FF0AF
:107E1000010BDAF8000008F089FB5846BDE8F88F3E
:107E2000A45D0124500000240801002470B5F8F777
:107E30003EFA1C491CA0FFF789FF204C10F0FF0000
:107E40004FF002064FF0000520701ED01548256146
:107E5000B0F90C106161B0F90E00A06119A01849C9
:107E6000FFF774FF10F0FF00607014D01448A56293
:107E7000B0F90C10E162B0F91A002063F8F719FAB2
:107E80002178607800EB012070BD65616068406911
:107E9000A0612670E2E7E562606840692063667071
:107EA000ECE7000094670124303A2F64616D656946
:107EB0002F617073312E617073000000080100247F
:107EC00074960124303A2F64616D65692F61707377
:107ED000322E6170730000002DE9F0410C4C074612
:107EE0000E464FF0FF356068008AFBF78EFC4FF4BA
:107EF0000072034631463846FBF72EFA20B9606817
:107F0000008AFBF782FC05462846BDE8F0810000A8
:107F100008010024F8B52C4D0024012226460094C7
:107F200025A1286A08F062FC80B941F25037274940
:107F3000286A6B463A4608F022FD18B90098B84204
:107F400000D10124286A08F0F1FA0CB90BF042FDC7
:107F50001E4801221EA1467580F8BD69286A08F0F6
:107F600045FC012600B96E70286A08F0DFFA286A1D
:107F700001221EA108F03AFC42F2080768B91F4925
:107F80006B46286A3A4608F0FAFC18B90098B842DD
:107F900000D10124286A08F0C9FA54B917486422AC
:107FA0003946F8F79EFA15480221067000F5805010
:107FB00001712046F8BD0000303A2F64616D65699B
:107FC0002F312E74787400002C000024246D0024BE
:107FD000303A2F64616D65692F666163746F7279E1
:107FE0006D6F64652E74787400000000303A2F6461
:107FF000616D65692F622E747874000074800024AE
:108000003EB5002501241221009403232246480690
:10801000CDE9014500F00AF8032302940222192158
:108020009807CDE9005400F001F83EBD2DE9FF4767
:1080300007461E460CA814460D4690E80007FCF7BC
:10804000EFFB01208DF8000000208DF808508DF81E
:108050000C008DF809008DF80D808DF80A00684637
:108060008DF80E908DF8014001978DF80B608DF81A
:108070000FA0FCF7ABFB0420FCF7E0FB04B00020F2
:10808000BDE8F08710B50D4C4FF480410A482060E0
:1080900000206060C4E90201206108206061204680
:1080A000FEF7CAF82046FEF74BF8E1682046BDE827
:1080B0001040FDF765BE00000024024848BF0624BA
:1080C0002DE9F84F1C46904600230E460A9FADF856
:1080D000003068498979B0FBF1F2B6FBF1F1D207C3
:1080E000B2EBC17F7ED1DFF890B199468BF800905A
:1080F000624981F8009081F800900870020A0A70C5
:10810000000C087035208BF80000002000F020FCE7
:1081100020B9012000F01CFC050002D00220BDE8BF
:10812000F88F85218BF80010544880F800804FEAC2
:10813000182101700670310A0170310C01701E2087
:1081400000F0E6F8F8054FF0004A12D002F08CFB80
:10815000ADF80090504607E014F8011B0170BDF81F
:108160000010491CADF80010BDF80010B942F3D35F
:1081700070E07E0ADFF8FC904FEA5827DFF80081B4
:108180002FE002F071FBD8F88000414640F040003B
:10819000C8F880000020ADF800004FF4007352468C
:1081A00007E014F8010B1070BDF80000401CADF89A
:1081B0000000BDF800009842F3D3D8F884004006D0
:1081C000FBD502F051FBD8F89420EB1909EB8301A1
:1081D000CA61D8F8801021F04001C8F880106D1CE9
:1081E000EDB200E041E0B542CBD3B9F80210102067
:1081F00000EB87004A460844ADF80000232000F059
:1082000087F885218BF80010BDF800001B49087025
:10821000BDF80000000A0870232000F079F8002063
:10822000ADF8000002EB870455461C340EE002F066
:108230001BFB002014F8011B2970401CC0B204284D
:10824000F8D3BDF80000401CADF80000BDF80000F8
:10825000B042ECD310208BF800004FF4AF7006F062
:1082600029F800F061FB402801D0012057E70020E9
:1082700055E7000098D3012400000180000002802F
:10828000004000522DE9F0410C461E498979B0FBAF
:10829000F1F2B4FBF1F1D207B2EBC17F2DD11A4F4D
:1082A00000263E70194D2E702E702870010A29701C
:1082B000000C287035203870304600F049FB18B9A2
:1082C000012000F045FB10B10220BDE8F0818520BF
:1082D00038702E702E702C70200A2870200C287098
:1082E0001E2000F015F8102038704FF4AF7005F024
:1082F000E1FF00F019FB402801D00120E5E7002054
:10830000E3E7000098D30124000001800000028010
:1083100001B5009801E0401E00900028FBD108BD87
:108320002DE9F0419046054601200E4600F042F846
:1083300004463146002000F03DF807464146012042
:1083400000F038F806464146002000F033F884EA91
:10835000070272404240A2F57060FF3805D00AA0C3
:1083600004F0CAFC0120BDE8F08174400DA0214654
:1083700004F0C2FCE108012204F00703685C9A40A3
:10838000504068540020EEE73262697420656363F0
:10839000206572726F72206F72206D6F72650D0AA8
:1083A000000000006572726F72706F733A25640D81
:1083B0000A00000070B505460C4600200126024662
:1083C00002F00101A94208D124FA02F1C90704D040
:1083D000510806FA01F3184480B2521CD2B2182A8E
:1083E000EED370BD104910B5104A0969914201D110
:1083F000C00103E00E4A914200D180010D4A602184
:1084000011700D490870030A0B70000C0870D02021
:108410001070042005F02CFF00F086FA402801D0EF
:10842000012010BD002010BD98D3012489260048EA
:10843000569590DC000001800000028070B588B085
:1084400000F06AF82D4C00252B4804AA69462060EC
:108450004FF48070C4E901054002E560C4E90450AE
:108460000A20A061E06100900190029003900490C6
:108470000590069007902046FCF7F4F900F042FAC8
:10848000642005F0F5FE00F08BF804F1400601468B
:1084900030611BA004F030FC042000F063F84FF4BE
:1084A00080521B4B3069511098420AD14FF48750CB
:1084B00030807280E020B0808020B0713181728184
:1084C00014E0144B984214D14FF404603080718052
:1084D0004020B080B07131817281C4E90B0284F810
:1084E0003C500222C4E90910C4E90D21002008B063
:1084F00070BD0120FBE700008040005258D30124EA
:108500004E414E442049443A2523780D0A0000008C
:1085100089260048569590DC1FB5FCF781F90121AA
:108520008DF8001004208DF801008DF80C10032246
:10853000400701901B208DF8080000208DF80900ED
:108540008DF80D008DF80A008DF80E008DF80B20C7
:108550008DF80F006846FCF739F90420FCF76EF936
:108560001FBD00000C4BEF2100B502461970012120
:108570000A4B19702320FFF7CBFE4FF000410A7021
:10858000002008700870087000F0CEF9402801D073
:10859000012000BD002000BD00000180000002801D
:1085A000154990201CB508700020144908701E2041
:1085B000FFF7AEFE4FF0004001788DF80010017813
:1085C0008DF8011001788DF8021001788DF80310F4
:1085D00000788DF80400DDF8010000BA20F0FF04F7
:1085E0009DF80400044300F09FF9402802D04FF0AA
:1085F000FF301CBD20461CBD000001800000028031
:108600002DE9FC5F1C4615468A4683464FF000095B
:10861000ADF80490774AC84682F800907648017019
:10862000090A017080F800B04FEA1B2101704FEA7F
:108630001B410170302010704FF41670FFF768FE78
:10864000012000F085F9060002D00220BDE8FC9F61
:10865000E0054FF000410ED0484605E0087805F8E7
:10866000010BBDF80400401CADF80400BDF8040087
:10867000A042F3D3B6E0670A00954FEA5A2431E0EE
:1086800002F0F2F85D49D1F8800040F04000C1F8F6
:1086900080000020ADF804004A044FF4007307E0A6
:1086A000107805F8010BBDF80400401CADF804007B
:1086B000BDF804009842F3D38946D9F884004006F7
:1086C000FBD502F0D1F8D9F8942033194C4901EBCD
:1086D0008301CA61D9F8801021F04001C9F88010E7
:1086E000761CF6B2BE42CBD3454E102101EB84017D
:1086F00070880844ADF804003220FFF709FE3D48B9
:1087000005210170BDF804203B490A70BDF8042022
:10871000120A0A70E02101701E20FFF7F9FD06EB36
:1087200084053C3502F0A0F80021ADF804104FF0AC
:10873000004207E0107805F8010BBDF80400401C6A
:10874000ADF80400BDF80400B0EB870FF2D3ADF82C
:10875000041043E0BDF80400BDF80410204406EB0B
:108760008000C06B214406EB8101C969884230D08A
:10877000BDF80400204406EB8000C26BBDF8040085
:10878000204406EB8000C1691EA004F0B5FA23A0C6
:108790002246394604F0B0FA26A05246594604F063
:1087A000ABFABDF80400204406EB8000C269BDF8B6
:1087B0000400BDF80430204406EB8000C16B009833
:1087C00000EB4320FFF7ACFD08B1042000E00320DC
:1087D0008046BDF80400401CADF80400BDF804005C
:1087E000B842B7D300F0A0F8402801D04FF00108FC
:1087F00040462BE70000018000000280004000524C
:1088000098D301246572722068642C72643A3078BF
:1088100025782C307825780D0A0000006563636E9A
:10882000756D2C65636373746172743A25642C25CD
:10883000640D0A00506167654E756D2C436F6C4E78
:10884000756D3A25642C25640D0A00002DE9F04170
:108850001D46184B00241646069F1C70164A1170C0
:10886000090A11701070010A1170000C107030208C
:108870001870204600F06CF818B9012000F068F874
:1088800010B10220BDE8F08101F0EEFF4FF0004092
:1088900004E00168B14203D1641CA4B2AC42F8D335
:1088A0003C8000F041F8402801D00120EAE7002098
:1088B000E8E70000000001800000028030B4064DAF
:1088C0002C79641AE4B2A34200D923466C8821446F
:1088D00030BC89B2FFF794BE98D3012408B50020BC
:1088E0008DF800007020064908701E20FFF710FD6B
:1088F0004FF0004000788DF800009DF8000008BDA2
:10890000000001800749FF2010B50870032005F022
:10891000AFFC00F009F8402801D0012010BD002074
:1089200010BD00000000018008B5084A002000903A
:10893000FFF7D4FF400606D40098401C00909042F8
:10894000F6D3022008BD402008BD0000FFFF010053
:1089500071B583B0002400948DF804406FF07E451B
:108960000F4E40210098401C00903046FBF7E4FE7B
:108970009DF80C10884205D19DF80410491C8DF813
:10898000041001E08DF804409DF80400022802D98B
:10899000002004B070BD0098A842E2D30120F8E79F
:1089A000000802582DE9F84F14461D460022ADF884
:1089B000002080274F4B16461F704F4B19700F0A2F
:1089C0001F701870070A1F70000C18702320FFF723
:1089D0009FFCE8054FF000430FD0ADF8002007E002
:1089E00014F8010B1870BDF80000401CADF8000031
:1089F000BDF80000A842F3D36BE06D0ADFF8FC80FD
:108A0000DFF8FCA04F0A934699462EE001F02CFFB8
:108A1000D8F88000414640F04000C8F88000ADF82A
:108A200000B04FF400734A4607E014F8010B1070D1
:108A3000BDF80000401CADF80000BDF800009842F1
:108A4000F3D3D8F884004006FBD501F00DFFD8F829
:108A50009420F3190AEB8301CA61D8F8801021F041
:108A60004001C8F88010761CF6B2AE42CED3BAF8F8
:108A70000210102000EB870052460844ADF80000B9
:108A80002320FFF745FC1B4885210170BDF800102D
:108A900019480170BDF80010090A01702320FFF782
:108AA00037FC02EB8701ADF800B01C314A460CE000
:108AB000002011F8013B1370401CC0B20428F8D309
:108AC000BDF80000401CADF80000BDF80000A84251
:108AD000EED30849102008704FF4AF7005F0EAFBA0
:108AE000FFF722FF402802D00120BDE8F88F0020C8
:108AF000FBE70000000001800000028000400052FF
:108B000098D3012470B5134E00241D468023337082
:108B1000114B1970090A19701870010A1970000CAC
:108B200018702320FFF7F4FBF00302E00260641CDE
:108B3000A4B2AC42FAD3102030704FF4AF7005F0FD
:108B4000B9FBFFF7F1FE402801D0012070BD0020E5
:108B500070BD0000000001800000028030B4064DAE
:108B60002C79641AE4B2A34200D923466C882144CC
:108B700030BC89B2FFF716BF98D301241FB5FBF7AD
:108B80004FFE11480121019008208DF808000320B4
:108B90008DF80B0000208DF80F108DF80E008DF869
:108BA0000D108DF8001005218DF80A008DF80110C8
:108BB0008DF809008DF80C006846FBF707FE0420CD
:108BC000FBF73CFE1FBD00000000043070470000B2
:108BD000FEB5184802A9FBF7CFFE9DF80A009DF8E4
:108BE00008309DF80B209DF80910009012A004F0A9
:108BF00083F81648C822022101F0F2F9134D02242D
:108C0000002642F21077114821462E80EE70AE7099
:108C1000FFF762F9002800DD0444A978E8784246AD
:108C2000CDE900012B880AA0214604F065F8BC427A
:108C3000E9DBFEBD58D3012469643D25642C202561
:108C4000642C2025642C2025640D0A00200F0124AB
:108C500025642066746C20526561642072657375AA
:108C60006C74203D2025642C20706F696E74436FF6
:108C7000756E743D25642C2064656C61793D2564B6
:108C80002C2072656164793D25640D0A00000000A6
:108C900070B505460D480E461446807808B112207E
:108CA00009E02B78012B08D0022B06D0032B04D02F
:108CB000042B02D00120107070BDF7F727FB6E6106
:108CC000F7F728FB0020207070BD0000E4010024AD
:108CD00070B586B000F064F800F05AFF224A002414
:108CE000204602F1340194710C54401CC0B2082893
:108CF000FAD3147154719462146200F059FF00F0B9
:108D00001BFF00F0E5FE00F095FF802617480325C5
:108D1000174A3F23CDE901064FF6FF700090154832
:108D20000021CDE9034500F0F5FA3F2005AA12A184
:108D300000F0E4FB14483E23CDE901060B4A4FF650
:108D4000FE70009000211148121FCDE9034500F08C
:108D5000E1FA3E2005AA0EA100F0D0FB06B0BDE866
:108D6000704000F02FB80000E4010024D008052472
:108D7000CC0A0524D99D000875432F4F532D49492E
:108D80002049646C65000000D00605240D9E000893
:108D900075432F4F532D49492053746174000000CF
:108DA000054880210022491E04C0FCD10449034823
:108DB00020F0070008607047A0140524A0160524C1
:108DC00028020024704700000449C879012804D112
:108DD0008878FF2801D2401C88707047E401002485
:108DE00070B5144CE079012822D1F7F78FFAA178F9
:108DF000054621B1491E11F0FF00A07013D1E078A3
:108E000088B900F05DFF0C49607951F82010A1622B
:108E10002279904207D0C86B401CC863E068401CB0
:108E2000E060F7F793FA2846BDE87040F7F772BAAA
:108E300070BD0000E4010024D00A05242DE9F041B2
:108E400006461B488846007810B10020BDE8F08136
:108E5000F7F75CFA174F3C680CB161683960F7F7B7
:108E600059FA14B3F7F752FA13490D68BDB12A68DD
:108E70000A60F7F74FFA06EB88000221C5E90160A6
:108E8000EE6000202E61A5F81480E8822170208118
:108E90000AA065606061204600F010FE05E03968B8
:108EA00061603C60F7F736FA00242046CEE7000008
:108EB000E6010024F4010024240200243F00000005
:108EC0002DE9F0470646007889461446022801D06D
:108ED000012008E02F48007808B1022003E02E4866
:108EE000007820B10D2010700020BDE8F087F7F762
:108EF0000DFA054670680027C18A89B10269111D03
:108F000001611668C28A521EC2828268914201D1F2
:108F1000416801612846F7F7FDF930462770E4E71C
:108F2000DFF87880D8F8000090F8341041F00401A0
:108F300080F8341080F83570C0F83090304600F07A
:108F400097FD2846F7F7E6F900F096FEF7F7DEF909
:108F50008146D8F8000090F8351039B1022908D0C0
:108F6000314600F05DFD00250A2004E0456A2770C7
:108F700002E000250E202070D8F80010484681F845
:108F8000347081F83570CF610F624F62F7F7C2F924
:108F90002846AAE7E6010024E70100240402002491
:108FA00070B5044600780E46022801D0012070BD3D
:108FB000F7F7ACF90546A07A58B1002331460422F0
:108FC000204600F0F3FC2846F7F7A4F900F054FE21
:108FD00019E06068C18A828A914204D32846F7F773
:108FE00099F91E2070BDC1680A1DC2600E60C18A59
:108FF000491CC182D0E902128A4201D14168C16094
:109000002846F7F787F9002070BD2DE9F0410746A3
:1090100000780E46022802D00120BDE8F081F7F763
:1090200075F90146B87A07F10B043074002006F197
:109030000805401C14F8012BC0B2082805F8012BC4
:10904000F7D37868C28A0AB1026912683260C28AAC
:10905000B280808AF0800846F7F75CF90020DCE7F0
:1090600010B5094CE07901280CD1F7F74FF9A17838
:1090700021B9E178FF2901D2491CE170BDE8104017
:10908000F7F748B910BD0000E401002410B50D4CFD
:10909000E079012814D1F7F739F9A17831B9E178ED
:1090A00021B1491E11F0FF01E17003D0BDE810406D
:1090B000F7F730B9F7F72EF9BDE8104000F0DCBD46
:1090C00010BD0000E401002470B505460D4800788D
:1090D00008B1002070BDF7F719F90B490C680CB105
:1090E00062680A60F7F716F94CB10320207000207F
:1090F0002581606005A06061204600F0DFFC20460D
:1091000070BD0000E6010024F40100243F000000CF
:109110002DE9F0470546007889461446032801D01A
:10912000012008E02748007808B1022003E0264823
:10913000007818B10D201070BDE8F087F7F7E6F859
:1091400006462889002730B1401E28813046F7F7AF
:10915000E1F82770F0E7DFF87480D8F8000090F8A5
:10916000341041F0010180F8341080F83570C0F8F7
:109170003090284600F07CFC3046F7F7CBF800F042
:109180007BFDF7F7C3F80646D8F8000090F83510D5
:1091900031B1022906D0294600F042FC0A2002E043
:1091A000277001E00E202070D8F8000080F834709D
:1091B00080F83570C76107623046BDE8F047F7F7C1
:1091C000A9B80000E6010024E701002404020024FD
:1091D00070B504460078032801D0012070BDF7F770
:1091E00095F80546A07A58B1002320460122194679
:1091F00000F0DCFB2846F7F78DF800F03DFD09E0B4
:1092000020894FF6FF71884206D2401C20812846F3
:10921000F7F780F8002070BD2846F7F77BF8332079
:1092200070BD000010B5094CE07900280CD100F0A9
:1092300047FD60790649207151F82000A062206244
:10924000BDE81040F7F769B810BD0000E401002444
:10925000D00A0524022010B500F0ECFAF7F756F812
:10926000084C0021E161F7F755F8642000F0E2FABC
:10927000F7F74CF8E169616101216170BDE81040C8
:10928000F7F748B8E4010024F8F798BB2DE9FE434E
:109290001C4616460F468046F7F738F81A490978F3
:1092A00021B1F7F737F83C20BDE8FE83174D55F89C
:1092B000241019B1F7F72EF82820F5E7012145F819
:1092C0002410F7F727F8002332463946404600F0CD
:1092D00077F900260146334632462046009601962D
:1092E000029600F0FDFC070007D0F7F70FF845F8ED
:1092F0002460F7F70FF83846D6E7054800780128CC
:10930000F9D100F0B9FCF6E7E6010024D00A052403
:10931000EB0100242DE9FF4F83B01C4692468B469B
:10932000DDE91386DDE91197F6F7F0FF1D490978AD
:1093300029B1F6F7EFFF3C2007B0BDE8F08F1A4DDA
:1093400055F8241019B1F6F7E5FF2820F4E70121BC
:1093500045F82410F6F7DEFF32463946484600F05D
:10936000A5FD039833465246594600F029F9009767
:109370000146CDE90186109B4A46204600F0B0FC2C
:10938000060008D0F6F7C2FF002145F82410F6F7D2
:10939000C1FF3046D0E7054800780128F9D100F038
:1093A0006BFCF6E7E6010024D00A0524EB0100245B
:1093B000F8F705BB2DE9F04705464348007810B1A2
:1093C0004020BDE8F0873F2D05D0F6F79FFFFF2D29
:1093D000064602D005E03E20F3E73C48006890F8DE
:1093E0003650DFF8EC9059F825405CB1012C0ED0D6
:1093F00094F83810374A94F83930505C98435054F8
:109400000AD00FE03046F6F785FF4320D9E7304613
:10941000F6F780FF3D20D4E72F4894F83A200178F2
:1094200091430170E16911B1204600F0F9FA216A17
:1094300011B1204600F006FBA06A08B100F06CFBF9
:10944000264F4FF00008C4F8308084F8348084F848
:1094500035803878FF2801D2401C38703046F6F746
:1094600059FF00F0A1FAF6F751FF0646387808B127
:10947000401E3870204600F03DF819480178491E1A
:10948000017049F82580A069414690B16169416148
:10949000D4E905018161134801686161046012A08B
:1094A00020653046F6F736FF10480078012806D0D0
:1094B00007E0606981610E4960690860EBE700F0D0
:1094C000DBFB00207DE70000E6010024040200240D
:1094D000D00A052418020024EA010024E701002430
:1094E000EC010024080200243F000000EB010024EE
:1094F00010020024F8F764BAF8F763BA70B50546AD
:1095000010480E461446007810B11220107070BD3D
:10951000F6F7FCFEFF2D03D10B49096891F8365090
:109520000A4951F8252043253AB1012A05D016658C
:10953000F6F7F0FE0020207070BDF6F7EBFE257008
:1095400070BD0000E601002404020024D00A0524B6
:10955000F8F738BAF8F737BA2DE9F04104460E4665
:10956000002008604860F6F7D1FEFF2C03D11249B5
:10957000096891F83640114951F8241051B1012978
:1095800008D00A7CD2070AD00024D1E90257F6F7A6
:10959000C1FE09E0F6F7BEFE4320BDE8F081F6F714
:1095A000B9FE4520F9E7641C01CD0028FBD0381B2B
:1095B000C6E900400020F0E704020024D00A052498
:1095C000121D10B522F007024FF0807442E9020428
:1095D0004C484FF0023442F80C0C4FF0123042F875
:1095E000100C4FF0033042F8140CA2F1200062106E
:1095F00080E816004FF0113140F8041C110140F8CA
:10960000081C4FF0093140F80C1CD10040F8101C28
:109610004FF0073140F8141C4FF0063140F8181C89
:109620004FF0053140F81C1C910040F8201D5907EF
:1096300067D55106021F1160A0F10801324A0A6085
:10964000091F324A0A60091F314A0A60091F314A5C
:109650000A60091F304A0A60091F304A0A60091F60
:109660002F4A0A60091F2F4A0A60091F2E4A0A6002
:10967000091F2E4A0A60091F2D4A0A60091F2D4A38
:109680000A60091F2C4A0A60091F2C4A0A60091F38
:109690002B4A0A60091F4FF083420A60091F294ABA
:1096A0000A60091F284A0A60091F284A0A60091F20
:1096B000274A0A60091F274A0A60091F264A0A60CA
:1096C000091F264A0A60091F4FF082420A60091FDB
:1096D000234A0A60091F234A0A60091F224A0A60B6
:1096E000091F4FF081420A60091F62050A60091FC5
:1096F00012020A60091F4FF07E520A60002140F8F2
:10970000841D10BDF59D00080000F8410000F041E7
:109710000000E8410000E0410000D8410000D041D5
:109720000000C8410000C0410000B8410000B04145
:109730000000A8410000A0410000984100009041B5
:10974000000088410000704100006041000050416D
:109750000000404100003041000020410000104165
:109760000000E0400000C0400000A04070B504468A
:10977000F6F7CCFD01461E48FF2C006805D090F896
:109780003600A04204D1012503E090F83640FAE704
:109790000025184850F8240058B101280ED090F840
:1097A0003820154C90F83960A35CB343A3540AD019
:1097B0000FE00846F6F7AEFD482070BD0846F6F704
:1097C000A9FD432070BD0D4A90F83A401378A34399
:1097D000137090F8342042F0080280F834200846D4
:1097E000F6F798FD0DB100F047FA002070BD0000BB
:1097F00004020024D00A052418020024EA010024EF
:109800000A4810B50068017C490702D50068F6F7E0
:1098100067FD07480068017C490702D50068F6F734
:109820006CFDBDE81040F8F7CFB80000040200243A
:109830000C02002470B5044613480078002821D19A
:109840001248007800281DD1002C1BD0F6F75EFDD1
:1098500003460F480F4D016891F8382091F83960A0
:10986000A85CB043A85405D10B4891F83A5002784F
:10987000AA43027018460C63F6F74CFDBDE8704031
:1098800000F0FAB970BD0000E6010024E7010024F1
:109890000402002418020024EA01002410B5114C2F
:1098A00024780CB1552010BD0F4C24780CB1322017
:1098B00010BD4FF47A74C1EB01116343B3FBF4F3B1
:1098C0004FF4616410FB04F000EB8100104400EBE6
:1098D0004001C1EBC01003EBC000FFF7ABFF00205D
:1098E00010BD0000E6010024E701002410B5F6F7E2
:1098F0000DFD03490C68F6F70DFD204610BD000074
:10990000140200242DE9F04100F04CF8F6F7FEFCBB
:10991000234D296B491C2963F6F7FCFCE8790128E3
:109920003BD1687A0126002720B1012835D00228D2
:1099300002D06F72EC6A2CE06E72FBE7F6F7E6FC81
:10994000216B19B3491E216320D194F8341011F012
:10995000370F06D001F0C80184F8341084F8356060
:1099600001E084F8357094F8341009070ED494F8A7
:109970003A10AA790A4B1143A97194F8381034337C
:1099800094F839C05A5C42EA0C025A546469F6F7FA
:10999000C1FC94F836003F28D0D1BDE8F08100002A
:1099A000E4010024F8F711B870470000F0B50F4645
:1099B00018490546807A085C2C18E47A095D01EBA9
:1099C000C001CEB2144951F82640002167622163DC
:1099D00094F83410914384F8341084F83530090732
:1099E0000BD40E4994F83A208B791A438A7134319A
:1099F00094F839300A5C1A430A542946204600F08C
:109A00000FF8216A19B1204600F01CF8E5613046D4
:109A1000F0BD000064680108D00A0524E4010024B8
:109A200010B590F8382090F839408B18DA7AA243B4
:109A3000DA7204D18A7A90F83A309A438A72002115
:109A4000C16110BD70B590F8385090F83A4090F868
:109A50003960086809E04319DA7AB243DA7202D150
:109A6000827AA243827251F8040F0028F3D170BDAC
:109A700030B5114C00F10B02216AC86191F8383001
:109A800091F839109D5C0D439D54216A827A91F8BA
:109A90003A301A43827291F8380004F1340391F895
:109AA00039501A5CAA431A5404D191F83A10A0799B
:109AB0008843A07130BD0000E401002400228272BE
:109AC00011464318491CC9B20829DA72F9D3704704
:109AD0000E48502110B500F0A3F80C4B00200446AE
:109AE000411C03EB00108AB203EB021204704260C7
:109AF00007A2C26088B20428F2D303EB001004A1CD
:109B000004704460C1600348036010BD6013052405
:109B10003F00000020020024D0E9001200232AB1F7
:109B2000116001B14A60806883627047C268002991
:109B30005160F8D04B60F6E712484FF4347110B51D
:109B400000F06EF80F4B00200446411C00EB400073
:109B50000A4689B203EBC00001EB410103EBC101EE
:109B60000470416008A1416190B21D28EDD300EB63
:109B7000400005A103EBC00004704460416103484C
:109B8000036110BD000405243F000000E40100242F
:109B90000648002101638170C1700172C171C1600A
:109BA000C16181614161417081727047E4010024AB
:109BB00017484FF4F26110B500F032F815484FF431
:109BC000807100F02DF8124B0020411C00EB400486
:109BD0000A4604EBC000C9B203EBC00001EB41042C
:109BE00004EBC10103EBC10141610B490165D0B236
:109BF0001528EAD300EB4001074A01EBC000002121
:109C000003EBC0000265416104484362C16210BDBC
:109C1000D00B0524D00A0524889B0008E401002409
:109C2000002203E0491E89B200F8012B0029F9D176
:109C3000704700000E48F02110B5FFF7F1FF0C4B04
:109C40000020411C0A4689B200EB400001EB4101B3
:109C500003EBC10143F8301090B20928F1D300EBB7
:109C60004000002143F830100248036010BD00009E
:109C7000B01305242402002470B5F6F747FB0E4C00
:109C80000546A07898B9E07888B900F019F80B4833
:109C9000627950F82210A1622079824207D0C86B05
:109CA000401CC863E068401CE060F6F74AFB2846A9
:109CB000BDE87040F6F72EBBE4010024D00A05246D
:109CC0000649054A01F134038879105C1B5CD25CBB
:109CD00002EBC0004871704764680108E401002489
:109CE0002DE9F05F984691460E460546DDE90ABA31
:109CF000F6F70CFB354F7C6A002C62D061691C348E
:109D00007962F6F707FB44F81C6C0026A576012360
:109D1000267605F007016676666144F810BC44E9D2
:109D200006A90C9824F80C0CE80824F80A8CE677AD
:109D3000207703FA00F2E17625A0A27703FA01F278
:109D4000627726606660E660A6602662A66266624A
:109D5000E662C4E90C6000201C3C04EB8001401C5E
:109D600010F0FF004E65F8D02046FFF78DFAF6F7A9
:109D7000CDFA184941F82540F6F7CCFA2046FFF70E
:109D800017FBF6F7C3FA0146F86AC4E9050600B105
:109D90008461FC6294F83A00BA7910430B4AB871B6
:109DA00094F83800343294F83940135C2343135448
:109DB000387A401C38720846F6F7ACFA0020BDE845
:109DC000F09FF6F7A7FA4220F9E70000E40100242B
:109DD0003F000000D00A0524054CF6F797FAE16928
:109DE000491CE161F6F796FAFFF786FBF5E70000FC
:109DF000E4010024044810B50068FFF7A9FBBDE8A2
:109E00001040FF20FFF7D6BA04020024184C02E0ED
:109E1000C820FFF70FFD60780028F9D06069642141
:109E20000025B0FBF1F0606118B9FF202570FFF745
:109E30009DFCF6F76BFA616964225143E161F6F724
:109E400069FAF6F763FAE169C4E90615F6F762FA0A
:109E5000D4E90510B0FBF1F0C0F164002070FFF709
:109E600079FB00F007F86420FFF7E4FCE9E7000065
:109E7000E40100247CB50C4D002469462046FFF720
:109E80006BFB58B955F8241041B1012906D0D1E92E
:109E9000020200EB820088640198C864641CE4B28A
:109EA0003F2CEAD97CBD0000D00A0524D30707D097
:109EB000920705D50022002902D0491E04C0FAE706
:109EC000704700002DE9F04100240E460746F6F7E2
:109ED000EEF90A4D286806F029FB28683246394613
:109EE00006F084FC0546F6F7E4F92DB104A002F073
:109EF00003FF2046BDE8F0810124FAE74C0000246E
:109F000073667470204F70656E46696C652C2066B0
:109F10005F6F70656E206572726F72203D202564E0
:109F20000D0A2C20726573002DE9F0474FF00008F0
:109F30001E4F1F4C894682464546464627E02178FB
:109F40001AF8050005292CD2DFE801F003070D12ED
:109F500026002A2819D1012016E0232801D1022049
:109F600012E0267011E0387003202070E6800CE0CB
:109F7000232805D0E188491C89B2E180785404E0A7
:109F8000E08838444670042020706D1CADB24D4509
:109F9000D5D34046BDE8F0872A28E2D197F8008063
:109FA000DFE704A002F0A8FEDBE70000445D012427
:109FB000CC0000244552524F523A200D0A466169A6
:109FC00074616C204572726F722C20756E6B6E6FAF
:109FD000776E2073746174652121210D0D0A0000D4
:109FE0002DE9F04114460E46002205464FF4FE606E
:109FF000F9F716FC154F00F108037868008AF9F7A5
:10A0000004FCF968002900DAFE60B446F9684FF0F4
:10A01000FF36614515DBA14213DC01FB0031284608
:10A02000FDF75AFFF9690022F86808440849F8600A
:10A03000897DE970FA21A042A97003DB0122FE604C
:10A0400000E0FE601046BDE8F08100000801002439
:10A05000246D00242DE9F04114460E4600220546E9
:10A060004FF4FE60F9F7DCFB154F00F10803786848
:10A07000008AF9F7CAFB796A002900DA7E62B446E1
:10A08000796A4FF0FF36614516DBA14214DC01FB13
:10A0900000312846FDF720FFD7E9081000220844C8
:10A0A0000849786291F8BE19E970FA21A042A970B6
:10A0B00003DB01227E6200E07E621046BDE8F08193
:10A0C00008010024246D00242DE9F04105461446C2
:10A0D0000F462DED028B08681060486850602846D6
:10A0E000F9F7A8FB40F235127949002840F6FF76CF
:10A0F00015FB02F201EBC2057DD095F8A52005F114
:10A100008000EAB395F8A410D1B3082A43D80829EF
:10A1100041D8B6FBF1F36088A0F6FF70404290FB97
:10A12000F3F0238800EE100AB6FBF2F0F8EEC00A56
:10A13000F5EEC00AB3FBF0F000EE100AB8EE400AEC
:10A14000F1EE10FA7DDB10EE900A4FF08243984258
:10A1500077DCB5EEC00AF1EE10FA72DB10EE100AF1
:10A1600098427CDCFDEEE00ABDEEC00A10EE903AAB
:10A1700010EE100A994200DC4B1E824202DC00E025
:10A1800009E0501E03EBC30100EBC00005EB4111D9
:10A1900001EB8000A830002867D03968D0ED060AAE
:10A1A0008AB27F6800EE102A0B0C90ED071AB8EE09
:10A1B000400A60EE800A00EE103AB8EE400A41EE26
:10A1C000000A90ED080A30EE800AB7EEC00AB5EE3C
:10A1D000C00BF1EE10FA46D001EE102AD0ED001AB5
:10A1E00090ED012AB8EE411A61EE811A01EE103AA3
:10A1F000B8EE411A00E038E042EE011A90ED021A82
:10A2000031EE811AB7EEC11A81EE002B01EE102A51
:10A21000D0ED031AB8EE411A61EE811A01EE103A40
:10A22000B8EE411AF7EEC28B90ED042A42EE011A05
:10A2300090ED051A31EE811AB7EEC11A81EE002BAE
:10A2400000E00CE0B7EEC28BBCEEE80A10EE100A9C
:10A250002080BCEEC80A10EE100A608005E01DA048
:10A2600002F04AFD01E021606760002018EE901ABC
:10A27000264A914201DB268005E0F5EEC08AF1EE28
:10A2800010FA03D820806071A071E07118EE101AE6
:10A29000914201DB668005E0B5EEC08AF1EE10FA6E
:10A2A00003D860806071A071E071287C20B12088A3
:10A2B000A0F6FF7040422080687C002804D06088AF
:10A2C000A0F6FF7040426080BDEC028BBDE8F081DB
:10A2D000246D00246572726F722066696E65207449
:10A2E000756E652121212121212121212121212179
:10A2F000212121212121212121212121212121214E
:10A3000021212121212121210000000000F07F4591
:10A3100010B500240120F9F765FA00280CDD074884
:10A3200000F00EF8040007D00321002001F0AEFC7D
:10A330000321012001F0AAFC204610BDCCC7012456
:10A3400070B5144E0446002004F11205E27B317B07
:10A3500091420AD1A17B727B914206D1F18901B170
:10A36000491E2846002200F04BF896F8B419E27B0B
:10A3700091420ED1A17B96F8B529914209D1B6F848
:10A38000B61901B1491E2846BDE87040012200F00F
:10A3900037B870BD246D00242DE9F041144D00271D
:10A3A000B5F90200002816DD124CE18901B1491E01
:10A3B000114E0022701C00F023F807460F48007869
:10A3C000012808D1B4F8B61901B1491E0122701C48
:10A3D00000F016F807460020688037B1022101F02E
:10A3E00055FC0221012001F051FC3846BDE8F08106
:10A3F0003C010024246D0024E8C901242C00002421
:10A400002DE9FC5F0746405C3944394E00249046F4
:10A410004978C6E90201F9F7BFF900253561DFF88F
:10A42000D4B0B8F1000F344E284640F6C41A44F6B2
:10A430003C2903D0B8F1010F2CD056E001A96A469F
:10A44000F9F78AF92D4C804639464F464FF4007291
:10A450002068384408F070FEB8F1000F18DD264877
:10A46000DDE90021FFF7BCFD002811DB31885145F3
:10A470000ED2F0783C280BD2B5703A461E492068BF
:10A4800008F05AFE20689BF81610C170FA218170FE
:10A4900002242AE001A96A46F9F75EF9184C8046C1
:10A4A00039464F464FF400722068384408F044FEA5
:10A4B000B8F1000F18DD1048DDE90021FFF7CAFDF3
:10A4C000002811DB318851450ED2F0783C280BD2A0
:10A4D000B5703A460849206808F02EFE20689BF8BF
:10A4E000BE19C170FA21817003242046BDE8FC9F8B
:10A4F0003C010024246D0024200F0124640000246A
:10A500006C00002454482DE9F041524C86B001689B
:10A5100041F002010160016841F0200101604E48F4
:10A520000C38016841F48041016040200090022015
:10A5300001900320DFF82481002569460A2704974B
:10A54000CDE902504046FAF703F80420694609268F
:10A55000049600904046F9F7FBFF0496C020404E59
:10A56000694600903046F9F7F3FF4FF440706946B2
:10A57000049700903046F9F7EBFF374864380168DC
:10A5800041F480410160016821F48041016031485B
:10A59000203881688906FCD4324901603249416023
:10A5A000016841F00101016081688906FCD44FF423
:10A5B0009C71416181688907FCD5C16841F0020145
:10A5C000C16081688906FCD44FF483714161816860
:10A5D0008907FCD5C16841F00201C1608168890624
:10A5E000FCD422494161056181684907FCD53021CD
:10A5F0002170016841F00401016081688907FCD580
:10A60000C16841F00201C16081688906FCD481689B
:10A610008906FCD4C561164941611648016821F4D8
:10A6200080310160134970310A6822F001020A602A
:10A630000A1D156082060F4B78331A601B1D0E4AE7
:10A640001A6005220A60016841F48031016006B099
:10A65000BDE8F08120500052E04402580004025846
:10A66000001402581003000101041600C003000387
:10A67000EBEF180F24ED00E02D0003032DE9F04768
:10A68000DFF8E48004460F464FF00009D8F80000D8
:10A69000C043800709D0344D283D286820F08060F1
:10A6A0002860FAF757F8064607E00120BDE8F08772
:10A6B000FAF750F8801B02284ED828680001F7D41A
:10A6C000D8F80010226821F47C3141EA0231C8F840
:10A6D0000010207A4FF4FE02A1884002491EA0F526
:10A6E000007080B2C1F308010843A189491E02EA43
:10A6F00001410843217C1202491E02EA016108431C
:10A700001949103108601848001D0168626921F07C
:10A71000C001114301600168A26921F020011143C9
:10A7200001606FB10168012F0ED041F4001101608A
:10A73000286840F080602860FAF70CF804460DE0C5
:10A74000016841F40021F2E741F48011EFE7FAF7E4
:10A7500001F8001B022801D90320A7E7286800019F
:10A76000F5D54846A2E70000284402582DE9F047F5
:10A77000DFF8E48004460F464FF00009D8F80000E7
:10A78000C043800709D0344D283D286820F0805010
:10A790002860F9F7DFFF064607E00120BDE8F087F3
:10A7A000F9F7D8FF801B02284ED828688000F7D41C
:10A7B000D8F80010228821F07C7141EA0251C8F8D3
:10A7C0000010207A4FF4FE02A1884002491EA0F535
:10A7D000007080B2C1F308010843A189491E02EA52
:10A7E00001410843217C1202491E02EA016108432B
:10A7F0001949183108601848001D0168626921F480
:10A800004061114301600168A26921F400711143A4
:10A8100001606FB10168012F0ED041F080710160BD
:10A82000286840F080502860F9F794FF04460DE056
:10A83000016841F48001F2E741F40001EFE7F9F724
:10A8400089FF001B022801D90320A7E728688000A0
:10A85000F5D54846A2E700002844025801490020E7
:10A8600088607047DC0000240E49002070B5086045
:10A87000BFF34F8F081F006843F6FF740A4DC0F303
:10A880004E31C0F3C90304EA4112184642EA807609
:10A890002E60401EFAD2491EF5D2BFF34F8FBFF390
:10A8A0006F8F70BD84ED00E074EF00E00E49002072
:10A8B00070B50860BFF34F8F081F006843F6FF7440
:10A8C0000A4DC0F34E31C0F3C90304EA41121846E1
:10A8D00042EA80762E60401EFAD2491EF5D2BFF3BE
:10A8E0004F8FBFF36F8F70BD84ED00E074EF00E019
:10A8F00010B586B0044600200091372101914FF435
:10A900008071CDE90210080169460490204600F0EC
:10A9100059FB372141F28832204600F00FFA06B089
:10A9200010BD10B586B00446002000912921019188
:10A930004FF48071CDE90210080169460490204669
:10A9400000F040FB204600F0B1FA06B010BD10B593
:10A9500086B0044600200091102101910901CDE943
:10A960000210080169460490204600F02BFB1021DC
:10A9700041F28832204600F0E1F906B010BD10B572
:10A9800086B0044600200091062101914FF48071A9
:10A99000CDE90210080169460490204600F012FB40
:10A9A000062141F28832204600F0C8F906B010BDF9
:10A9B00030B585B00446002569464FF480500095B7
:10A9C00001950295CDE90350204600F0FBFA0B48B3
:10A9D0004FF4FA510068B0FBF1F141F28830414385
:10A9E000491E02D24FF0004504E0606B0006F7D527
:10A9F0000348A06305B0284630BD000024000024B1
:10AA0000C500200030B585B004464FF4D5706946C6
:10AA100000250090082001904001CDE902050001C9
:10AA20000490204600F0CEFA12484FF4FA51006824
:10AA3000B0FBF1F041F288314843401E03D24FF0A1
:10AA4000004005B030BD616B11F0450FF5D0606B73
:10AA5000400701D5042003E0606BC00702D001204D
:10AA6000A063EEE7606B400601D54020A063284656
:10AA7000E7E700002400002410B586B0044600205B
:10AA80000091122101914FF48071CDE9021008016B
:10AA900069460490204600F095FA122141F288326E
:10AAA000204600F04BF906B010BD10B586B0044644
:10AAB00000200091112101914FF48071CDE9021025
:10AAC000080169460490204600F07CFA112141F209
:10AAD0008832204600F032F906B010BD10B586B0BD
:10AAE00004464FF4807007210092CDE90110002048
:10AAF00003904FF4805069460490204600F062FABB
:10AB0000072141F28832204600F018F906B010BD46
:10AB100010B586B00446002102224FF44070CDE902
:10AB20000201D0020490CDE900126946204600F0EF
:10AB300049FA204600F092F906B010BD10B586B073
:10AB4000044600200091092101914FF44071CDE9A4
:10AB500002104FF4805069460490204600F032FA0B
:10AB6000204600F07BF906B010BD10B586B0044653
:10AB7000002133224FF48070CDE9020100010490DE
:10AB8000CDE900126946204600F01CFA332141F25B
:10AB90008832204600F0D2F806B010BD10B586B05D
:10ABA0000446002000910D2101914FF48071CDE900
:10ABB0000210080169460490204600F003FA0D21B6
:10ABC00041F28832204600F0B9F806B010BD30B529
:10ABD00085B0054603200C4600236946CDE90030C8
:10ABE0004FF48070CDE9020300010490284600F084
:10ABF000E9F903212246284600F07AF905B030BD74
:10AC000010B586B0044600210D224FF48070CDE9C6
:10AC1000020100010490CDE900126946204600F0CF
:10AC2000D1F90D2141F28832204600F087F806B0B4
:10AC300010BD000010B50C21044686B00020CDE9FF
:10AC400000014FF48071CDE9021008010490E06822
:10AC500040F08000E060E06820F04000E06069467D
:10AC6000204600F0AFF9054A0C21204600F066F8B6
:10AC7000E16821F08001E16006B010BD00E1F5055A
:10AC800010B586B0044600200091062101914FF4D2
:10AC90008071CDE90210080169460490204600F059
:10ACA00091F9062141F28832204600F047F806B0BB
:10ACB00010BD10B586B00446002000911921019105
:10ACC0004FF48071CDE902100801694604902046D6
:10ACD00000F078F9192141F28832204600F02EF870
:10ACE00006B010BD10B586B00446002000911821B2
:10ACF00001914FF48071CDE902100801694604907A
:10AD0000204600F05FF9182141F28832204600F019
:10AD100015F806B010BD0A6842624A688262D1E93D
:10AD200002231A43D1E904310B43C16A1A4321F0CB
:10AD3000FF011143C162002070470000444B10B571
:10AD40004FF4FA541B68B3FBF4F35343414A5B1EC0
:10AD500002D24FF0004010BD446B1442F7D0426B5A
:10AD6000520703D504218163084610BD426BD20708
:10AD700002D00121816306E0364A80328263026993
:10AD8000D2B28A4201D0012010BD002100F0F8F8B3
:10AD90003149084201D1002010BD002802DA4FF0ED
:10ADA000007010BD410001D5402010BD810001D5CB
:10ADB000802010BDC10002D54FF4807010BD01018C
:10ADC00002D54FF4007010BD410102D54FF48060F0
:10ADD00010BDC10102D54FF4006010BD010202D5C3
:10ADE0004FF4805010BD410202D54FF4005010BD09
:10ADF000810202D54FF4804010BDC10202D54FF44C
:10AE0000004010BD410302D54FF4003010BD810356
:10AE100002D54FF4802010BDC10302D54FF40020AD
:10AE200010BD010402D54FF4801010BD410402D5BD
:10AE30004FF4001010BD810402D54FF4800010BD06
:10AE4000000702D54FF4000010BD4FF4803010BD54
:10AE5000240000244500200008E0FFFD11494FF4C4
:10AE6000FA520968B1FBF2F141F288325143491EAE
:10AE700002D24FF000407047426B12F0450FF6D0FF
:10AE8000416B490703D50421816308467047416B34
:10AE9000C90703D0012181630846704702498163D5
:10AEA0000020704724000024C50020000E494FF404
:10AEB000FA520968B1FBF2F141F288325143491E5E
:10AEC00002D24FF000407047426B12F0450FF6D0AF
:10AED000416B490703D50421816308467047034944
:10AEE000816300207047000024000024C50020007A
:10AEF0001F4B10B54FF4FA541B68B3FBF4F341F247
:10AF0000883463435B1E02D24FF0004010BD446B97
:10AF100014F0450FF6D0436B5B0703D50421816322
:10AF2000084610BD436BDB0702D00121816303E0BB
:10AF30000369DBB28B4201D0012010BD0D49816352
:10AF4000002100F01DF810F4604F04D0410406D534
:10AF50004FF4005010BD000C1080002010BD000404
:10AF600002D54FF4805010BD4FF4803010BD00006A
:10AF700024000024C5002000006800F00300704792
:10AF8000084440697047000030B51143DDE90345CE
:10AF90004268234319432943024B1A400A43426043
:10AFA000002030BD002CFCFF10B5016841F003010A
:10AFB00001600220F8F78CFD002010BDD0F8800061
:10AFC000704700000A688260D1E901231A43D1E981
:10AFD00003310B43C1681A43024B19401143C1604E
:10AFE00000207047C0E0FEFF0968C0F88010002014
:10AFF0007047000010B5064C01202070F6F78CFD5C
:10B0000018B9207820F001002070207810BD0000D1
:10B01000FE0200242DE9F04F87B00E460446F9F7F2
:10B0200099FB002581462F4620680821B846FFF786
:10B030008EFC00283CD1B4F8440001042068FFF7DE
:10B0400057FC002834D14FF0080A4FF0020B401E85
:10B050006946CDE9000A3020CDE9020B0120CDE997
:10B0600004702068FFF757FE2068FFF77EFD002878
:10B070001ED111E0416B090308D43DB9FFF79EFFD3
:10B0800007462068FFF79AFF01258046F9F762FB23
:10B09000A0EB0900401C0ED02068416B40F22A5200
:10B0A0001142E7D0416B090708D5C0F838A0082045
:10B0B00007B0BDE8F08F4FF00040F9E7416B89071A
:10B0C00003D5C0F838B00220F2E7416B890603D5FA
:10B0D000202181630846EBE70449816398FA88F0F0
:10B0E000306038BA70600020E2E700003A0F0018C4
:10B0F0002DE9F04F97B0054640214FF00008684613
:10B10000F5F7F6F90026F9F725FB8146A86D18B189
:10B11000B0F5807F05D065E04FF0806017B0BDE8E6
:10B12000F08F28680024C46240212868FFF70FFCD4
:10B130000028F3D1401E4FF0020A4FF0010B10908F
:10B14000402011906020CDE9120ACDE9144B286807
:10B1500010A9FFF7E0FD10B14FF48030DEE722497F
:10B160002868FFF78DFD5FEA0008D7D16F46296890
:10B17000486B40F22A5210421AD1486B00040BD59A
:10B1800000242868FFF71AFF04EBC601641C082C92
:10B1900047F82100F5D3761CF9F7DCFAA0EB09009B
:10B1A000401CE4D14FF00040686385F830B0B5E74B
:10B1B000486B000703D5082088630020AEE7486B82
:10B1C000800701D5504603E0486B800602D5202059
:10B1D0008863A3E7054888639DF80D00800701D4C4
:10B1E0004FF08058404699E701FFFF80FF0FE01FB6
:10B1F00010B58CB004460120ADF82C002068FFF794
:10B20000BBFE002853D0A06B032841D02068FFF775
:10B210007FFC002849D120680021FFF7B1FEE066DD
:10B2200004212068FFF7ACFE206708212068FFF7A3
:10B23000A7FE60670C212068FFF7A2FEA067A06B45
:10B24000032825D020680BA9FFF7C1FC00282CD1CA
:10B25000A06B03281CD0BDF82C006064010420689A
:10B26000FFF76CFC002820D120680021FFF788FE42
:10B27000E06504212068FFF783FE2066082120682E
:10B28000FFF77EFE60660C212068FFF779FEA0665E
:10B2900004212068FFF774FE000D694620642046F3
:10B2A000FAF7F6FD30B14FF080500CB010BD4FF002
:10B2B0008060FAE7B4F84400002302042068FFF736
:10B2C0000DFCF2E72DE9F84F0026044637463546D7
:10B2D00000960068FFF76CFB00281FD12068FFF77D
:10B2E00091FB4FF0010808B1E66301E0C4F83C802F
:10B2F00000212068FFF7FCFA4FF080594FF6FF76E7
:10B3000058B917E020680021FFF7F2FA002805D1AC
:10B3100020685146FFF705FB10B14846BDE8F88F9D
:10B3200020680021FFF72CFEC50F07460098401C3F
:10B33000009002E0DFF820A00098B04201D2002D7A
:10B34000E0D0B04202D34FF08070E7E7780001D53B
:10B35000C4F838800020E1E7000010C12DE9F04179
:10B3600086B00D460446F9F7F5F900210746206836
:10B37000FFF706FE800104D54FF4006006B0BDE87B
:10B38000F08120684021FFF7E2FAD8B9B4F8440010
:10B3900001042068FFF7ACFAA0B94FF0FF3000902D
:10B3A0004020019060200290022003900020049031
:10B3B0000120059020686946FFF7ADFC2068FFF783
:10B3C0001FFC98B1616B6163D8E7406B000407D53F
:10B3D00000262068FFF7F2FD761C082E01C5F8D381
:10B3E000F9F7B8F9C01B401C02D126E04FF0004825
:10B3F0002068416B11F4957FE7D0416B090701D5B7
:10B400000820BBE7416B890701D50220B6E7406BF6
:10B41000800609D52020B1E7FFF7D0FD01C5F9F777
:10B4200099F9C01B401C08D02068416B8904F3D4F3
:10B430002168034888630020A0E740469EE700009B
:10B440003A0F001870B5064C054601202070F6F73B
:10B450006FFB18B92846FFF7CDFD2070207870BD2E
:10B46000FE020024124810B58AB014460078C007C6
:10B4700002D003200AB010BDC1B1012905D00229B4
:10B4800008D003290CD00420F4E76846F6F73EFB09
:10B4900006980AE06846F6F739FB0798208005E031
:10B4A0006846F6F733FB0798400A20600020E1E782
:10B4B000FE02002470B501241D4616460846A31E50
:10B4C0002A463146F6F75AFB20B9F6F725FB002845
:10B4D000FBD10024204670BDFFF78CBD70B5012460
:10B4E0001D4616460846A31E2A463146F6F756FB69
:10B4F00020B9F6F711FB0028FBD10024204670BDCF
:10B5000010B5164C4FF08061134820604FF4800056
:10B5100060604FF4C020A0600F20E0604FF000702A
:10B5200020610020C4E90501490161656063C90823
:10B53000C4E907106062A0620720E0622046FBF7C2
:10B54000D9F82068016841F001010160BDE81040B0
:10B55000FF2000F005B8000000380040C0D10124F1
:10B5600001B582B04FF47A700123009001AA03481C
:10B5700002A9FBF753FA9DF804000EBDC0D10124C7
:10B5800010B5164C4FF08061134820604FF48000D6
:10B5900060604FF4C020A0600F20E0604FF00070AA
:10B5A00020610020C4E90501490161656063C908A3
:10B5B000C4E907106062A0620720E0622046FBF742
:10B5C00099F82068016841F001010160BDE8104070
:10B5D000FF2000F005B80000003C004048D20124E4
:10B5E00001B582B04FF47A700123009001AA03489C
:10B5F00002A9FBF713FA9DF804000EBD48D20124FE
:10B6000010B5164C4FF08061134820604FF4800055
:10B6100060604FF4C020A0600F20E0604FF0007029
:10B6200020610020C4E90501490161656063C90822
:10B63000C4E907106062A0620720E0622046FBF7C1
:10B6400059F82068016841F001010160BDE810402F
:10B65000FF2000F005B8000000340140D0D20124E2
:10B6600001B582B04FF47A700123009001AA03481B
:10B6700002A9FBF7D3F99DF804000EBDD0D2012436
:10B6800010B502685169936943F008039361026839
:10B69000936943F0100393610268136823F0010378
:10B6A00013600268136940F26B34A34313610268AC
:10B6B000936823F44043936090F88120042A0CD0CF
:10B6C0008A060AD5D0F8842042F08002C0F884208F
:10B6D0000268936943F02003936190F88120032A64
:10B6E0001DD04A060AD5D0F8842042F00402C0F8E2
:10B6F00084200268936943F040039361826AB2F543
:10B70000800F0CD10A060AD5D0F8842042F002023C
:10B71000C0F884200268936943F0800393618A052E
:10B720000AD5D0F8842042F00102C0F884200268D3
:10B73000936943F400739361C9050AD5D0F8841066
:10B7400041F00801C0F8841001688A6942F48072EF
:10B750008A610021A0F86210A0F86A1010BD0000F4
:10B7600000B5AFB04FF440500090002017901890F3
:10B770006846F9F7B1FAFFF7C3FE054800780128DB
:10B7800003D1FFF7FDFEFFF73BFF2FB000BD000028
:10B790002C0000242DE9F0411E4617460D46804638
:10B7A000069C0AE0601C08D024B1F8F7D3FF801B88
:10B7B000A04202D90320BDE8F081D8F8000040691A
:10B7C00035EA000004D00020B842EBD00020F2E7B8
:10B7D0000120F9E7026842F40062026042686FF3F8
:10B7E0000F02521C4260026842F0010202600268CD
:10B7F00042F40072026001844169C9430907FBD425
:10B80000816941F018018161016821F00101016045
:10B810000020704770470000F8B500250095F4F748
:10B8200046FD144C02220FA1206A04F0DFFF28B16C
:10B83000206A06220BA104F0D9FF78B942F208066B
:10B840000D49206A6B46324605F011FA18B9009886
:10B85000B04200D10125206A04F068FEF4F729FD0A
:10B860002846F8BD303A2F64616D65692F622E74E9
:10B87000787400002C000024748000247CB50446F9
:10B880001848002500680422010E8DF80010010CF4
:10B890008DF80110010A8DF8021021468DF8030081
:10B8A0006846F4F790FED0B90020F7F74FFBA8B92F
:10B8B0000020FCF797FD88B902230020194601AA51
:10B8C0000190FDF74BF94FF400721046F7F7A8FF0F
:10B8D000002103460190201DF7F7D6FD05462846B6
:10B8E0007CBD000000E8F11F2DE9F34F81B04FF05F
:10B8F000080B002004278046044606468146009037
:10B90000F4F7D5FC0198DFF8B0A1002845D0DAF8AB
:10B910000000554604F00AFE01990122286804F04F
:10B9200065FF070039D1202107F0F6FB050034D070
:10B9300020226B460146DAF8000005F020F80700E7
:10B9400027D10098202824D15C48698A4068428A1F
:10B95000914211D16969426991420DD1298A028AC5
:10B96000914209D1A9698269914205D154A001F09F
:10B97000C3F94FF0010903E02022294607F0DCFB60
:10B980004E4840680119641C082C097A3144CEB233
:10B99000F8DB0020294607F0B3FB59EA070076D10F
:10B9A000F7F70AFC5048FFF769FF4FF4FE60F7F71E
:10B9B00037FF424F044604224FF47A757968088AAB
:10B9C00002EBC0094A8AAA4205D948A0294601F0DB
:10B9D00093F9786845826B467868B968408A420076
:10B9E000DAF8000004F0CBFF4C484FF40072234615
:10B9F0005946F7F749FD0BEB0405DFF824B10122A6
:10BA000002215C465846F8F7A0FE01222046114666
:10BA1000F8F79BFE002435E0029878B36B464A465F
:10BA20000146DAF8000004F0AAFF18BB009A4A4564
:10BA300027D102983146F6F75AFA0298294600F0C3
:10BA4000C5F8002817DD0544642094FBF0F100FBE5
:10BA5000114078B978682B462146426931A001F03F
:10BA60004BF902215F465846F8F76BFE0121384634
:10BA7000F8F767FE05E04FF0FF3808E0FFE76FF0EA
:10BA80000108641C0D4F78684069A042C4D8DAF8F8
:10BA9000000004F04BFD224C002202212046F8F762
:10BAA00054FE012220461146F8F74FFEF4F701FC40
:10BAB0004046BDE8FE8F000050000024080100242D
:10BAC00044617461626173652068617320616C72A6
:10BAD00065616479207361766564206265666F7262
:10BAE00065210D0A0000000054C50124546F6F2029
:10BAF0006D616E7920637565732C202564206F66F7
:10BB000020256420637565732077696C6C206265FD
:10BB10002073617665642E0D0A000000A45D012487
:10BB200000040258577269746520256420667261AA
:10BB30006D65206F66202564206672616D65732CCB
:10BB400020736563746F72206E756D203D202564CF
:10BB50000D0A00002DE9F05F1B490020DFF864E0CA
:10BB6000834691F80AA091F80B9091F80C8091F817
:10BB70000DC08F7CCE7C0D7D4C7D40F2351300FBDB
:10BB800003F1401CC0B202280EF831B00EEBC10127
:10BB90004B7803F0FE034B7081F803B081F802B0DC
:10BBA00081F804A081F8059081F8068081F807C02B
:10BBB0000F724E728D72CC72DFD3BDE8F05F00F071
:10BBC00023B80000246D0024A01605242DE9F041BF
:10BBD0000C4C07460E464FF0FF356068008AF7F7B9
:10BBE00014FE4FF40072034631463846F7F74CFC1A
:10BBF00020B96068008AF7F708FE05462846BDE8C8
:10BC0000F081000008010024F8B500250095F4F744
:10BC10004EFB144C02220FA1206A04F0E7FD28B16C
:10BC2000206A06220BA104F0E1FD78B941F25036FA
:10BC30000D49206A6B46324605F019F818B900988C
:10BC4000B04200D10125206A04F070FCF4F731FB0A
:10BC50002846F8BD303A2F64616D65692F312E7426
:10BC6000787400002C000024246D002440F202228D
:10BC70000146044810B5F4F713FC03484188491CF9
:10BC8000418010BDE8C901243C010024032900D9EA
:10BC9000002140F23512012910FB02F2084800EBA6
:10BCA000C20251750BD1807D4FF47A71B1FBF0F077
:10BCB000044908800120044908600449086070476D
:10BCC000246D00240A0000242401002428010024FB
:10BCD00010B50C4681B20020F6F7FCF8A1B20120A5
:10BCE000F6F7F8F8002010BD2DE9F0470E461C4687
:10BCF00081B21546DDF820900020F6F7EBF8B1B2DE
:10BD00000120F6F7E7F8DFF8788026464FF6FF7453
:10BD10004FF4807740460022394604EA861604EA4A
:10BD20008515F8F712FD2946164D2846FFF752FDF6
:10BD3000012239464046F8F708FD2F1540460022FB
:10BD40003946F8F702FD31462846FFF743FD012248
:10BD500039464046F8F7F9FC6E1440460022314659
:10BD600004EA8914F8F7F1FC21462846FFF732FD72
:10BD7000012231464046F8F7E8FC0020BDE8F08794
:10BD8000000C0258003800402DE9F05F9146314A1E
:10BD900098461278012A59D18C004FF4006685002C
:10BDA0002D4800223146F8F7D0FC77002A480022BF
:10BDB0003946F8F7CAFCA9B2284DDFF8A4B0A3B2FF
:10BDC0002A46584600F003FF234801223146F8F77F
:10BDD000BCFC214801223946F8F7B7FC4FF6FF7446
:10BDE00004EA8816DFF87C8000228021404604EABD
:10BDF0008917F8F7AAFCDFF870A04FF480790022C9
:10BE000049465046F8F7A1FC3B462A46314658467B
:10BE100000F0DDFE012240468021F8F796FC012269
:10BE200049465046F8F791FC0A986E1400223146B4
:10BE300004EA80140848F8F788FC21462846FFF7F2
:10BE4000C9FC054801223146F8F77FFC0020BDE817
:10BE5000F09F00002C00002400100258003C00401D
:10BE600000340140000802580000025800284FF436
:10BE7000FA7110B500DC012091FBF0F400F050F9EC
:10BE8000601E40F28F11BDE8104000F033B9000091
:10BE90000B4910B50978012910D100284FF4FA7127
:10BEA00000DC012091FBF0F400F068F9641E40F220
:10BEB0008F11A0B2BDE8104000F04AB910BD0000DB
:10BEC0002C0000244FF4FA7191FBF0F040F28F1136
:10BED000401E00F0E3B8000070B5294C9CB0256806
:10BEE00025F004052560264C00260C34256845F411
:10BEF00040452560256805F440451B952568AD043F
:10BF0000FCD5012400940CAD039624040194022472
:10BF10000994CDE90A410796082485E80D00CDE98A
:10BF200010466846F9F7DEFC98B9FEF7EBFA3F20B9
:10BF300013900320CDE9140640200101CDE91640FD
:10BF4000CDE9180150201A90022113A8F9F71CFB23
:10BF500010B101201CB070BD0A48016841F0800199
:10BF600001600848F430016841F002010160006896
:10BF700000F002001B90F8F7E3FA0020EAE7000067
:10BF80000C4802580044025810B50A4CA06B807847
:10BF900000280DD000F0C4F8D4E90E10C4E90E0159
:10BFA00000218170E06BC078BDE81040FFF75EBFF4
:10BFB00010BD00002C00002410B50A4C206C8078C5
:10BFC00000280DD000F0DAF8D4E91010C4E910010F
:10BFD00000218170606CC078BDE81040FFF758BF49
:10BFE00010BD00002C00002410B5F8F7B9FB06487E
:10BFF0000078012807D1FCF7E7FEFDF783FCBDE8D8
:10C000001040FCF7EDBE10BDEB0100241C48016898
:10C0100041F4700101601B49086840F001000860AC
:10C02000184A0020103210600A68174B1A400A6044
:10C03000144A18321060121D1060121D1060114A4F
:10C0400028321060121D1060121D1060121D106049
:10C05000121D1060121D1060121D1060121D106064
:10C060000A6822F480220A600649603108600120D3
:10C070000649C1F80801C0060149803908607047C7
:10C0800088ED00E0004402587FEDF6EA00800051A0
:10C090000148FAF7DABE000038D00124084A4FF010
:10C0A000804310B5C2E900310021C2E902101046F8
:10C0B0001161FAF76BFEBDE810400148FAF7B8BE0F
:10C0C00038D0012407480068016A41F21112114278
:10C0D00007D1016A9210114203D1018821F00101B8
:10C0E0000180704738D001240148FAF7AEBE000045
:10C0F000B8CF0124094A084B10B5C2E9003100212C
:10C10000C2E9021010461161FAF740FEBDE8104086
:10C110000248FAF78DBE000000040040B8CF0124A9
:10C1200007480068016A41F21112114207D1016A01
:10C130009210114203D1018821F001010180704762
:10C14000B8CF01240148FAF780BE0000F8CF0124DF
:10C15000094A084B10B5C2E900310021C2E90210BA
:10C1600010461161FAF712FEBDE810400248FAF7D6
:10C170005FBE000000100040F8CF012407480068AF
:10C18000016A41F21112114207D1016A9210114263
:10C1900003D1018821F0010101807047F8CF01240B
:10C1A0002DE9F04702884FF0804A254C254D264E58
:10C1B000A042264F264B09D0504507D0A84205D0B3
:10C1C000B04203D0B84201D0984204D122F0700CA2
:10C1D0004A6842EA0C02DFF87CC0DFF87C80A042AB
:10C1E000DFF878900FD050450DD0A8420BD0B04268
:10C1F00009D0B84207D0984205D0604503D04045E9
:10C2000001D0484503D122F44075CA682A438D8A7B
:10C2100022F080022A4302808A68C2620A8802856C
:10C22000A04207D0984205D0604503D0404501D0D8
:10C23000484501D1098A018601214161BDE8F087A5
:10C24000000001400004004000080040000C0040D5
:10C25000000401400040014000440140004801400A
:10C26000BFF34F8F05480168054A01F4E0611143AF
:10C270000160BFF34F8F00BFFDE700000CED00E051
:10C280000400FA052DE9F0434FF000080D4685B093
:10C2900006460DF1080940464446474622E0A1F112
:10C2A00030020A2A01D32E291FD1092A19D80228BF
:10C2B00017DC641C09F80010401C315D2E2903D0E6
:10C2C00011B103280EDB10E003280EDC002109F871
:10C2D000001002A8F4F79CFAE8550020641C7F1CAB
:10C2E00000E0641C315D0029D9D11E480078012886
:10C2F00009D1E978A878CDE900016B781AA02A78ED
:10C30000314600F0F9FC2148042F05D0317864292A
:10C310000ED044290CD020E0297801716978417150
:10C32000A9788171E978C171417801F0FE0111E0CD
:10C330007178682901D048290FD1B178632901D0DB
:10C3400043290AD1F178702901D0502905D14178CB
:10C3500041F001014FF00108417005B04046BDE8D1
:10C36000F0830000C80000244C4F473A2054657306
:10C370007453657449502025733D25642E25642E21
:10C3800025642E25640D0A0D0A000000246D00248A
:10C3900070B500250646F4F73BFA84B208480078E9
:10C3A000012804D107A02246314600F0A5FC601FF9
:10C3B0005F2803D82046FFF759FD0125284670BDA8
:10C3C000C80000244C4F473A205465737453657479
:10C3D0005050532025733D25640D0A0D0A000000BE
:10C3E0007047000002498868401C88607047000060
:10C3F000DC00002410B5FCF7E7FC0A48FAF712FE4F
:10C400000848FAF706FE042802D107490020087000
:10C41000012206490348FAF767FFBDE81040FCF720
:10C42000DFBC000034CD0124D80000248C0100249E
:10C4300090F83410C90706D001684A68836B22F46B
:10C4400000321A434A6090F83410890706D5016813
:10C450004A68C36B22F480321A434A6090F8341061
:10C46000490706D501684A68036C22F480221A4302
:10C470004A6090F83410090706D501684A68436C91
:10C4800022F400421A434A6090F83410C90606D5D7
:10C4900001688A68836C22F480521A438A6090F89B
:10C4A0003410890606D501688A68C36C22F40052EC
:10C4B0001A438A6090F83410490611D501684A6819
:10C4C000036D22F480121A434A60016DB1F5801F9A
:10C4D00006D101684A68436D22F4C0021A434A60DB
:10C4E00090F83410090606D501684A68806D22F478
:10C4F000002202434A607047F8B500250446C5672C
:10C50000F8F728F90746206800686FF07E460007B4
:10C5100008D500223B464FF400112046009600F05B
:10C52000FBFA60B92068006840070AD500223B4644
:10C530004FF480012046009600F0EEFA08B1032087
:10C54000F8BD202084F8790084F87A00002084F86F
:10C550007850F8BD10B5806B0021A0F86A10A0F8E3
:10C560006210FAF755FD10BD01680A6822F4907256
:10C570000A6001688A6822F001028A60202180F83E
:10C580007A10704710B5B0F86C2090F87A300168D6
:10C59000222B05D0088B40F008000883022010BD34
:10C5A000898C8368B3F5805F01D103696BB1114059
:10C5B000426E531C43661170B0F86A10491E09049C
:10C5C000090CA0F86A1007D015E0436E11401980DD
:10C5D000416E891C4166EFE701680A6822F4907297
:10C5E0000A6001688A6822F001028A60202180F8CE
:10C5F0007A10FAF7CDFE002010BD00002DE9F04FB3
:10C60000044600688025FD4B0021D4F810C087B097
:10C61000A6680F46D4F81C8046EA0C06D4F814C06D
:10C62000A26A4CEA080C46EA0C0632430668DFF8B8
:10C63000D0C306EA0C061643066020684268E66826
:10C6400022F44052324342602268A0699A4201D0EB
:10C65000266A3043A66AB6F1005F04D1D4E90B6CB8
:10C6600046EA0C0630439668DFF898C306EA0C06E3
:10C67000064396602068C26A666A22F00F0232435F
:10C68000C262E14E2068E14AB04210D1126802F065
:10C690003802182A74D005DCCAB3082A7AD0102AC6
:10C6A00047D179E0202A7BD0282A7CD17AE0D84E65
:10C6B000B04209D1126802F00702062A73D2DFE8FD
:10C6C00002F053696B6D6F71D24EB04209D112689E
:10C6D00002F00702062A66D2DFE802F0465C5E60DE
:10C6E0006264CD4EB04209D1126802F00702062AF8
:10C6F00059D2DFE802F0394F51535557C74EB04277
:10C700000BD1126802F00702062A4CD200E00EE0BC
:10C71000DFE802F02A4042444648C14EB04209D107
:10C72000126802F03802182A38D0BBDCB4E74FF0A8
:10C73000010538E0BB4EB04209D1126802F0070291
:10C74000062A30D2DFE802F01026282A2C2EB64E18
:10C75000B0420BD1126802F00702062A23D2DFE8AA
:10C7600002F003191B1D1F2100251CE098421AD15D
:10C77000A64A121D126802F00702062A13D202E02E
:10C780000CE007E00CE0DFE802F0030507090B0D01
:10C79000022508E0042506E0402504E0082502E023
:10C7A000102500E02025DFF864B2A04E9842DFF8A3
:10C7B00080A2ABF1540B73D1102D31D006DC022DC9
:10C7C00009D0042D0AD0082D2FD111E0202D29D019
:10C7D000402D2AD107E0F8F76DF913E06846F8F725
:10C7E0007FF901980EE003A8F8F7F8F9049809E03A
:10C7F000DBF800105846890610D50068C0F3C10167
:10C800002AFA01F0002811D06168894601EB410144
:10C8100081420AD8B0EB093F07D808E05046F3E759
:10C820008448F1E74FF40040EEE7012733E1102D93
:10C830004FF000084ED006DC022D0FD0042D15D08D
:10C84000082D04D12DE0202D4AD0402D13D00127F2
:10C85000794AA0F54071914270D9E6E7F8F72AF9D4
:10C86000626A0023414636F812200DE06846F8F768
:10C8700037F9019803E003A8F8F7B0F9049800230A
:10C88000616A36F811201946F3F7C9FD626809029A
:10C89000030241EA10615008181841EB080115E045
:10C8A00032E0DBF800105846890609D500680023FD
:10C8B000C0F3C1012AFA01F0616A36F8112015E0CF
:10C8C000606A002336F8102050460FE00023F3F78B
:10C8D000A6FDBDE7606A002336F81020554805E044
:10C8E000606A002336F810204FF400400021F3F76F
:10C8F00096FD0902020241EA10614FEA5900101840
:10C900004A4641EB0801E1E7E3694FF400429342F4
:10C910004DD1082D23D005DC8DB1012D12D0042D71
:10C9200006D112E0102D35D0202D3AD0402D11D057
:10C93000012721F00F00C1F3420108435AE0F8F744
:10C9400029FF16E0F8F73CFF13E06846F8F7C8F84F
:10C9500001980EE003A8F8F741F9049809E0DBF824
:10C9600000105846890608D50068C0F3C1012AFAAC
:10C9700001F0616A36F8111010E0606A36F81010A4
:10C98000BAFBF1F04100606801EB5001B1FBF0F03F
:10C9900081B2CEE7606A36F810102648B0FBF1F09D
:10C9A000F0E7606A36F81000B2FBF0F0EAE7082D15
:10C9B0004AD00ADC0DB3012D43D0042D7FF44DAFD6
:10C9C0006846F8F78DF8019809E0102D52D0202D17
:10C9D00055D0402DF2D103A8F8F700F90498616A08
:10C9E00036F81110B0FBF1F1606801EB5001B1FBBA
:10C9F000F0F080B22168C8604DE01FE0000C0058E4
:10CA0000F369FFCFFFF4FF110010014054440258B6
:10CA10000044004000480040004C004000500040EE
:10CA20000014014000780040007C004004680108C8
:10CA30000090D00300093D00FFFC0F00F8F7AAFEAC
:10CA4000CDE7F8F7BDFECAE7DBF8002059469206AD
:10CA50000AD50968C1F3C1022AFA02F1626A36F8FE
:10CA60001220B1FBF2F20FE0616A36F81120BAFB36
:10CA7000F2F209E0616A36F811200949F1E7616ACA
:10CA800036F81110B2FBF1F2616802EB5102B2FB11
:10CA9000F1F189B2C16007B03846BDE8F08F0000FF
:10CAA00000093D0090F87910212901D0022070473B
:10CAB000B0F8621021B18168B1F5805F13D014E045
:10CAC00001680A68920004D58A6822F400028A602C
:10CAD00003E00A6822F080020A600068016841F001
:10CAE000400101600CE0016961B1C16D4A1CC26581
:10CAF000026809781185B0F86210491EA0F862102A
:10CB000000207047C16D02680988C1F308011185D2
:10CB1000C16D891CC165EEE72DE9F0411E4617463F
:10CB200088460446069D1CE0681C1AD025B1F7F71C
:10CB300011FE801BA84214D92068016821F4D0712D
:10CB400001602068816821F001018160202084F863
:10CB5000790084F87A00002084F878000320BDE88A
:10CB6000F0812068C16938EA010004D00020B84291
:10CB7000DAD00020F3E70120F9E7000070B5104D8E
:10CB80000024FCF721F90F48FAF74CFA02E0641C84
:10CB9000AC4204D80B48FAF73EFA2028F7D100241B
:10CBA00002E0641CAC4206D8074901220548FAF7A6
:10CBB0009BFB0028F5D1BDE87040FCF711B90000DF
:10CBC000FFFF0100B4CC012487010024FEE710B56B
:10CBD0000446006840F40060206060686FF30F0056
:10CBE000401C6060206840F001002060206840F434
:10CBF00000702060218419461046FEF7EBFDA06905
:10CC000040F01800A061206820F0010020600020A2
:10CC100010BD0000F8B5002416460F4605460094E6
:10CC2000F3F745FB29460A4D286803F08FFC30B125
:10CC300008A000F061F8F3F73CFB2046F8BD286837
:10CC40006B463246394604F012F80124F3E700003F
:10CC50004C000024736674702057726974654669CD
:10CC60006C652C20665F6C7365656B206572726FF6
:10CC700072203D2025640D0A2C207265730000008F
:10CC8000F0B504460088012589B090B3606804F1CE
:10CC90000807A0B102213846FDF714F9050004F594
:10CCA000847605D0228831466068FFF7B3FF0546D9
:10CCB0003846F5F7D5F86088012802D019E00A2136
:10CCC000E9E7F3F7F4FA6946384603F014FF2088E1
:10CCD000694630440088ADF80400208804F5857466
:10CCE00020440088ADF80600384603F084FFF3F7CF
:10CCF000E0FA09B02846F0BD0FB4054B10B503A902
:10CD0000044A029800F0C4FC10BC5DF814FB00005B
:10CD10006D1101089001002430B414460D460246FE
:10CD20002146284630BC014B00F0B2BC6D11010811
:10CD300003B401984100009850EAC12018BF0420B4
:10CD40004A0D18BF40F0010040F2FF72B2EB515F94
:10CD500008BF40F00200012808BF052002B070475C
:10CD60000907090E002804DB00F1E02080F8001418
:10CD7000704700F00F0000F1E02080F8141D7047AC
:10CD800000487047F003002430B528B1144C031F4D
:10CD9000002021680A4605E0084630BD9A4203D8C3
:10CDA00010465268002AF9D1002800D041680BD003
:10CDB0000468A3EB0005A54204D11B681C4403468C
:10CDC000046002E0436000E023603AB11C68D51AB9
:10CDD000A54203D115682C441C6052685A6030BDCE
:10CDE000E80300240000000010B529499FED261B30
:10CDF0002DED020B84B0059820F000408842D8BF8A
:10CE00009DED040B2DDD2349884209D1049840B9DA
:10CE10004FF0010000F06CFB00F042FB06B010BDCB
:10CE200005DB9DED040B30EE000B06B010BD68462F
:10CE30009DED040B00F088F810F0030004BF9DED99
:10CE4000021B9DED000B0CD001280ED09DED021BA6
:10CE50009DED000B022810D0012000F0A5FA06B0CD
:10CE600010BD00F0F9F906B010BD9DED021B9DED5F
:10CE7000000B012000F098FA01E000F0EDF906B097
:10CE8000B1EE400B10BD00000000000000000000EB
:10CE9000FB21E93F0000F07F10B529499FED261BDB
:10CEA0002DED020B84B0059820F000408842DCBFD5
:10CEB00000209DED040B2EDD2249884209D1049803
:10CEC00040B94FF0010000F013FB00F0E9FA06B0A2
:10CED00010BD05DB9DED040B30EE000B06B010BD60
:10CEE00068469DED040B00F02FF810F003000DD004
:10CEF000012814D09DED021B9DED000B022816D0D9
:10CF000000F0AAF906B0B1EE400B10BD9DED021B7A
:10CF10009DED000B012000F047FA06B010BD9DED1D
:10CF2000021B9DED000B00F097F906B010BD01202B
:10CF300000F03AFAE6E70000000000000000000000
:10CF4000FB21E93F0000F07F2DE9F14F04462DED74
:10CF5000020B2DED048B94B09FED9D0B80ED020B29
:10CF6000199E9D4826F0004585420ADC9DED180B70
:10CF7000002084ED000B14B0BDEC048B03B0BDE8C1
:10CF8000F08F96489FED969B9FED978BA84225DDED
:10CF900097489FED991B9FED9A2B9DED180B002E46
:10CFA0000DDD30EE490B854212BF30EE480B30EEFE
:10CFB000410B30EE420B84ED000B0120DBE730EE3D
:10CFC000090B854212BF30EE080B30EE010B30EE3C
:10CFD000020B84ED000B4FF0FF30CCE78A48A842EB
:10CFE00053DB9DED180B51EC100B03F019FF41ECD6
:10CFF000100BB0EE401B9FED862B9FED870B290D8C
:10D00000DFF81CC201EE020B0120FDEEC00B10EE9A
:10D01000903A00EE903AB8EEE02BB0EE410B02EE03
:10D02000490B22EE081BFC44032830EE411B84ED23
:10D03000001B1DD011EE902A00EB4015113DC2F3EC
:10D040000A528A1A954213DA0CEB0012B0EE403BFA
:10D0500092ED000B401C20EE021B33EE410B33EE31
:10D06000403B33EE411B92ED023B12EE031BDBE72C
:10D07000002EA8BF1846BFF67EAF94ED000B5842B5
:10D08000B1EE400B84ED000B75E7C6F3130040F4DE
:10D09000801EC6F30A50A0F2F530471100F01F05BC
:10D0A000C5F12000DDF860B01390002008900990D1
:10D0B00005200DF1080C5B49002D07EB00027944B7
:10D0C00008BF51F8221009D051F8223001EB82013B
:10D0D000AB404A68139922FA01F11943A1FB0E26CD
:10D0E000A1FB0B131A449A4234BF0123002303EB24
:10D0F00006080CEB8003D3E901A60E448E4234BF30
:10D100000121002192448A4411B1924502D903E0E1
:10D11000924501D2012100E00021C3E901A641446A
:10D120004CF82010011EA0F10100C4DC04989DED14
:10D13000050A00F10050810F04989FED3B4B8000E1
:10D1400001EE100ADDED060A9DED072AB8EEC13B9F
:10D15000B8EE401BB8EE600BB8EE422B002021EE7B
:10D16000041B9FED334B20EE040B9FED334B22EE5F
:10D17000042B30EE024B34EE014B34EE034B8DEDBD
:10D18000004B00909DED004B199834EE433B10F09E
:10D19000004F33EE411B31EE400B32EE401B9DED54
:10D1A000000B9FED272B20EE020B9FED272B01EEAE
:10D1B000020B9DED001B9FED262B01EE020B1CBF09
:10D1C0004942B1EE400B84ED000B0846D3E6000067
:10D1D0000000000000000000FB21E93F7CD9024074
:10D1E00000004054FB21F93F3163621A61B4D03D25
:10D1F000FB21F93F000000000000601A61B4D03D3F
:10D200007370032E8A19A33BFB21394100000000F3
:10D2100083C8C96D305FE43F000000000000E03FBC
:10D22000A69E00003E9E0000000000000000103E90
:10D23000000000000000103C000000000000103A58
:10D240003326A611460B113C182D4454FB21F93D01
:10D2500000000054FB21F93D10B52DED040B2DED20
:10D26000068B82B0B0EE41AB09989FED299B20F070
:10D270000044B4F1795F0FDA9DED080BBDEEC00BF1
:10D2800010EE100A002801BFB0EE490B02B0BDEC51
:10D29000068B04B008BF10BD9DED080B1E4806218B
:10D2A00020EE008BB0EE480B784400F045F820EEFD
:10D2B000080B9DED081B1C48844228EE000B01EE74
:10D2C0004A0B9FED171B28EE011BBCBF31EE400B34
:10D2D00039EE400B16DB1548A042BCBF9FED142B66
:10D2E0008DED002B06DBA4F50010019000200090CE
:10D2F0009DED002B31EE421B39EE422B31EE400BFF
:10D3000032EE400B02B0BDEC068B04B010BD000045
:10D31000000000000000F03FF49B0000000000004F
:10D32000000000000000E03F3333D33F0000E93F3E
:10D33000000000000000D23F491E00EBC102B0EE29
:10D34000401B92ED000B31F006020DD0491E00EBA0
:10D35000C102B0EE403B92ED002B31F00602B0EE80
:10D36000420B03EE010BF1D1022914D004290AD09B
:10D37000062918BF704790ED0A2B00EE012B90EDA7
:10D38000080B02EE010B90ED062B00EE012B90ED49
:10D39000040B02EE010B90ED022B00EE012B90ED41
:10D3A000000B02EE010B704731B504462DED040B66
:10D3B0002DED068BB0EE419B07989DED060B20F0FE
:10D3C0000040B0F1795F0DDA51EC100BFFF7B0FCC3
:10D3D000042808BF00F070F89DED060BBDEC068B2D
:10D3E00005B030BD20EE008B1348052128EE00ABC0
:10D3F000B0EE480B7844FFF79FFF9FED111B8CB1F7
:10D400009FED112B29EE022B0AEE402B9DED060B12
:10D4100018EE029B0AEE419B30EE490BBDEC068BE9
:10D4200005B030BD08EE001B9DED060B0AEE010BAA
:10D43000BDEC068B05B030BDA09B000000000000D5
:10D44000495555555555C5BF000000000000E03F47
:10D450002DE9F04782460F4C10480D4E0E4F001B31
:10D460004FF0000820F007054FF001090022114697
:10D47000504604F0F5F8002802D1306810B10020C1
:10D48000BDE8F0873C60C4E90058C6F80090EDE7BD
:10D49000EC030024CCBF0624E8030024C8C1062402
:10D4A0009FED031B81EE010B7047000000000000A0
:10D4B00000000000000000009FED030B20EE000BB9
:10D4C0007047000000000000000000000000001095
:10D4D00002E008C8121F08C1002AFAD1704770473D
:10D4E000002001E001C1121F002AFBD1704700009B
:10D4F0000149086070470000F00300242DE9FF5F38
:10D5000082B00021DDE90430020DDDF840B00343B4
:10D5100018D044F61050A2F2FF324243151411986D
:10D5200001281FD0A5EB0B00401C5FEA000A4FF05A
:10D5300000064E4FDFF83891B046504615D5CAF177
:10D54000000413E0119801244AA3012801D16FEAD5
:10D550000B010298119AC0E90031C0E9024206B0FD
:10D56000BDE8F09FCBF10000DFE704460021404A10
:10D57000491842EB0450CDE9001012E0E00707D053
:10D5800032463B4640464946F3F7DFFD8046894632
:10D5900032463B4610461946F3F7D7FD06460F467E
:10D5A0006410002CEAD1DDE90401DDE90023BAF1C1
:10D5B000000F06DAF3F7C9FD42464B46F3F7C5FD07
:10D5C00005E0F3F734FE42464B46F3F730FE0446DF
:10D5D0000E460022284BF3F7B1FE03D84FF0FF3080
:10D5E000014607E00022254B20463146F3F706FDB1
:10D5F000F3F78CFE102409E0002C0ADB0A2200233A
:10D60000F2F70DFF039B30321A55641E50EA0102F7
:10D61000F2D1641C039AC4F111031444119A012A33
:10D6200003D0012208430DD10AE0084304D00020B2
:10D630004FF0110B119072E7A3EB0B056D1E0DE07F
:10D640005B4504DD4FF0000205F1010504E003DA5B
:10D650004FF00002A5F10105002AECD002981199C3
:10D66000C0E90231C0E9004579E70000000014403C
:10D670000000F03F300000000000F0430000E03FF9
:10D6800030380A2801D2012070470020704700007E
:10D690002DE9FF4F95B09B468946064600250FE2CF
:10D6A000252877D100242746F84A0121059400E077
:10D6B000044316F8013F203B01FA03F01042F7D172
:10D6C00030782A2811D06FF02F033078A0F1300283
:10D6D000092A16D8059A44F0020402EB820203EBF1
:10D6E00042021044761C0590EFE759F8042B05928E
:10D6F000002A03DA504244F40054059044F0020436
:10D70000761C30782E2816D116F8010F44F0040448
:10D710002A280DD06FF02F023078A0F13003092BAA
:10D7200009D807EB870302EB4303C718761CF3E71E
:10D7300059F8047B761C30786C280FD006DC4C2816
:10D7400017D068280DD06A2814D104E0742810D0AE
:10D750007A280FD10DE044F400140AE044F4801458
:10D7600001E044F440147278824202D104F580143E
:10D77000761C761C307866280BD013DC582877D0BE
:10D7800009DC002875D04528F6D04628F4D0472873
:10D790001AD19DE118E0632835D0642879D0652836
:10D7A00012D195E1702873D008DC6728F1D0692880
:10D7B0006FD06E280DD06F2806D1B5E073282CD01D
:10D7C000752875D0782874D05A46179990476D1CE3
:10D7D00075E1C4F30250022809D003280DD0D9F80E
:10D7E000001004280DD00D6009F1040967E1D9F893
:10D7F0000010EA17C1E90052F6E7D9F800100D80D1
:10D80000F2E70D70F0E719F8041B8DF80010002006
:10D810008DF80100EA46012003E059F804AB4FF00F
:10D82000FF3061074FF0000102D40DE008F1010163
:10D830008846B9420FDA8045F8DB1AF8081000294B
:10D84000F4D108E008F1010188468142FADB1AF8B8
:10D8500008100029F6D105985B46A0EB0807214681
:10D860003846179A00F094FA284400EB080507E0C0
:10D870004DE029E10DE01AF8010B5A46179990473F
:10D88000B8F10108F7D25B4621463846179A13E1F2
:10D8900042E00A220092C4F302524FF0000A022A28
:10D8A00008D059F804CB032A4FEAEC710AD00DE0F6
:10D8B00029E02AE009F1070121F00702F2E802C19C
:10D8C000914609E00FFA8CFC4FEAEC71042A03D16F
:10D8D0004FFA8CFC4FEAEC71002907DA0A46002166
:10D8E000DCF1000C61EB02012D2202E0220504D5DF
:10D8F0002B228DF80420012203E0E20701D0202230
:10D90000F7E7904659E00A2102E010220DE01021CD
:10D910004FF0000A00910BE010224FF0000A44F093
:10D9200004040827009203E008224FF0000A009246
:10D93000C4F30252022A05D059F804CB0021032A6D
:10D9400008D009E009F1070121F00702F2E802C15D
:10D95000914605E01FFA8CFC042A01D10CF0FF0C63
:10D960004FF00008220728D5702806D0009B83F0CE
:10D97000100353EA0A0305D00EE040228DF804207C
:10D98000012208E05CEA010206D030228DF8042072
:10D990008DF8050002229046009B83F0080353EAAD
:10D9A0000A030AD15CEA010201D1620705D53022DF
:10D9B0008DF804204FF001087F1E582804D034A0B1
:10D9C00003900EA802900DE036A0F9E7534660469A
:10D9D000009AF2F724FD84460398825C0298401E68
:10D9E000029002705CEA0100F0D1029806A9081AC0
:10D9F00000F1200A600702D524F4803400E00127FA
:10DA0000574502DDA7EB0A0000E0002000EB0A0109
:10DA1000009005984144401A0590E00306D45B4607
:10DA20002146179A059800F0B3F90544002706E04F
:10DA300001A85A46C05D179990476D1C7F1C474549
:10DA4000F6DBE0030CD55B462146179A059800F0FB
:10DA50009FF9054404E030205A46179990476D1C01
:10DA60000099481E00900029F5DC08E00298029910
:10DA70005A460078491C0291179990476D1CBAF1DB
:10DA80000001AAF1010AF1DC65E1000009280100AA
:10DA90003031323334353637383961626364656624
:10DAA00000000000303132333435363738394142E6
:10DAB000434445460000000000F058F90544761C38
:10DAC000307800287FF4ECAD19B02846BDE8F08F1F
:10DAD000620700D4062709F1070222F0070CFCE8D0
:10DAE0000223E14603F000485FEA080C02D00FF27F
:10DAF000702C0DE05FEA045C02D50FF2682C07E0A1
:10DB00005FEAC47C02D00FF2602C01E0AFF2700C2F
:10DB10004FF0FF3823F00043CDF850C065280CD0FB
:10DB200006DC452809D046281DD047283DD13DE0D8
:10DB3000662818D067287ED138E00021112F01DB3C
:10DB4000112000E0781CCDE9000106A90EA8FFF71E
:10DB5000D5FCDDE90F010E9A03910021009207F137
:10DB6000010A04914DE04FF000400097CDE901100B
:10DB700006A90EA8FFF7C2FCDDE90F0203920E9B77
:10DB800011990022DDF80CA00093049211B9791CC0
:10DB900000EB010AB7EB0A0004D4C0F1FF3007F133
:10DBA000010A0490AAEB0700019044E0012F00DA7B
:10DBB00001270021112F01DD112000E03846CDE9B9
:10DBC000000106A90EA8FFF799FCDDE90F010E9AE6
:10DBD0000391002104910092BA4621070CD40399C5
:10DBE000514500DA8A46BAF1010F05DD009AAAF123
:10DBF0000101515C302908D0B84202DA10F1040F5B
:10DC000006DA0121CDE9011015E0AAF10101E9E7E9
:10DC1000002805DC049901440491AAEB000102E00C
:10DC2000411C514500DD8A460499401A401C019070
:10DC30004FF000400290200704D40198504501DBCA
:10DC4000CDF8048000208DF84F0002980DF14F07A9
:10DC5000B0F1004F25D02B200E9002984FF0020813
:10DC600000280CDA404202902D200E9007E00A2195
:10DC70000298F2F7DAFD3031029007F8011DB8F191
:10DC80000001A8F10108F2DC02980028EFD1791E0A
:10DC90000E980870307800F0200040F0450007F83A
:10DCA000020D12A8C01B00F107081498007800B1FB
:10DCB000012000EB0A01019801EBE0710598414455
:10DCC000401A401E0590E00306D45B462146179A91
:10DCD000059800F05DF805441498007818B15A468C
:10DCE000179990476D1CE00324D55B462146179A8F
:10DCF000059800F04DF805441CE00498002807DB67
:10DD0000DDE90301884203DD0098405C179901E0DA
:10DD1000179930205A469047049805F10105401C98
:10DD200004900198401E019004D12E205A46179964
:10DD300090476D1CBAF10001AAF1010ADDDC05E093
:10DD400017F8010B5A46179990476D1CB8F100015E
:10DD5000A8F10108F4DC5B462146179A0598ABE66A
:10DD60002D0000002B000000200000002DE9F041F4
:10DD7000044600251E461746880404D405E03946AB
:10DD80002020B0476D1C641EF9D52846BDE8F081FF
:10DD90002DE9F041044600251E469046C80301D5F2
:10DDA000302700E02027880404D505E041463846A6
:10DDB000B0476D1C641EF9D52846BDE8F08170B5EA
:10DDC000C41C05460020214405F0A6F96D1E01463D
:10DDD0002044A843021F116070BD50F8041C0020AD
:10DDE00005F08EB910B502F08BFABDE8104003497A
:10DDF000002241F2883005F0C5BF0000E5DD0008D3
:10DE000070B5002408F04CFC050005D0074941F628
:10DE1000361207F08BFE10B10124204670BD044974
:10DE20000022284608F049FCF7E700007069010865
:10DE3000495C0108194E0025194CF3F7A7FF6061F2
:10DE40006079012814D13078012806D1207818B9DA
:10DE5000144915A0FDF748FD35700020F5F7EAFCE0
:10DE600028B1FCF799FA10B9FCF752FA40B12581B4
:10DE700000226089114683B21046FBF70FFDDCE7F4
:10DE8000B4F90800322801DA401C2081B4F90800F6
:10DE90001E28EDDD0348F3F79BFDE9E7D1000024E0
:10DEA00000000024200F0124303A2F64616D656961
:10DEB0002F64617461626173652E646C620000009E
:10DEC00010B5044600F5805000220271521EC26255
:10DED000204605F055F808B1032010BDB4F8FE1136
:10DEE000A1F52A40553801D0022010BDB4F83710F2
:10DEF00094F8360040EA01210848B0EB012F08D021
:10DF0000B4F8532094F8521041EA0221B0EB012FEB
:10DF100001D1002010BD012010BD00000046415479
:10DF200000E0401C02780AB18A42FAD1D0B27047B0
:10DF300000F58050426A006800F58050438980787F
:10DF40004343B1FBF3F0121D02CA19B1884203D357
:10DF5000401AF8E70020704711680844704700F540
:10DF60008050891E4269921E8A4201D80020704763
:10DF7000826A807801FB002070472DE9F0410F0094
:10DF8000804600F5805507D0404603F077F9022817
:10DF900009D20120BDE8F081EE6816B16869B0428F
:10DFA00007D8012605E0411CF4D069698142F1D807
:10DFB0003E4634466869641CA04202D80224022E00
:10DFC0000AD32146404603F059F938B1411CE1D04B
:10DFD0000128DFD0B442EDD10020DBE76FF07042C2
:10DFE0002146404605F0AEFB30B957B122463946CE
:10DFF000404605F0A7FB20B101280DD001242046A2
:10E00000C8E7EC602869411CF9D0401E2861687996
:10E0100040F001006871F2E74FF0FF34EFE70000D5
:10E020002DE9F84F0E68884600E0761C31782F29DC
:10E03000FBD05C29F9D000F58050009000242546E3
:10E04000D0F81CB0705D6D1C202825D32F2823D05C
:10E050005C2821D0FF2C3FD2A0F181017D290BD873
:10E06000715D6D1C01EB0020A1F1400280B23F2ADE
:10E0700002D380397F292FD2012102F0DDFE070073
:10E080002AD0802F04D2014667A0FFF749FF18BBB2
:10E090002BF81470641CD5E77219C8F800202028EA
:10E0A00001D2042516E0002514E00BEB440030F803
:10E0B000020C20280DD02E280BD06CB100212BF89B
:10E0C000141000980B222021806904F087FE00279D
:10E0D00006E0641E002CE8D10620BDE8F88F7F1C06
:10E0E0003BF817002028FAD02E28F8D01FB145F0B1
:10E0F000030500E0641E2CB10BEB440030F8020C69
:10E100002E28F7D14FF000084FF0080AC1463BF81F
:10E1100017607F1C06B3202E03D02E2E04D1A742F9
:10E1200002D045F00305F2E7D04501D2A74219D14C
:10E13000BAF10B0F0ED0A74201D045F003050BD862
:10E140004FEA896027464FF008084FF00B0A4FEA64
:10E150001069DCE745F00305009880690178E5293E
:10E160003DD03EE0802E08D3304602F067FE00210D
:10E1700002F062FE45F002050646FF2E0FD9AAF115
:10E180000100804503D345F00305D046BFE7009862
:10E19000310A826902F8081008F1010818E026B176
:10E1A00024A03146FFF7BCFE18B15F2645F00305F9
:10E1B0000EE0A6F14100192802D849F0020907E053
:10E1C000A6F16100192803D8203EB6B249F0010932
:10E1D0000098816901F8086008F1010897E70521B6
:10E1E0000170BAF1080F03D14FEA89604FEA106954
:10E1F000C9F38100032803D06FEA0901890701D11F
:10E2000045F00205A90709D409F00301012901D14C
:10E2100045F01005012801D145F0080500988069F6
:10E22000C572002059E70000222A3A3C3E3F7C7F1D
:10E23000000000002B2C3B3D5B5D000010B5044648
:10E240000420F8F781FD09484FF47A7144604C438B
:10E25000012101804FF0E021086940F002000861CF
:10E260004C61086940F00100086110BD7C01002488
:10E2700070B504460C48007878B10C48007860B955
:10E280000B4D2888844203D3B4FBF0F0FBF7D2FA9D
:10E290002888B4FBF0F100FB11444FF47A7060431E
:10E2A000BDE8704000F006B8EB010024E601002450
:10E2B0007C0100242DE9F0414FF0E02700247E6925
:10E2C0000C49496800FB01F5FAF7CAFEB969B8695B
:10E2D0008842FCD002D2A1EB000102E0A6EB0002D2
:10E2E00011440C440146AC42F1D3BDE8F041FAF7C9
:10E2F000CDBE00007C01002400280BD0026A002A59
:10E3000008D0137B082B05D10968526A914201D1CC
:10E3100000F03CB970472DE9FC4105005BD02C6A48
:10E32000002C58D0626B4FF480374FF03C014FF017
:10E330000106501C4FF6FF730AD01E32B2FBF1F0FB
:10E34000B84200D318460204120CA28300D1A6835F
:10E35000A26B501C0AD01E32B2FBF1F1B94200D3BD
:10E3600019460A04120CE28300D1E683A18BE08BEC
:10E37000814202D308B10020A083A07B08B1A06A2B
:10E3800009E094F824207F2A01D8FF2003E0C02A66
:10E3900003D36FF07F40009000E00093E06A0190AB
:10E3A00028B9606A0099084040F08070019004F13B
:10E3B0002401284604F020FF6946284604F075FF32
:10E3C00001A9284604F013FF284604F072FF0A2131
:10E3D000204600F075FDBDE8FC8170B5046A082197
:10E3E0000546204600F06CFD0022284604F1240179
:10E3F00001F09CFE607B40F2E731401C60734FF4FB
:10E40000FA70B1FBF0F0608370BD0000164810B5E3
:10E41000046825E0206A10B3C18B4A1EC28301291B
:10E4200006D0216A888B421E8A8301280CD016E010
:10E43000216A2046097B012903D00A2901D0052938
:10E440000DD100F017FB0AE0216A2046097B012963
:10E4500003D00A2901D0052901D100F07BFC2468F2
:10E46000002CD7D110BD0000980200242DE9F04106
:10E47000050016460C460CD07CB100224FF49A7170
:10E48000104604F03BFF206150B1627B3D4952B120
:10E490000CE06FF00D00BDE8F0816FF00500FAE7C9
:10E4A0004FF0FF30F7E70A68521C0A60096800273E
:10E4B000216001214068606101706069417061699B
:10E4C00095F8260088706069C770206804F0AAFA81
:10E4D0006169082E486060690781606947816069E9
:10E4E000C76008D0042E06D0032E07D1207B052854
:10E4F00001D0042802D161696868C8606069076159
:10E500006069476160698761002095F82610814243
:10E5100003D9291891F8271000E00021636900F160
:10E520001C02401C80B210289954EED3002062696E
:10E5300000F12C01401C80B240285754F7D3002032
:10E54000626900F16C01401C80B280285754F7D3F7
:10E5500061690D48C1F8EC000020278300F1F0014B
:10E5600062695054401C80B24428F7D301222046EF
:10E57000352100F01AF93146204600F026F9002036
:10E5800089E700008002002463825363F8B5046ABF
:10E590000C210646204600F093FC0422214630461A
:10E5A000FFF764FF05001ED104222046322100F04F
:10E5B000FCF8606A04F04DFA0146204600F00DF9BF
:10E5C000204600F03CF9208BF03081B2206905F044
:10E5D0005AF8009643230A4A2169606808F09AF8BD
:10E5E000204600F00FF8607B4FF4FA71401C607316
:10E5F00042F60310B0FBF1F060832846F8BD00003E
:10E600007469010810B5040006D0206908B104F04F
:10E61000D0FF00202061606110BD0000F8B5046AE1
:10E620000646002006216062204600F049FC0122D7
:10E6300021463046FFF71AFF050030D1022220465E
:10E64000392100F0B2F8B18C204600F0E7F804223E
:10E650002046372100F0A9F80121204600F0B5F846
:10E660000321204600F0B1F81C21204600F0ADF84F
:10E670000621204600F0A9F8204600F0E0F8208BA3
:10E68000F03081B2206904F0FEFF00964323114A66
:10E690002169606808F03EF82046FFF7B3FF607B11
:10E6A000401CC1B26173062902D20120884000E0FB
:10E6B0003C2000EB4001C1EBC0104FF6FF7101EAB6
:10E6C000C0004FF4FA7100F2F310B0FBF1F0608378
:10E6D0002846F8BD746901080B4870B50025046828
:10E6E0000EE0206A58B1418B012903D9A1F1010143
:10E6F000418304E003D14583204600F054FC2468A4
:10E70000002CEED170BD00009802002470B5046AA0
:10E710000020144EA6F12805A062E062F17809B14C
:10E72000E9682163317909B1296901E0216B490860
:10E730006163717909B1696900E0216BA163A16826
:10E7400009696162B17921B1A86904F06BF9A0622D
:10E750000120A073F079002803D0E86904F062F981
:10E76000E06270BD0019052470B5046A0546002CEE
:10E770001AD0217B002604290ED004DC002913D0F6
:10E78000032904D108E0052906D00A2904D06673BC
:10E79000BDE87040FFF742BF04F01CFD28466673D9
:10E7A000BDE8704000F0AAB970BD10B5038B446994
:10E7B0001C445B1C038384F8F010018B43690B44F9
:10E7C000491C018383F8F02010BD028B4369134478
:10E7D000521C028383F8F010704710B5028B0B0EA9
:10E7E00044691444521C028384F8F0300B0C028BF1
:10E7F00044691444521C028384F8F0300B0A028BE3
:10E8000044691444521C028384F8F030028B43693B
:10E810001344521C028383F8F01010BD10B5028B14
:10E820000B0A44691444521C028384F8F030028BB2
:10E8300043691344521C028383F8F01010BD002872
:10E8400012D0018BFF2243690B44491C018383F8DA
:10E85000F020002205E043690B44491C018383F842
:10E86000F020018B4429F6D3704700002DE9F34FC7
:10E8700083B0044600217E488B4601910A21F1F7BE
:10E8800037FE049840892C2814D30499F026486850
:10E89000A06004980089049F04E0721A3F68401A3F
:10E8A00096B280B237B17989B142F6D9D7F804A0CF
:10E8B0008046B1E06FF0010005B0BDE8F08FB01CFC
:10E8C0007A891FFA80F94FF0FF34701C824203D915
:10E8D0000AEB0600407803E0386808B14068007829
:10E8E000342905463AD00BDC032925D003DCD1B10D
:10E8F00001290DD11CE0062923D0332908D129E0B4
:10E9000035292FD0362931D03A2933D03B2937D079
:10E9100000253044801C86B285B300200090544806
:10E92000005D60B366E00020761E0546B6B2F0E7F3
:10E9300004284DD10624ECE70425042848D30724F5
:10E94000E7E7810744D1082800D30825A8423FD330
:10E950000824DEE704283BD10324DAE7012837D175
:10E960000024D6E7012833D10124D2E704282FD18F
:10E970000224CEE704282BD10424CAE73AE003E0BE
:10E98000042825D10524C4E7042D01D22A4600E03D
:10E9900004224B466946384604F0D7FD042D13D9AE
:10E9A000A80715D1324901200855009804F03AF81B
:10E9B0002F492D1FEDB2283941F8240009F1040038
:10E9C0001FFA80F9641CAAE7042D04D0012D06D09B
:10E9D0006FF0050070E7009804F03BF801E09DF847
:10E9E000000023490090012008552148009928384B
:10E9F00040F824107889B0420DD8311AA8EB0000F5
:10EA00008EB21FFA80F846450DD2B8F1000F0AD039
:10EA10003F68D7F804A037B11AF80610FF2902D0D2
:10EA20004645FFF44CAF1249087868B1A1F12800BF
:10EA3000002200680A70012808D0022802D00328AA
:10EA400009D001E04FF0010B019838B1002001908E
:10EA50006C26EC201FE74FF0010BF7E7BBF1000F2E
:10EA60004FF00000B6D02C2683466C2013E7000040
:10EA700000190524F8B5046A04210546204600F073
:10EA80001FFA032221462846FFF7F0FC06001BD19F
:10EA9000022220463921FFF788FEA98C2046FFF785
:10EAA000BDFE2046FFF7CBFE208BF03081B22069FF
:10EAB00004F0E9FD009543230F4A2169606807F0DF
:10EAC00029FE2046FFF79EFD607B401CC0B26073AC
:10EAD0000A2804D24FF47A7110FB01F001E042F2EF
:10EAE000107080B24FF4FA7100F2F310B0FBF1F045
:10EAF00060833046F8BD000074690108F8B5046A07
:10EB000003210646204600F0DBF903222146304669
:10EB1000FFF7ACFC050028D1022220463921FFF77F
:10EB200044FE4FF410712046FFF778FE0422204681
:10EB30003221FFF73AFE606A03F08BFF0146204660
:10EB4000FFF74BFE2046FFF77AFE208BF03081B2B4
:10EB5000206904F098FD009643230F4A21696068FC
:10EB600007F0D8FD2046FFF74DFD607B401CC0B28A
:10EB700060730A2804D24FF47A7110FB01F001E0AF
:10EB800042F2107080B24FF4FA7100F2F310B0FB51
:10EB9000F1F060832846F8BD746901082DE9F04161
:10EBA000056A04465089164651684FF000082C2823
:10EBB00072D3087802286FD194F82620002008E04C
:10EBC00023180F1893F827303F7FBB4264D1401CB5
:10EBD000C0B28242F4D8486803F03BFF29688842FB
:10EBE0005AD131462846FFF741FE00BB2E494878EE
:10EBF000E8B1A1F128021079052804D0062817D021
:10EC0000022836D048E0287B012806D003280BD004
:10EC1000042809D0052807D03EE02046FFF776FDFE
:10EC20002046FFF7DAFB37E02046FFF774FB33E0BE
:10EC3000287B032805D0012803D0042801D005280B
:10EC40002AD1276A204604F0C5FA1849204604F064
:10EC5000D3FA1649204604F0CAFA1449204604F0B3
:10EC600024FB0C21384600F02BF92046FFF7D6FC98
:10EC700012E0287B06280FD1A5F81A802746246ABF
:10EC8000887848B1906803F0CDFE2062A0680069E2
:10EC90006062384600F0A0F83046C5F80880BDE84C
:10ECA000F04104F086BC00000019052470690108D9
:10ECB000F8B5046A00210546204600F001F900205D
:10ECC000206260620722A0622146E062A063606366
:10ECD00020632846FFF7CAFB060013D12046FFF742
:10ECE000AEFD208BF03081B2206904F0CCFC0095A1
:10ECF0004323216904F12002606807F00BFD2046E0
:10ED0000FFF780FC607B401CC0B260730A2804D20D
:10ED10004FF47A7110FB01F001E042F2107080B202
:10ED20004FF4FA7100F2F310B0FBF1F06083284663
:10ED300004F050FA0649284604F05EFA04492846D1
:10ED400004F055FA0249284604F0AFFA3046F8BDFF
:10ED500070690108F8B5046A05210546204600F0EF
:10ED6000AFF8032221462846FFF780FB06001CD19E
:10ED7000022220463921FFF718FDA98C2046FFF713
:10ED80004DFD2046FFF75BFD208BF03081B22069FE
:10ED900004F079FC00954323216904F120026068A6
:10EDA00007F0B8FC2046FFF72DFC607B401CC0B28A
:10EDB00060730A2804D24FF4FA6110FB01F001E0FD
:10EDC00044F6206080B24FF4FA7100F2F310B0FB09
:10EDD000F1F060833046F8BDF8B5046A01210646BB
:10EDE000204600F06DF8032221463046FFF73EFB37
:10EDF000050048D1022220463921FFF7D6FCB18C0C
:10EE00002046FFF70BFD042220463221FFF7CDFC00
:10EE1000606A03F01EFE01462046FFF7DEFC042276
:10EE200020463621FFF7C1FC206A03F012FE01469E
:10EE30002046FFF7D2FC042220463721FFF7B5FC1D
:10EE400001212046FFF7C1FC03212046FFF7BDFC4E
:10EE50001C212046FFF7B9FC06212046FFF7B5FC30
:10EE60002046FFF7ECFC208BF03081B2206904F0E3
:10EE70000AFC00964323114A2169606807F04AFCA6
:10EE80002046FFF7BFFB607B401CC1B261730629BF
:10EE900002D20120884000E03C2000EB4001C1EBA1
:10EEA000C0104FF6FF7101EAC0004FF4FA7100F292
:10EEB000F310B0FBF1F060832846F8BD74690108D7
:10EEC000027B8A4203D00173002141734183704762
:10EED00070B505006FF00D0108D095F82D002C6A73
:10EEE00020F0080085F82D00800601D4084670BD8A
:10EEF000A88C4FF0FF36B0F5107F2ED334B3606886
:10EF000008B107F0DDFB3C212046F1F7F1FA07F0EC
:10EF1000C7FB606008B3017A442241F0200101720E
:10EF20001249606806F002FE10494322606806F04C
:10EF300049FE0F492A46606807F0BFFB2846FFF7E5
:10EF40006DFB60B1284600F015F806E03C2003F0A8
:10EF5000DDFE040001D02C62D5E7304670BD95F887
:10EF60002D1041F0080185F82D1070BD7069010861
:10EF70009DEB0008002810B514D090F82D10046AFD
:10EF800021F0080180F82D10002C0BD0606818B11A
:10EF900007F096FB002060602046BDE8104000218D
:10EFA000FFF78EBF10BD10B5026A0446117B0C2915
:10EFB00013D0062911D0012913D008291ED0052904
:10EFC00028D004292AD0032930D1507B022813D21B
:10EFD0002046BDE81040FFF791BDBDE81040FFF7A7
:10EFE0001DBB507B052804D82046BDE81040FFF724
:10EFF000F3BE2046FFF75CFE2046EEE7507B01287B
:10F00000204603D8BDE81040FFF7E7B9BDE810403F
:10F01000FFF781B9BDE81040FFF79CBE507B082880
:10F02000E7D82046BDE81040FFF724BD10BD000022
:10F0300010B5FFF7EBF9BDE81040034900224EF68A
:10F04000602004F09FBE000031F0000810B5FFF70B
:10F0500043FBBDE81040034900224FF4FA7004F06E
:10F0600091BE00004DF000082DE9F14F00210098FD
:10F0700000F0FAF900287DD1009CFF25AB464FF641
:10F08000FF7004F5805420842169206803F078FF24
:10F0900007007CD16669307848B1F17AE52801F043
:10F0A0003F0169D00A0704D50F2965D105E004277F
:10F0B0006DE00F2901D08DB34DE0E16979B34206CF
:10F0C00006D596F80DB020F04000E288054622846F
:10F0D000A84236D1727B5A4533D130788A46B14640
:10F0E0004FF0000820F04000401E012700EB800197
:10F0F00001EBC006274810F8081001EB0900008852
:10F1000077B101F09BFEFF2E07461AD23AF816009F
:10F11000761C01F093FEB84213D105E016E02FE013
:10F12000A0F57F41FF390CD108F10108B8F10D0FAE
:10F13000E0D399F80000400606D52FB13AF8160042
:10F1400010B1FF25EDB21BE06D1EFBE7304604F069
:10F15000B1FC58451BD0A069C17AC9070CD10B215D
:10F160000022491E07D316F8012B10F8013BD21AD2
:10F17000F7D001E00CE052B1FF254FF6FF7020847C
:10F180000021009800F008F807003FF47DAF3846F2
:10F19000BDE8F88F086A01082DE9F04100F58054B8
:10F1A0000E46E7887F1C3804000C39D022699AB3D8
:10F1B000206800F580514B895B09B7FBF3F503FB31
:10F1C0001573002B67D1521C2261E2682AB34B8968
:10F1D00089785B09B7FBF3F3491E0B425BD11146FB
:10F1E00002F04CF8012805461FD9681C38D0206869
:10F1F00041F214010958A94247D86EB1E168FEF7FF
:10F20000BCFE05000FD0012D0FD0681C28D020684F
:10F2100004F0B1FC20BB0AE002E00889B8423AD809
:10F220000420BDE8F0810720FBE70220F9E7206811
:10F2300041F20A010A5A002103F0D0FD2068294654
:10F24000FEF78DFE216800264FF0010801F5805180
:10F25000C8620EE080F80480206804F08CFC08B1DD
:10F260000120DEE7206800F58050C16A491CC162B8
:10F27000761C206800F580508178B142EAD8216878
:10F2800001F58051C96A891BC162E5602946206881
:10F29000FEF765FE206141F20A01E7802068095A05
:10F2A0004909B7FBF1F201FB127100EB41106061FB
:10F2B0000020B6E72DE9F14F84B00C226846049C8B
:10F2C00004F58054D4E90676394603F0D1FC9DF864
:10F2D0000B00C00718D00020F8720125E0612B4612
:10F2E00032466946384601F083FF0498FFF7BCFEBA
:10F2F00010B96D1C642DF2D3642D0BD004280AD1F3
:10F300009DF80B00F872E6619DF80B0080070FD5A1
:10F31000002004E0072005B0BDE8F08F401C36F85F
:10F3200010100029FAD10D211930B0FBF1F500E0E1
:10F330000125049E0021304600F096F8A8B906F594
:10F3400080574FF000083969386803F019FE60B93A
:10F3500079690978E5290BD051B14FF000083046A2
:10F360000121FFF719FF0028EDD0042805D005E0A2
:10F3700008F10108A84501D0F1E7072006006FD188
:10F380006D1E52D0E088411B049800F06DF8060015
:10F3900066D1A06904F08EFB4FF6FF7A03902169D5
:10F3A000206803F0EDFD06005AD16169EEB2D4F891
:10F3B0001C90039801F10108DFF8A8B048730F20F2
:10F3C000C872002008738876C876701E00EB800231
:10F3D00002EBC003002201E0504502D039F81300CF
:10F3E0005B1C1BF802C001F80C001BF802704FEA0E
:10F3F000102C07F808C000B95046521C0D2AEBD358
:10F40000504502D039F8130008B946F040060E7096
:10F410002168012001F58051087100210498FFF74F
:10F42000BBFE06001CD16D1EB9D12169206803F016
:10F43000A7FD060014D160692022002103F0CEFC54
:10F440000B22D4E9050103F013FCA0696169C07ABD
:10F4500000F0180008732168012001F5805108713F
:10F46000304658E7086A010870B500F580540D462B
:10F47000E180A368012B43D0206800F580504169EA
:10F4800099423DD923B90178032907D1436A2BB1A9
:10F4900041898078490911FB00F612E00189A942EF
:10F4A0002ED9406A13E001F0E9FE0346401C25D046
:10F4B000022B25D3206800F58050406998421FD95F
:10F4C000AD1B2068B5421946EDD2FEF748FDE3605A
:10F4D000B0B121680A4601F580514B895B09B5FB43
:10F4E000F3F31844206148894009B5FBF0F100FBB3
:10F4F000115002EB40106061002070BD012070BD12
:10F50000022070BD084A002110B5135C53B90121D7
:10F510001154111802EB8000097C4068026808460B
:10F5200090470146084610BD34BF0624054B30B451
:10F530001C1803EB8000247C40680369204630BC23
:10F540001847000034BF062430B4054C251804EBDE
:10F5500080002D7C406884682846A44630BC604703
:10F5600034BF062404490A1801EB8000127C40686D
:10F57000416810460847000034BF062430B4054CEB
:10F58000251804EB80002D7C4068C4682846A446FA
:10F5900030BC604734BF062470B50024054604E043
:10F5A00050F8340000F0F0FA641C2869A042686941
:10F5B000F6D800F0E9FA2868BDE8704000F0BABA61
:10F5C000C068704770B500240E46054607E06869BC
:10F5D00050F834103046F0F7DEFF28B1641C28697B
:10F5E000A042F4D8002070BD6869042101EBC40179
:10F5F000405870BD2DE9F0410746084600F0D0FAAA
:10F6000006006FF0050419D000F0C2FA00F0C4FA49
:10F61000050016D0304600F0BBFA024629463046B7
:10F6200000F0D4FA20B12946384600F00DF804461F
:10F63000284600F0A9FA304600F09CFA2046BDE8C2
:10F64000F0816FF00104F6E72DE9FC5F4FF0000A4E
:10F650000C4604220546E1A1D046574656462046B0
:10F66000F0F7B1FF002852D12079012802D06FF0C5
:10F670000606AFE1208A032804D0022802D06FF0EA
:10F680000706A7E1B4F82CC000214FF01C0E4FF084
:10F69000080B46E0E06904EB41128258012A3FD191
:10F6A00014221023204402EB411203EB4113825831
:10F6B000C3589A4207D2E0690319102000EB4110A9
:10F6C0001B58C8A01BE00BEB4113BAF1000FC35845
:10F6D00005D0BB4216D2D34802F0A0FD17E09F1818
:10F6E00098460EEB41134FF0010A474550F803903E
:10F6F00016D20BEB4113C05813460246CAA002F0C3
:10F700008DFD04E09F1805D3D7A002F087FD4FF0D0
:10F71000FF365FE10EEB41128058484500D9814623
:10F72000491C8C45B6D8B7EB0801C5E9011809D0CA
:10F73000484600F0FDF9286050B16968F0F7D8FE3E
:10F74000002725E0D6A002F069FD6FF0020641E136
:10F75000DBA002F063FD6FF001063BE1E06904EB22
:10F7600047114158012912D11021204401EB4711C2
:10F770000BEB47134258042101EB47114158C05885
:10F780002B6821440344A3EB0800F0F789FE7F1C9B
:10F79000A08DB842E2D8A06918B129680144A1EB54
:10F7A0000800E860002051E0206A09EB890104228A
:10F7B000204402EBC1028258092A45D1102303EBF1
:10F7C000C102182782582244019207EBC1028258D5
:10F7D00002EB820203EBC20C07EBC20250F80CC032
:10F7E00082580CEB040B02EB820203EBC20282583C
:10F7F00022440092142202EBC101002740584FEA34
:10F80000D00A1FE0019800EBC7014868020A0BEB21
:10F810000210C2895AB9027B120908D00168009807
:10F820000144B2A002F0FAFC6FF00406CFE02A68AF
:10F83000406802442846A2EB080200F0D5F9060011
:10F84000F4D17F1C5745DDD309F10100218E81469B
:10F850004945A9D800274FF0100813E0618E206AAF
:10F8600001EB8103021908EBC301515807EB870232
:10F8700004EBC202214480580844ABA1F0F78BFE90
:10F8800018B17F1C208EB842E8D8208EB8424FF0C5
:10F8900000007DD0216A07EB8702214408EBC203F8
:10F8A000CB5803EB040B182303EBC203CB5803EB39
:10F8B000830308EBC303CB5803EB040A002314278C
:10F8C00007EBC20201928A580CE00BEB03110127EF
:10F8D000097BB7EB111F04D101F00F01022900D100
:10F8E000401C5B1CB3EB121FEFD3C70028613846E6
:10F8F00000F052F968612969002957D030B13946C2
:10F90000F0F7F6FD4FF0000847463CE06CA002F02F
:10F9100085FC6FF0010657E00BEB0819012199F8FF
:10F920000C00B1EB101F2CD100F00F00022828D1E1
:10F93000D9F8001001EB0A00F0F726FE401C0090F9
:10F940002968D9F804006A690844A968411A0420A2
:10F9500000EBC7001150009800F01EF9696941F8EA
:10F960003700D0B1D9F8002002EB0A01009AF0F775
:10F9700097FD6869002150F837200098401E7F1CD1
:10F98000115408F10108206A01190198095800E092
:10F990000AE0B8EB111FBFD308E049A002F03EFC1B
:10F9A00000246FF001060CE068612861D5E90001D0
:10F9B00000F0C2F80EE0686950F8340000F0E4F896
:10F9C000641C2869A042F6D8686900F0DDF8286850
:10F9D00000F0B0F83046BDE8FC9F00007F454C4683
:10F9E000000000003C3C444C5F4552524F523E3EAA
:10F9F000696E76616C696420656C663A2073656730
:10FA00006D656E742025643A20705F6D656D737A44
:10FA10003A2025642C20705F66696C65737A3A2001
:10FA200025640000B87101083C3C444C5F455252CB
:10FA30004F523E3E696E76616C696420656C663A31
:10FA4000207365676D656E742025643A20705F765B
:10FA5000616464723A2025642C20705F6D656D735B
:10FA60007A3A2025640000003C3C444C5F455252E9
:10FA70004F523E3E696E76616C696420656C663AF1
:10FA8000207365676D656E742025642061646472FF
:10FA9000657373206F766572666C6F770000000087
:10FAA0003C3C444C5F4552524F523E3E4D6F647554
:10FAB0006C653A2073697A65206572726F720A000C
:10FAC0003C3C444C5F4552524F523E3E4D6F647534
:10FAD0006C653A20616C6C6F636174652073706152
:10FAE0006365206661696C65642E00003C3C444C93
:10FAF0005F4552524F523E3E4D6F64756C653A20E1
:10FB000063616E27742066696E6420257320696EB8
:10FB1000206B65726E656C2073796D626F6C2074FA
:10FB200061626C65000000002E64796E73796D006F
:10FB3000FEF745B9FEF751B92022BFF34F8F0C4BAA
:10FB400002E01860891A10440029FADCBFF34F8FD5
:10FB5000BFF36F8FBFF34F8FBFF36F8F0449002048
:10FB600018390860BFF34F8FBFF36F8F70470000E5
:10FB700068EF00E010B5044600F0D8FC2146BDE86F
:10FB80001040002003F0BCBA0146002003F0B8BAD0
:10FB900000F58050C06870470146002003F0BCBAF1
:10FBA00070B5054641F22801002003F0B5FA0400C3
:10FBB00008D00122294600F019FE28B10020214674
:10FBC00003F09EFA002070BD204670BD38B5144683
:10FBD0006B4600F0D4FE20B90098844201D1012088
:10FBE00038BD002038BD00002DE9F04103686FF0FA
:10FBF00003080C6880682344181A4B68D9B2172987
:10FC00003FD010DC03292FD006DC00292BD001299E
:10FC10001BD0022965D134E00A2934D015292ED011
:10FC200016295ED12BE01E292DD006DC1B290CD015
:10FC30001C290AD01D2954D107E0282919D04E4D7E
:10FC40002F296DD030294CD184E0036823F07F4107
:10FC50000C0201D541F07F41121A02EB81018908A3
:10FC600061F31703036059E00168121A114401603F
:10FC700054E0424A01681140414A1143F7E70260EB
:10FC80004CE00168F2E7038801274188C3F3802430
:10FC9000C1F3403666404FEA046CC1F3C0256540AD
:10FCA00027EA060627EA05044CEAC656C3F3090507
:10FCB00046EA845444EA0534C1F30A0544EA45049B
:10FCC000E50101D5A4F10074121A2244D40705D02D
:10FCD000B2F17F4F02DDB2F1807F05DB29A002F097
:10FCE0009DFA4046BDE8F081C2F3006427EAE2567F
:10FCF000664027EAA255654003F4784343EA84232B
:10FD000001F45041C2F3093441EA463123430380F0
:10FD100041EAC521C2F34A02114301810020E1E713
:10FD2000016805EA314491B203F00F02022A01D1C1
:10FD300041F001010A0BC1F3C02344EA024242EA46
:10FD40008362C1F30223C9B242EA033211434FEA8C
:10FD500031418CE70168130F05EA314141EA034163
:10FD6000C2F3C06341EA8361C2F30263C2F3074294
:10FD700041EA0331EAE70000008FF0FB0F0000F0DA
:10FD800000F0A0013C3C444C5F4552524F523E3E75
:10FD90004D6F64756C653A204F6E6C7920546875B0
:10FDA0006D622061646472657373657320616C6C4D
:10FDB0006F776564000000002DE9F84F050090465C
:10FDC000894660D0B8F80A002A2859D3D8F80460C8
:10FDD0004FF4807A344634F80E0F504550D12079D4
:10FDE00006284DD1607904284AD16088082847D177
:10FDF000D4F80E000090281DA16905D0686818B1DC
:10FE0000814201D1012700E000270FB1012300E06A
:10FE10000223694604F10802284600F095FAE088BA
:10FE2000504503D0B0F5007F2AD125E01FB3022052
:10FE300002F0FAFDE080D4F80E00A0616868C4F812
:10FE40000E00A068C4F81200A089E082A0683060AB
:10FE5000A089B080D9F80010A160B9F80400A08191
:10FE6000D9F80010C6F806104146B9F804007081B0
:10FE70002846AA69904703E069462846FEF73CFAFF
:10FE8000404603F096FBBDE8F88F000070B50A4EBF
:10FE90000024054604EB840006EB8000817C29B138
:10FEA0008068A84202D1204600F080F8641CE4B2C9
:10FEB0000A2CEFD370BD0000EC1605242DE9F35F8A
:10FEC00000214FF00A0B0446DA46584688468C4615
:10FED000D9460F46344B01EB810E0A2803EB8E0204
:10FEE000937C08D0ABB154B125685668B54206D1B1
:10FEF00048B2BDE8FC9F002BF5D148B209E0012BC8
:10FF000015D0022B05D3D27C624502D394464FFA1A
:10FF100081FA491CC9B20A29DCD301994FF0FF329A
:10FF200089073ED40A2814D016DAC5B228E01E4B41
:10FF300053F82E3033B1D67CBE42EAD337464FFA5F
:10FF400081F9E6E7D57C4545E3D3A8464FFA81FB26
:10FF5000DFE70198C00724D0BAF10A0F02DA0AF0ED
:10FF6000FF050AE0BBF10A0F02DA0BF0FF0504E01F
:10FF7000B9F10A0F15DA09F0FF05284600F016F866
:10FF800034B1094805EB8502216800EB820041602D
:10FF900005EB85020448002100EB8200C17468B2C1
:10FFA000A7E71046A5E70000EC16052470B50C4E37
:10FFB00000EB8004002556F8240018B103F0F9FA8C
:10FFC00046F8245006EB840006498574C5748560A4
:10FFD0004560D1F80620C2604989018270BD0000E9
:10FFE000EC160524646901082DE9FC410E4615460E
:10FFF0000E210446304603F016FB18B16FF00100E5
:020000040801F1
:10000000BDE8FC812868214601F052FB08B1334B62
:100010003CE02868C0F303110E2922D0A168636870
:1000200000EA01020B409A420BD080B2A0F57E415B
:10003000A93906D014F10C0F2FD0E06868B304F191
:100040000C05274B274A187800EB800102EB810151
:100050008F7C022F24D32F6849688F4220D102461B
:100060002CE001208DF8000000208DF801005E20BA
:100070008DF8020068786B4600F07F008DF8030071
:10008000A8788DF80400E8788DF8050004F12702BF
:100090003146204600F024F9B2E76FF00300AFE7E5
:1000A000002000EB800102EB81018F7C022F0AD33C
:1000B0002F6849688F4206D1C2B21A703146204675
:1000C00000F012F89CE7401C40B20A28E9DB3246F7
:1000D0002946204600F02AF892E7000064690108EA
:1000E00062020024EC16052470B50E4605460E4843
:1000F00002EB820100EB8104A07C022809D1E07CA4
:10010000E42806D3211D284600F0D8F808B90320BA
:10011000A07404F10C03314605F127022846BDE81E
:10012000704000F0DDB80000EC1605242DE9F74F13
:1001300082B04FF0FF3B154688465F460298273055
:1001400000900868029901F0B3FAD8B9D8F8000015
:10015000C0F303110E2915D0B8F1000F12D088B1E9
:1001600001214046FFF7AAFE04000DD4DFF8A4A049
:1001700004EB84090AEB8906B07C40B1012808D061
:100180003DB10DE06FF00D0005B0BDE8F08F01202E
:10019000B0740298414600F091F8002D0746F3D064
:1001A000B07CD04602280AD31B4806F10C0329462E
:1001B0000470009A029800F093F8074628E001289E
:1001C00026D100222846017B012903D1006800289E
:1001D000F9D172B101890022032003F08FF80400E5
:1001E00015D0294603F064F940B1204603F0E1F947
:1001F0000DE02C46284603F06DFA44B158F829006A
:1002000008B103F0D6F9002748F8294000E05F461E
:100210003846B9E7EC160524620200242DE9F05FA8
:100220001F46904600228946DDF82CB02A218246DE
:10023000032003F063F806003DD075680D9805F1C2
:100240000E0402F0F1FBE0803868A060B888A0815D
:10025000DBF80010C4F81210BBF80400E082D8F8F4
:1002600000102960B8F80400A880D9F80010C5F87B
:1002700006103146B9F8040068810A980068C4F88D
:100280000E000C980068A0614FF480702080082058
:10029000608006202071042060714FF4C160A88145
:1002A0005046DAF8182090470446304603F081F9AA
:1002B0002046BDE8F09F4FF0FF30FAE71FB5074C2E
:1002C0000123021DCDE90213CDE9002400F127032B
:1002D000A21F1946FFF7A2FF04B010BD6A6901080A
:1002E00030B44C681D6825609B88A3801368C4F8EF
:1002F0000630928862810822A281826930BC104750
:1003000070B5104D002404EB840005EB8000827C66
:1003100092B1C17C491CC9B2C174F02906D2012A2C
:1003200002D0032A06D007E0022905D32046FFF7B2
:100330003DFE01E002218174641CE4B20A2CE2D388
:1003400070BD0000EC1605242DE9F0410E001F469B
:100350001546044630D0306870B3214601F0A8F944
:1003600050BB3078C0F303100E2825D039463046F4
:10037000FFF7A4FD00281DDB114A00EB80010223DA
:1003800002EB8100837484602B68C360AB880382B6
:100390000023C37452F821605EB142F8213004F1A9
:1003A00027022B4631462046FFF79AFF304603F0DE
:1003B00000F90020BDE8F0816FF00D00FAE70000C1
:1003C000EC16052470B5044640890D460E283AD92E
:1003D000606801788689CA0714D0012905D01C49B4
:1003E0000622F0F7F0F848B10CE0417851B9807876
:1003F0005E2807D1607B40F0100002E0607B40F097
:1004000008006073082E03D0B6F5C16F1BD10EE053
:1004100095F82D00800616D56FF00D01204603F0EB
:1004200002F980B92946204601F010FA09E095F852
:100430002D00800607D505F1270122462846FFF743
:10044000BBFC002070BD204603F0B3F8F9E70000C4
:100450006469010870B5002506469AB02C46F7F786
:100460003FFB96F82D10C9060CD5012808D818486E
:10047000F3F78DFF304602F0ADFE304602F0F0FE9D
:100480001AB070BD0128FBD94FF400525100022868
:1004900006D0032805D0042805D00528F0D103E0B4
:1004A00014460D4600E0144609486946F3F77BFB05
:1004B00007486946CDE90554F3F7C5FE0448F3F74C
:1004C0000BFF304602F0F5FE304602F0D2FED7E7D1
:1004D00078D0012410B5652180F82E106E2180F8A7
:1004E0002F10044941610449816101F09DFE002003
:1004F00010BD0000E9FF0008AD23010870B50446F7
:1005000001F00EFF05000CD022692146904704003F
:1005100002D0284603F04DF80348F3F7EBFA2046E3
:1005200070BD4FF0FF34F7E778D0012410B50446D2
:1005300000F010FB002808D1204606F046F90028FC
:1005400003D104F580540021216010BD2DE9F84F3E
:100550000D46804606F039F95FEA000A7AD108F5BF
:100560008054E079002875D1666A4FF00109002EA9
:1005700072D0681C31D0E068A84200D20546A56060
:10058000002D52D0691E4046FDF7D2FC6061014645
:100590002068FDF7E4FC00287ED021686D1E01F57F
:1005A00080514A89B5FBF2F38D786D1E2B401D18E2
:1005B000A068B0FBF2F302FB13000028E1D0A269AF
:1005C000AA42DED0A079400637D5487801234146BB
:1005D000FEF7D4FF002871D12BE056F804BB216947
:1005E0000227E1B100250091BF1C20686D1C8846E0
:1005F00000F044FE012801464ED9481C5ED008F1A7
:1006000001008142F1D05F4503D8356000987060E9
:100610000836206800F5805040698842E2D8606A58
:100620005F45076002D800203060B3E04FF0110A48
:10063000B0E0A07920F04000A071206801232A4694
:10064000414600F580504078FEF77EFF002835D106
:10065000A5619FE080E0FFE7E068A84203D2A179AE
:10066000890700D40546A0680027A7602DB321683C
:100670000A4601F580518E7849894E4378B1691E4A
:10068000401EB1FBF6F1B0FBF6F3994207D3711EA1
:100690008843A0602D1A00E05CE061690CE02169EC
:1006A00049B900211046FDF768FC0128014651D0E8
:1006B000481C61D021616161E9B934E05CE0A07956
:1006C0008007206805D5FDF758FC010004D13546A8
:1006D00013E000F0D3FD0146481C4DD0012939D963
:1006E000206800F580504069884233D96161AD1BB4
:1006F000A0683044A060B542E1D8A06841F20A0287
:100700002844A0602068125AB5FBF2F302FB135292
:100710004AB1FDF724FCE8B1216801F5805149890F
:10072000B5FBF1F10F182068A16800F580504289EF
:10073000B1FBF2F302FB131119B3A269BA4220D044
:10074000A17949060ED5407801234146FEF716FFF0
:1007500090B903E00220E071BDE8F88FA07920F0A5
:100760004000A071206801233A46414600F58050C0
:100770004078FEF7E9FE18B1012084F80790EBE716
:10078000A761D4E90201884204D9E060A07940F071
:100790002000A0715046DFE737B582B014460398B9
:1007A0000090684600F042FE002802DA0B2005B0F7
:1007B00030BD0D4B002253F8201011B101F58051CE
:1007C0000A700299002902D04FF480556A5443F808
:1007D000201001D0012C01D00020E8E7002203A95D
:1007E00002A800F05BFBE2E728BF06242DE9F74FE3
:1007F000ADF5925D98B100F5805641F2442102F0CA
:100800001F074FF0000827F001026944C6F8008076
:100810000DF5805000F042FB050007D0ADE0092047
:100820000DF5137D0DF5805DBDE8F08F0DF5805160
:1008300041F224206844E9468861A0F50070C8614F
:100840004846D1F8441200F05BFC05000DF58050DD
:10085000446901D104B9062517F01C0F59D065B1C0
:10086000042D03D14846FEF725FD05460DF58050C1
:1008700047F00807446945B17FE0E07A10F0110FB6
:1008800051D1780701D5082577E0380751D500F018
:1008900068FDA073010AE173010C2174000E6074FD
:1008A0000DF5805184F80B8084F81C8084F81D803D
:1008B00084F81E8084F81F800868214601F01AFB26
:1008C00000218146204603F0BFF80DF5805201213A
:1008D000B9F1000F106800F58050017127D0106841
:1008E000494600F58050D0F82CA0106803F03EF87F
:1008F000050042D10DF58052A9F10100116801F502
:100900008051C8605146106802F03AFB05000CD0D7
:1009100033E095BBE07AC10601D504252DE0B90787
:1009200003D5C00701D0072527E0380701D547F0D8
:10093000200721460DF58050006800F58050C06A00
:10094000C6E907040DF58050B77186F80780474661
:10095000006801F0CFFA3061D4F81D10207F40EA22
:100960000120C6E902700DF58050B761776200681A
:10097000306000F58050C088B080284650E72DE9EF
:10098000F05F89469A46002116468346196005F0B5
:100990001CFF00280FD10BF58054E07900280AD104
:1009A000A079C00706D0D4E90210401A864200D9C7
:1009B00006469BE00720BDE8F09F2368A168184623
:1009C00003F580535A89B1FBF2F502FB1515002D92
:1009D0006CD1B1FBF2F29B785B1E1A4012F0FF055E
:1009E00010D129B1626A2AB15846FDF7A1FA04E094
:1009F000206902E0616900F041FC02281DD3411C1E
:100A00004FD0606161692068FDF7A9FAA8B100EBD9
:100A10000508206800F580504189B6FBF1F737B32F
:100A20008178EA198A4200D94F1B40783B464246FA
:100A30004946FEF789FDA0BB02E00220E071BAE75B
:100A4000A07940060DD5A169A1EB0800B84208D2F3
:100A5000216801F580514A89594600FB029002F055
:100A600007F9206800F5805045897D4334E0A2698C
:100A7000424519D0A179490609D540780123594644
:100A8000FEF77CFD68B9A07920F04000A0712068D5
:100A900001234246594600F580504078FEF754FD48
:100AA00010B10120E07186E7C4F818802068A168C1
:100AB00000F580504089B1FBF0F200FB1212851A5C
:100AC000B54200D93546B1FBF0F200FB12112A46BF
:100AD0004846594402F0CCF8A068A9442844A060D4
:100AE000DAF800004119CAF80010761B002E7FF4D6
:100AF00064AF00205FE773B5ADF5925D0D4600224F
:100B00000DF592510DF5805000F0C8F904001BD18D
:100B10000DF5805141F2242068446E468861A0F5AD
:100B20000070C8613046D1F8401200F0E9FA0400C4
:100B30000AD10DF58050406928B12DB129463046C3
:100B400000F011FC00E006240DF5127D20460DF5A5
:100B5000805D70BD70B5054605F037FE002811D1E7
:100B600005F58054A1798A060CD548060FD5206872
:100B70000123A269294600F580504078FEF7FEFC6B
:100B800008B1012070BDA07920F04000A071E1699A
:100B9000206802F0F5F90028F4D1256AE87A40F0DF
:100BA0002000E872207B2877A089000A6877E06837
:100BB000000CA877E068000EE8772169284602F06B
:100BC00043FF00F0CEFBA875010AE975010C2976F8
:100BD000000E68760020A8740121E874A07920F046
:100BE0002000A071206800F5805001712068BDE8E8
:100BF000704002F06CBF13B5ADF5925D0C4601225A
:100C00000DF592510DF5805000F048F9002827D1DC
:100C10000DF5805141F2242068448861A0F50070F0
:100C2000C8616846D1F8401200F06AFA002817D16E
:100C30000DF580504069C0B1A1790DF580528175E4
:100C4000E188090AC17521790176A188090A4176EE
:100C50001068012100F580500171106802F037FF23
:100C60000DF5127D0DF5805D10BD0620F8E72DE92C
:100C7000F05F89469A46002115468346196005F0C3
:100C8000A4FD002808D10BF58054E079002803D199
:100C9000A079800702D40720BDE8F09FA068411921
:100CA000814274D3AEE02268A16802F5805358896E
:100CB000B1FBF0F600FB1616002E7ED1B1FBF0F072
:100CC0009B785B1E184010F0FF0618D129B1606AAE
:100CD00038B15846FDF72CF907E0206938B90021F2
:100CE00000E061691046FDF748F900284FD001285F
:100CF00031D0411C5CD06061216901B92061A079CB
:100D000040060DD520680123A269594600F58050A0
:100D10004078FEF733FCC8BBA07920F04000A071FA
:100D200061692068FDF71BF9A8B100EB060820688F
:100D300000F580504189B5FBF1F74FB38178F21986
:100D40008A4200D98F1B40783B4642464946FEF70F
:100D500015FCD8B902E00220E0719DE7A169A1EB82
:100D60000800B8420CD2216801F580514A8900FB85
:100D70000291584601F07CFFA07920F04000A0715C
:100D8000206800F5805046897E4331E010E03CE069
:100D900000E012E0A26942450DD0D4E9021291426E
:100DA00009D24078012342465946FEF7CDFB10B1E7
:100DB0000120E07170E7C4F818802068A16800F590
:100DC00080504089B1FBF0F200FB1212861AAE424D
:100DD00000D92E46B1FBF0F200FB1211324601EBB6
:100DE0000B00494601F044FFA07940F04000A0719B
:100DF000A068B1443044A060DAF800008119CAF854
:100E00000010AD1B002D7FF44EAFD4E902018842E3
:100E100000D9E060A07940F02000A07100203BE7FD
:100E200082B0CDE9000121F0004001909DED000B62
:100E300002B051EC100B704770470000064B0021C8
:100E400000E0491C33F81120002A04D08242F8D176
:100E5000024830F811007047426A0108226C01080C
:100E60002DE9F04117460D4604460646012913DDDB
:100E70003846EFF7A3FA411C0CD0C0B204F8010BBE
:100E80000A2802D06D1E012DF2DC002020703046B1
:100E9000BDE8F081B442F8D10020F9E72DE9FF5F09
:100EA0004FF0000B17460546C0F800B0084600F0AA
:100EB000BDFA060003D50B2004B0BDE8F09F8C48B6
:100EC00050F826409CB12C6004F58055287820B15C
:100ED0006878FEF747FBC1070BD085F800B0F0B289
:100EE0006870FEF70FFBC10708D00320E4E70C2071
:100EF000E2E70FB1400704D40020DDE71FB140074F
:100F000001D50A20D8E741F20A0168786218022167
:100F1000FEF70CFBA8BB6889B0F5007F32D3B0F5B3
:100F2000805F2FD8002620463146FCF7C9FF0128F4
:100F300023D100206A4604EB001191F8C23101F57B
:100F4000DF712BB10B7AD1F8091043EA012100E0DF
:100F5000002142F82010401C0428ECD300279046C2
:100F600058F8276026B131462046FCF7A9FF00E07B
:100F7000022048B17F1C042FF2D3032802D0E8BB23
:100F800002E0FFE7012097E7B4F80B006A8990427E
:100F900061D1E08A28B9D4F8251094F8240040EAF9
:100FA0000120A861217C8246E970012901D0022933
:100FB00051D101FB00F9677BAF70FFB1781E07428A
:100FC00049D1B4F811104FEA521C2981B1FBFCF051
:100FD0000CFB101090B9B4F8130028B9D4F82130E4
:100FE00094F8200040EA0320E3893BB1B1FBFCF810
:100FF00003EB090CC44460452DD300E02BE0A0EBCB
:101000000C00B0FBF7F030B3012740F6F67840450E
:1010100000D302274FF6F678404500D30327334428
:10102000801CB444C5F828C06861032FC5E9076374
:1010300013D081B1022F03EB0901696218D000F0CF
:10104000010100EB400001EB5000401E1044B0FBDA
:10105000F2F151450ED90D202EE70029FBD1D4F82D
:101060002D30800094F82C1041EA03216962ECE7EE
:101070004000EAE74FF0FF302861E8608020032F4E
:1010800068712ED1208E01282BD1711C204601F0D1
:1010900077FF30BB85F805B0B4F8FE01A0F52A4112
:1010A00055391ED1D4F80110207840EA01201149A9
:1010B000884216D1D4F8E51194F8E40140EA012001
:1010C0000D4988420DD1D4F8E91194F8E80140EABD
:1010D00001202861D4F8ED1194F8EC0140EA0120D8
:1010E000E86006492F700888401C0880E88003E704
:1010F00028BF06245252614172724161FC020024F1
:1011000073B50546019908782F2801D05C2801D1D4
:10111000491C019105F580540026A66001980078CD
:10112000202805D200212846FEF79EF966617CBD85
:1011300001A92846FCF774FF0028F8D12846FDF7DE
:1011400093FFA169C97A28B10428F0D14907EED4E8
:1011500005207CBD4907FCD46169C87AC006F7D573
:10116000206800F0C7FEA060E2E700000349CA69FA
:101170005206FCD5C2B20A8570470000001001403B
:1011800070B50D46044602E02946FFF7EFFF14F85C
:10119000010B0028F8D170BD2DE9F04790460446B8
:1011A00001FB084599460E46074606E04846EFF71C
:1011B00005F9411C06D004F8010BAC42F6D14046BB
:1011C000BDE8F087E01BB0FBF6F0F9E72DE9F04150
:1011D00002FB01051F461646044604E014F8010B05
:1011E0003946FFF7C3FFAC42F8D13046BDE8F08185
:1011F0007CB51C4616460B22054601F039FD052C30
:1012000011D91D4A0CE00021B61C234604464008B3
:1012100063F35F04E30300D55440491C1029F4D361
:1012200030880028EFD107226B4604F00F003030E1
:10123000392800D9C01D9854521E2409F5D17E20AA
:101240000021541E985406E081387D2802D8A1421E
:1012500006D0491C491C914202D2685C2028F3D177
:10126000082A02D2985C521C00E020206854491CD5
:101270000829F5D37CBD0000211001002DE9F047BD
:1012800002290D4607460DD307F580546069A84230
:1012900008D920784FF0FF36012807D0022832D035
:1012A000032844D001263046BDE8F087618905EB6C
:1012B0005508B8FBF1F0216A0144384601F060FEA0
:1012C0000028F0D16089B8FBF0F200FB128108F130
:1012D0000108B8FBF0F017F80190216A0144384684
:1012E00001F04EFE0028DED16189B8FBF1F201FB6E
:1012F0001280395C49EA0120E90701D00609D2E7EA
:10130000C0F30B06CFE76089216A4008B5FBF0F017
:101310000144384601F034FE0028C4D161896800D8
:10132000B0FBF1F201FB120038440688BBE760898C
:10133000216A8008B5FBF0F00144384601F020FE38
:101340000028B0D16189A800B0FBF1F201FB1200C6
:1013500038440178D0F8010041EA002020F07046BE
:10136000A1E7002070472DE9F04100F580500E46BE
:1013700001F10905016969B3436900212E275A5C0F
:10138000491C202A18D0052A00D1E522092901D1BB
:1013900005F8017BA2F14104192C0BD893F80CC07D
:1013A000092901D3102400E008241CEA040F01D00D
:1013B0002032D2B205F8012B0B29E0D3D97A317251
:1013C000D3F81D20197F41EA02213160198BB180C9
:1013D000D98AF1804FF0000885F80080B769002FA6
:1013E00022D001690024E9B1F169D9B1018CA1F5DC
:1013F0007F42FF3A16D0C56910E00021FFF71CFDBF
:1014000040B1FF2802D9010A3955641CF169491E0F
:10141000A14201D8002405E03855641C35F8020BC0
:101420000028EAD107F80480BDE8F08103464FF0B8
:10143000FF3010B51C68002C13D0214600E0491C79
:101440000A78202A0ED33A2AF9D114F8012B303A1F
:101450000A2A06D28C4204D1032A02D2491C104621
:10146000196010BD002010BDEEF7A8BF70B504468E
:1014700005460948EEF7A2FF411C04D00A2806D011
:1014800004F8010BF5E7AC4201D1002070BD00204B
:101490002070284670BD0000DC0300240A460321AA
:1014A00000F07EB82DE9FE4F456804468A4628784C
:1014B00000074FEA90682046C8F100010F4602F08D
:1014C000B2F8002862D1208904285FD360680078D0
:1014D00000285BD0082859D12F4901260868C0F39D
:1014E00003120E2A00D100268946514600F0E0F88A
:1014F000E8BBE6B32089082848D3204600F08CF8E2
:10150000A8BB2221204602F08EF8D0B141462046E9
:1015100002F089F858BB21890022022001F0EEFE7A
:10152000060033D0214601F0C3FF00BB7568394681
:10153000304602F078F8D0B9204602F03AF8344646
:1015400005E06FF02101204602F06DF878B960687F
:101550000026D9F80010E960104909682961414660
:1015600006704680FF20287220466E8100E00DE064
:1015700002F059F850B901212046FF23CDF808A008
:101580000022CDE90061044900F036FA2046BDE8AA
:10159000FE4F02F00EB80000740200247002002416
:1015A0002DE9FE4391460E460022074624210120E4
:1015B00001F0A4FE050023D06C681C22D7F804803B
:1015C0002670002684F80190A680E6806868796815
:1015D0000830EEF765FF66802046698900F016F84E
:1015E0006080FF23D8F80C0000210290012002AA9D
:1015F000CDE90060284600F0E5F9284601F0D9FF62
:10160000BDE8FE830A460B21FFF7CABF10B501F003
:101610002CFAC04380B210BD70B5002405462646A2
:1016200013E06989686801F020FA2044010C11FA7E
:1016300080F4A87AC00707D0C6F10100C6B2E0B2B4
:10164000C4F3072141EA00242D68002DE9D126B119
:10165000E0B2C4F3072141EA0024E04380B270BD48
:101660002DE9F0410B3020F00706104D19E02068FD
:10167000B04215D3B0420AD9871B201DD4F804808C
:10168000EEF70EFFA019C0E90078286004E060685A
:101690002860201DEEF704FF201D2660BDE8F081C4
:1016A000251D2C68002CE2D10020F7E7E803002478
:1016B000421C12D088B191F82D2092070BD54A68B0
:1016C000824208D089680A4000EA0103934202D1AD
:1016D0000143491C01D000207047012070470000E1
:1016E0002DE9F74F8AB00446142500260B98878C05
:1016F00060680690C08801F0AEF9C0F30C01039158
:1017000000F40050089020891438143F07971FFAFE
:1017100080F9F81707EB5070C0F3CF00049081E018
:101720000799894501DC012000E000200399089A0F
:10173000C1F30C0111430591C8B148461FFA80FB63
:1017400000221421022001F0D9FD0290A8B14068C6
:1017500014220699EEF7A4FE0298D0F804A060685F
:10176000284460606089401B5D46608131E041F43F
:10177000005005900498C000E0E74FF0FF300DB036
:10178000BDE8F08F6689AE4200D92E4606B306202A
:1017900001F0E0FB07004BD060680222CDE90006B3
:1017A00003203B46314601F033FE5FEA000843D098
:1017B000204601F08FFF22484146C7E90404029801
:1017C00001F050FEA81B05042D0C04D02468D9E7B5
:1017D0002468002DD6D10598354601F025F9AAF8E0
:1017E00006000BF1140080B201F01EF9AAF8020005
:1017F00000215046AAF80A101421FFF707FFAAF8A3
:101800000A000B980C9A029943699847029801F0D4
:10181000D0FEA9EB0B001FFA80F9DDE903010844B3
:1018200080B20390B9F1000F7FF47AAF0020A6E7F1
:10183000029801F0BEFEA0E7384600F003F8F7E793
:10184000BD1E01080146062001F044BB2DE9F84FFA
:1018500006460F4601200090042175682878B1EBF8
:10186000101F0FD100F00F004FF6FF7101EA800941
:10187000688801F0F0F8728901464A4502D3308940
:10188000884203D2304601F094FE60E0304601F019
:10189000FAFE4A484FF0010829693C46A0F1040BC2
:1018A00082460160EA68CBF8002094F82D00C0075A
:1018B0000DD0201D0BD0616849B1DAF800008842D4
:1018C00003D02146FFF7F4FE08B174B116E0B8F179
:1018D000000F04D03A484FF00008046800E0246884
:1018E000BC4200D12468002CDFD1687A112805D1D0
:1018F00005EB09004088B0F5884F26D0009870B1FC
:10190000DBF8000058B1D8463946FFF7D1FE002871
:10191000B8D198F80000C0F303100E28B2D0002C04
:10192000B0D0E88830F0C00005D0304600F0B8F8FC
:1019300006000CD075683946204C3046103CC4E98E
:10194000017501F0A3FF28B12FE03C46E7E7002036
:10195000BDE8F88F687A012814D006280DD0112828
:1019600006D0DAF800003946FFF7A2FE78B119E098
:101970003946304604F0DEFD17E03946304602F0C5
:10198000F1FC12E039463046FFF78CFD0DE09AF885
:101990000000C0F303100E2804D002213046756009
:1019A000FFF77CFD304601F004FE00206060A0607F
:1019B000CBF80000CAF80000C9E700007402002458
:1019C000980200242DE9FE431F46164688468146AC
:1019D000DDE90A54104600F051FA50B100953B463B
:1019E000CDE9014032464146484600F005F8BDE8E1
:1019F000FE836FF00300FAE72DE9F84F17009846D1
:101A000089460546DDE90BA6DDF828B031D0142162
:101A100001F009FE18B16FF00100BDE8F88F6C68A5
:101A200084F8088084F809A0386820614520207077
:101A300084F801B0288900F0F7FFDFF860804FF0EC
:101A4000000A6080A4F806A0B8F8000000F0ECFFDF
:101A5000A080B8F80000401CA8F80000B9F1000F01
:101A600002D0D9F8000000B97068E060A4F80AA0BC
:101A700003E068686F4600690090B08C40B1298926
:101A8000814205D93A4631462846FFF729FEC4E788
:101A900073693A46294630469847BEE764020024F7
:101AA0002DE9F14F002700984468207800F00F00DE
:101AB00005287CD1E08800F0CEFFC0044FEA104A30
:101AC000608800F0C8FF217801F00F01494200EB67
:101AD00081001FFA80F9009801F0E1FC584D06469C
:101AE00028883044142809D93146204600F068F986
:101AF00000285CD028883044142858D8A8466D683F
:101B00004FF0000B0DE06869E168884207D1A869D1
:101B10002169884203D1A889A188884204D02F4630
:101B20002D68002DEFD106E02DB1E08800F093FF85
:101B3000C00424D02EE0052001F00CFA05000AD1E3
:101B40003146204600F03CF9B04216DB052001F09A
:101B500001FA050011D02021EEF7CAFC0320E87736
:101B6000D8F804101422296005F108002146C8F8AD
:101B70000450EEF795FCD5B10CE05D46FBE7E88933
:101B800000F069FFC00405D01422214605F10800C9
:101B9000EEF786FCB8F800103144A8F80010A079E0
:101BA000800608D4A87F40F00100A87700E041E05B
:101BB0000AEB0900A8830099284600F043F80028A2
:101BC00036D0A88B142205F108011430A883686868
:101BD000466830463468EEF763FCA88B00F024FFBB
:101BE00070801421A6F806B03046A6F80AB0FFF7B8
:101BF0000DFD70816FF0130AD5F8049009E0666856
:101C00005146204601F00FFD2146484601F02AFCCE
:101C10003468002CF3D13946284600F087F848464E
:101C200001F03DFCB8F80020101AA8F80000484662
:101C3000BDE8F88F009801F0BCFC0020F8E7000038
:101C4000780200242DE9F047D1F804800024012512
:101C50000E460746B8F8020000F0FDFE014698F86F
:101C6000000000F00F00404201EB8009B8F80600C8
:101C700000F0F1FE7268C004030C0020106003EB5A
:101C8000090093801FFA80F8A2F8068079681DE0A9
:101C90004868B0F804C063450DD2116044B1B4F88F
:101CA00006C0634532D3808880452FD8266000E087
:101CB0007E6069B115E029D0C1888B4226D31CB162
:101CC000E188614500D00025016804460029DFD184
:101CD00034B12660E0889188884202D0002500E077
:101CE0007E60B87FC0070DD05DB17868406880889D
:101CF00030B9116829B14868D1888288914203D0EF
:101D000000252846BDE8F0870246F2E7304601F09C
:101D1000C6FB014604480288511A0180304601F092
:101D200048FC0020EEE7000078020024074A0B463A
:101D300030B401685468844201D1516000E01960F8
:101D4000014630BC052001F0C5B80000780200242F
:101D50002DE9F04144680646884600256068818880
:101D600091B900681422706006F108016068EEF70E
:101D700097FB01212046FFF745FC204601F08FFB31
:101D80000546204601F015FC74680AE060682746A5
:101D90000468384601F083FB284485B2384601F0D8
:101DA00008FC002CF2D141463046FFF7BFFF034844
:101DB0000188491B01802846BDE8F0817802002493
:101DC0002DE9F047DFF86890002688460546002296
:101DD00011461446D9F804001BE04369D5F80CC03D
:101DE000634509D18369D5F810C0634504D183895F
:101DF000B5F804C0634508D0641C22B1C37F92F8D3
:101E00001FC0634501D802460F46036803B101466F
:101E100018460028E1D122B139461046FFF798FF55
:101E20000644464501DA012CD1DC3046BDE8F08796
:101E30007802002410B500F00BF8BDE8104003490B
:101E400000224FF47A7001F09DBF0000351E01089A
:101E5000094870B5002544680BE0E07F20B1401EC2
:101E6000E0772546246804E0204624682946FFF7E9
:101E70006FFF002CF1D170BD7802002410B504462C
:101E80000C480AE090F82D10C90706D08168226836
:101E900043680A400B409A420AD000680028F1D1FA
:101EA0000548006818B190F82D10C90700D100202E
:101EB00010BD0000980200249C02002410B50446C6
:101EC000406908B101F075FB2046BDE81040FFF7FE
:101ED000B9BC00000822743004A110B5EEF773FB02
:101EE00008B1002010BD012010BD00004172742D0A
:101EF0004E6574000246488B02F580521278032A20
:101F000002D1898A40EA01407047000086B0A44DA2
:101F1000002702213C463A462846F2F716FC0122E9
:101F200028461146F2F711FCDFF878B2AA469E4E19
:101F300043F6FF794FF0000830787178084300D1FC
:101F40000127B078F178084303D13069022800D125
:101F50000124B07968B9012C03D00020F1F76AFCA4
:101F600008B1012200E0002290484FF40061F2F72E
:101F7000ECFBF5F7AFFD08B10120B07157EA0400A2
:101F80000BD0012C10D0012155465046F2F7D9FB59
:101F9000306902281BD000221AE000225546022197
:101FA0005046F2F7D2FB08E0022155465046F2F7C0
:101FB000C8FB012F03D0307830B1002205E00121A9
:101FC0002846F2F7BEFB07E00122012101E00122D1
:101FD00002212846F2F7B9FBFAF704FA0A28054667
:101FE0001ED9EFF78FFF707901280FD10020F1F78C
:101FF00021FC18B901210020F9F748FE0120F1F772
:1020000019FC18B901210846F9F740FEB5F5966F9D
:102010000ED90020F1F70EFC50B9FAF721F907E0CC
:1020200000210846F9F732FE00210120F9F72EFEC3
:102030000020F1F7FFFBB1793279CDE90450CDE909
:1020400002213169F078CDE90001B37872783178F6
:102050005748FAF751FEF5F75BFA01465548026812
:102060005548036855480068CDE90003544802927A
:102070000368544802685448FAF73EFEB0790128D4
:1020800008D002282AD003284FD0042878D0052869
:1020900079D07CE0B27B0092B089134601B2084649
:1020A000F9F722FE9BF80000012807D1B27B0092CD
:1020B000B089134601B20846F9F766FEB08930B11F
:1020C000FA20A6F80C80EFF779FDFA2023E0002033
:1020D000A6F80C90EFF772FD00201CE0B27B009296
:1020E000B089134601B20846F9F7FEFD9BF80000DF
:1020F000012807D1B27B0092B089134601B208468D
:10210000F9F742FEB0890028E1D0FF20A6F80C8044
:10211000EFF754FDFF20EFF76DFDF08910B1A6F841
:102120000E8034E0A6F80E9031E0A6F80C80002571
:10213000A6F80E80B27B0092B089134601B2084621
:10214000F9F7D2FD9BF80000012807D1B27B00927D
:10215000B089134601B20846F9F716FEB08900228D
:10216000052311463F30B081F0893F30F0811046A1
:10217000F7F794FB6D1C682DDCDB08E000E002E063
:10218000F5F784FC03E0F5F76DFC86F80680002285
:102190004FF4FA7311461046F7F780FBCCE60000C7
:1021A000000402582C0000240000002400080258FB
:1021B0001C70010804010024FC000024000100241C
:1021C000F8000024E0000024C06F01082DE9F04170
:1021D00000270E4605461046FDF7E2FC5FEA0008C0
:1021E0006FF0050417D0FDF7D3FC306098B14FF0C5
:1021F0000051296032684046FDF7E8FC28B14046AE
:10220000FDF7B8FC3846BDE8F0812868FDF7BCFC56
:102210004046FDF7AFFC2046F5E70000014601A06F
:10222000FAF76ABD257300002DE9F0410546384EE6
:102230000024384F0620DFF8E0809AB085F82600A9
:102240003248017885F82710417885F82810817880
:1022500085F82910C17885F82A10017985F82B10A6
:10226000407985F82C0040F2DC50A88495F82D00C8
:1022700040F0320085F82D00C4EB8410214600EBBD
:10228000C410002306EBC0022448F1F76EFC04EBF7
:102290008401641C08EB81000C2C0761ECD31E4800
:1022A00034213438EEF724F91B48212134380160F9
:1022B0004FF44031416100210161F5F711FC4FF409
:1022C00000546600022809D0032804D0042804D052
:1022D000052803D118E0002400E000260F486946D5
:1022E000F1F761FC0D486946CDE90564F1F7ABFFF4
:1022F0000A48F1F7F1FF284600F0DBFF284600F01E
:10230000B8FF1AB0BDE8F0810024E6E7A016052466
:102310000002043013360108E817052478D00124A0
:102320007FB500261F48344635460396F1F794FEE4
:10233000002835D0F8F7BAFA1A486946F1F719FDBE
:10234000184803A9F1F767FD0398202812D9F5F77B
:10235000DFF801280ED10098808908280AD100985A
:102360001A30F1F71DF928B10F4803940168491C90
:10237000016014E0039890B181B20322002000F0C4
:10238000BDFF06000BD004460098411962896068C1
:10239000EEF786F8608924680544002CF4D13046B5
:1023A00004B070BD78D00124E0000024F0B5002214
:1023B0008DB0104614466D46164618E0042A03D325
:1023C0006FF00E000DB0F0BD02EB42034F6845F810
:1023D000237005EB83034F895F604F8938440AB14E
:1023E00043F8043C0F6807B99E60521C0968002935
:1023F000E4D10649C1E90105F8F758FA034900227A
:102400000348F2F70EF82046DCE70000B417052475
:1024100078D001242DE9F04704462B4800680125B7
:102420002A494FF0020C4FF000094FF0C008020E8D
:10243000070C0A71030A4F711A228B71A826C87102
:102440000A7031224A708D7081F803C0C1F808907B
:10245000C1F80C90642184F80680E67125726172DF
:1024600084F800C084F8019084F80290E770184F57
:10247000237160713879A0727879E072B87920732D
:10248000F8796073F1F7A4F958B184F80A80E6721C
:102490002573607921790844E17808440D4948732F
:1024A0006073FF20A073E073207484F81190397A70
:1024B000A174797AE174B97A2175F97A617584F831
:1024C0001690BDE8F087000000E8F11FC0EE002480
:1024D000246D0024A016052410B5EDF717FF074959
:1024E0000723044606484A68002102F5FE72F6F703
:1024F000CDFE2046BDE81040EDF70CBF2C020024B5
:1025000025270108044810B5FCF734FDBDE810404C
:102510000720F6F74FBF0000B816052430B5002499
:1025200087B000F0E5F810B1022007B030BD3448A4
:10253000FFF770FF05E0641CE4B2052C01D903200D
:10254000F3E7F5F707FB0028F5D10021084603F073
:1025500009FAF1F73DF9002518B1039504950595A1
:1025600035E0274CD4F80B10A07A40EA0120039004
:10257000D4F80F10A07B40EA01200490D4F8131087
:10258000A07C40EA0120059062792179E0788DE80D
:102590000700A3781BA062782178FAF7ADFB607B77
:1025A000009026A0237BE27AA17AFAF7A5FB607C53
:1025B00000902EA0237CE27BA17BFAF79DFB607D3F
:1025C000009036A0237DE27CA17CFAF795FB3F4882
:1025D00005AB3F4904AA0095CDE90110084803A9BD
:1025E000183000F0B9FD48B10548183000F0ECFD96
:1025F0000348183000F05DFE002096E7042094E7C1
:10260000A0160524CDF8BFA8656EB5C44D4143B5ED
:10261000D8D6B7CEAA3A2E2E2E2E2E2E2E2E2E2ED7
:102620002E2E2E2E2E2E25642E25642E25642E254C
:10263000642E25642E25640D0A000000BEB2CCACC9
:102640004950B5D8D6B72E2E2E2E2E2E2E2E2E2E0B
:102650002E2E2E2E2E2E2E2E2E2E2E2E2E2E25646D
:102660002E25642E25642E25640D0A00D7D3CDF8BF
:10267000D1DAC2EB2E2E2E2E2E2E2E2E2E2E2E2EDA
:102680002E2E2E2E2E2E2E2E2E2E2E2E2E2E25643D
:102690002E25642E25642E25640D0A00C4ACC8CFF7
:1026A000CDF8B9D82E2E2E2E2E2E2E2E2E2E2E2EAC
:1026B0002E2E2E2E2E2E2E2E2E2E2E2E2E2E25640D
:1026C0002E25642E25642E25640D0A00B1590108BB
:1026D000D504010810B5054C0020216800F010FD5C
:1026E00061680020BDE8104000F00ABD2C02002403
:1026F00000204FF47A6110B500F00EFD084C4FF445
:1027000000712060002000F007FD6060216811B1B9
:1027100008B1002010BDFFF7DDFF012010BD000053
:102720002C0200242DE9FE43F1F752F800287DD059
:102730004E48FCF7CDFB4D4C0020183CA0754CA03A
:10274000FAF7DAFADFF8248153A0FAF7D5FAD8E9D4
:102750000157D8F80C60002D39D00220A07562799D
:102760002179E0788DE80700A37850A0627821787D
:10277000FAF7C2FA280E6073C5F307432373C5F353
:102780000722E272E9B2A172009056A0FAF7B4FAF9
:10279000380E6074C7F307432374C7F30722E2734C
:1027A000F9B2A17300905BA0FAF7A6FA300E60753B
:1027B000C6F307432375C6F30722E274F1B2A1748E
:1027C000009060A0FAF798FAF9F7C4F943E0D8F856
:1027D0002000407B042842D9FF20A075D4F80B10BC
:1027E000A07A40EA0121C8F80410D4F80F2061A0B3
:1027F000A17B41EA0221C8F80810D4F81320A17C7B
:1028000041EA0221C8F80C10FAF776FA62792179C8
:10281000E0788DE80700A37824A062782178FAF7A1
:102820006BFA607B0090237BE27A00E01BE0A17AE8
:1028300058A0FAF761FA607C009062A0237CE27BEA
:10284000A17BFAF759FA607D00906AA0237DE27CB3
:10285000A17CFAF751FABDE8FE43FFF753BEFA2018
:10286000FBF706FD70E7BDE8FE830000B8160524FF
:10287000D5FDD4DAB2E9D5D244484350B7FECEF103
:10288000C6F72CC7EBC9D4B5C82E2E2E2E2E2E2E51
:102890002E2E2E2E0D0A0000D5FDD4DABBF1C8A1D4
:1028A000B5D8D6B72E2E2E0D0A000000CDF8BFA841
:1028B000656EB5C44D4143B5D8D6B7CEAA3A2E2ED3
:1028C0002E2E2E2E2E2E2E2E2E2E2E2E2E2E2564FB
:1028D0002E25642E25642E25642E25642E25640D58
:1028E0000A000000CDA8B9FD44484350BBF1C8A17F
:1028F000B5BD4950B5D8D6B72E2E2E2E2E2E2E2E43
:102900002E2E2E2E2E2E25642E25642E25642E2569
:10291000640D0A00CDA8B9FD44484350BBF1C8A1DD
:10292000B5BDD7D3CDF8D1DAC2EB2E2E2E2E2E2E5A
:102930002E2E2E2E2E2E25642E25642E25642E2539
:10294000640D0A00CDA8B9FD44484350BBF1C8A1AD
:10295000B5BDB5C4C4ACC8CFCDF8B9D82E2E2E2E77
:102960002E2E2E2E2E2E25642E25642E25642E2509
:10297000640D0A0044484350B7FECEF1B3ACCAB16F
:102980002CCAB9D3C3BEB2CCAC4950B5D8D6B72146
:102990000D0A0000BEB2CCAC4950B5D8D6B72E2E29
:1029A0002E2E2E2E2E2E2E2E2E2E2E2E2E2E2E2E47
:1029B0002E2E2E2E2E2E25642E25642E25642E25B9
:1029C000640D0A00D7D3CDF8D1DAC2EB2E2E2E2E0D
:1029D0002E2E2E2E2E2E2E2E2E2E2E2E2E2E2E2E17
:1029E0002E2E2E2E2E2E25642E25642E25642E2589
:1029F000640D0A00C4ACC8CFCDF8B9D82E2E2E2E47
:102A00002E2E2E2E2E2E2E2E2E2E2E2E2E2E2E2EE6
:102A10002E2E2E2E2E2E25642E25642E25642E2558
:102A2000640D0A0000BA704740BA704710B501F053
:102A30002EF900F04DF900F061FA00F0B3FB00F060
:102A400013F803F075FD01F08BFCBDE8104001F0B8
:102A5000C7B900BA704740BA704700000148FDF797
:102A60004DBD0000B8160524704718B5002210F0BF
:102A70000103ADF800200BD0002909DD10F8014B4F
:102A8000491E8DF8014003E030F8024B891E2244B4
:102A90000129F9DC002902DD00788DF80000BDF87D
:102AA00000001044010C11FA80F0010C11FA80F0C2
:102AB00023B1C1B2C0F3072040EA012080B218BDA3
:102AC000F8B5444C002504262670EFF7B3F84248C9
:102AD0000660F1F74DFE4148016841F00041016098
:102AE00000680423022200F0004000900521A0208D
:102AF000F9F7F2F94FF4C870FBF7A0FB4FF4E1309F
:102B000002F0DCFFF5F7CCF8F5F77AFA002000F0D8
:102B10007FFA022000F07CFA032000F079FA04200A
:102B200000F076FA052000F073FAF5F7ABFA2CA066
:102B3000FAF7E2F8F5F782FC2FA0FAF7DDF835484E
:102B400004F12001F0F72AF93448012232A1FDF7FF
:102B500023FE2070D4E90601EFF71AF910B11E2008
:102B6000F9F7B0F9F0F788FBEFF710F96061F0F7CB
:102B7000CBFD60710246616929A0FAF7BDF8607962
:102B8000012805D1F5F752F9304931A0F8F7ACFE2C
:102B9000F4F702FFF6F79CF8334E0022102130467E
:102BA000F1F7D3FDFFF7BAFCA07003F031F8012272
:102BB000E07010213046F1F7C8FDF4F753FF174AD3
:102BC0000B232A480021121FF6F760FBF6F72AFBB9
:102BD0002846F8BD000000249CEF00E0DC440258C9
:102BE000496E6974205344206361726420656E6489
:102BF000202E2E2E200D0A00426567696E20746F0C
:102C0000206D6F756E74204641544653202E2E2E33
:102C1000200D0A00046E0108303A0000F45B002425
:102C200043657274696669636174696F6E20726569
:102C300073756C74203D2025642C20617574706C54
:102C40006179203D2025640D0A000000200F012439
:102C5000303A2F64616D65692F64617461626173DC
:102C6000652E646C6400000000000258593A0108A7
:102C700003E011F8013B00F8013B521EF9D2704706
:102C800070B5040021D0114D2868844202D36868D1
:102C9000844205D3EDF73AFBBDE87040EDF73ABB4F
:102CA0000A4800210C3000F0C7FFA4F10800002101
:102CB0000171A968884200D2A86000F019FD03489C
:102CC000BDE870400C3001F031B870BD84020024C2
:102CD0000C484FF4A0430C4A20F0030130B4002408
:102CE000116001F5A0400B804C800C7101245060F4
:102CF00004710380438002F10C009160214630BCD6
:102D000000F0FEBF0D190524840200242DE9F041D6
:102D100000280DD0C01C4FF6FC7100EA01050C2DF7
:102D20004FF4A04601D20C2504E0B54202D90020A0
:102D3000BDE8F0812848002100F07EFFDFF898E030
:102D4000C5F5A042AEF10C0EDEF80870DEF800000A
:102D5000391A89B239E044182379A3BB23885B1A56
:102D6000083BAB4230D3228805F114034FF0010C2D
:102D7000521A083A9A4211D34A19083293B2C21829
:102D800000251571258815805180238084F804C0A2
:102D90001188B14204D0821C8B5201E084F804C037
:102DA000BC4202D009E039880F18397919B1DEF830
:102DB00004108F42F7D1CEF80870074800F0B6FF34
:102DC00004F10800B4E7FFE7415A8A42C3DC024835
:102DD00000F0ACFFABE7000090020024C9B201E0B4
:102DE00000F8011B521EFBD2704700002DE9F0478E
:102DF000C91C07464FF6FC7001EA00040C2C4FF486
:102E0000A04A01D20C2401E0544517D83049086883
:102E1000874202D34A68974204D3EDF777FAEDF779
:102E200079FA10E0A7F108058846281A86B22888A2
:102E3000801B08381FFA80F94C4503D94FF0000079
:102E4000BDE8F08701D13846FAE721484FF000018C
:102E500000F10C0000F0F0FE28884246D8F800107F
:102E6000002300EB010898F80400D8B104F1140025
:102E7000484512D83019D2F808C0083084B2081971
:102E8000604500D2906003712A88028046802C80C1
:102E90000088504501D0891C44520D480C3000F088
:102EA00045FFD0E7301994680830B8F800C080B208
:102EB000444501D10C1894600A181371A2F800C09F
:102EC0005680288012885245E7D0891C5052E4E78A
:102ED0008402002470B5002905460CD00C46EDF79D
:102EE00015FA054951F82520226041F82540BDE832
:102EF0007040EDF70FBA70BD20690524F0B50020D1
:102F0000401C80B20E28FBD31048104C20F0030167
:102F10000F4E00203B3C074606F11C05002244F8FA
:102F2000207009E054F82030521C0B6092B244F833
:102F3000201036F81030194435F810309342F1D88B
:102F4000401C80B20E28E9D3F0BD00005B69052467
:102F50007869010870B50E28054601D3002070BDC0
:102F6000EDF7D4F9054951F8254014B1226841F82C
:102F70002520EDF7CFF9204670BD0000206905241B
:102F80002DE9F04100F58055074600240E46E86A19
:102F9000B0420ED0384600F0EEFD040009D168784A
:102FA000012332463946FCF7CFFA08B1661E0124E8
:102FB000EE622046BDE8F081134A70B5131893F80D
:102FC000383093B1114B53F820308B421AD90F4B44
:102FD00002EB8002183B53F82030106AB1FBF3F18A
:102FE00050F821400020034608E01168884701207E
:102FF00070BD156A0E18401C45F82630A042F8DB5B
:10300000002070BD022070BDA40100244C6801089E
:1030100030B504460748084D002150F824008200CE
:1030200005EB8400006A00F08FF80120291981F86F
:10303000380030BD1C680108A40100242DE9F041CE
:103040001E4E002405460F46701990F8380010B93E
:103050003168284688474FF0FF326FB3184B53F85A
:103060002510B7FBF1FCB7FBF1F001FB1C7101B1BE
:10307000401C1349183951F82510491E1CD406EB81
:103080008506376A57F821C0BCF1000F04D0002430
:1030900084420FD1002206E0641CF9E7346A8F18DD
:1030A000521C44F827008242F8D353F825004843C5
:1030B000BDE8F081491EE5D51046F9E7A4010024DA
:1030C000346801080C4B002210B50C4C114653F823
:1030D000203004EB800005E0046A54F8214004B17C
:1030E000521C491C8B42F7D84FF47A704243B2FB12
:1030F000F3F080B210BD00001C680108A401002498
:10310000002906D0034A02EB80029268891AFFF771
:1031100053BF7047A401002410B50446FFF78EFF8B
:10312000411C05D0034901EB84018968084410BDA6
:10313000002010BDA401002403E011F8013B00F8B9
:10314000013B521EF9D2704701E000F8011B521EEC
:10315000FBD27047F9F784B82DE9F041044606A880
:1031600090E8E00000206060A060E06084F82D003E
:10317000C4E907500A4D287884F83000401C2870B4
:103180002046276100F00FF82046B04710B100201C
:10319000BDE8F0816868206020466C60F8E70000B8
:1031A00094020024704770B51D461646044600F090
:1031B00023F83146204600F078F829462046BDE83D
:1031C000704000F014B800000149886070470000AA
:1031D0009402002490F82D10CA0707D021F00101B5
:1031E00080F82D10890601D5FCF750BE704701B15B
:1031F0000968C1607047000070B50C00054628D012
:103200002068696888421ED01348006809E0016898
:103210006A68914204D1C66800F0A2FE304600E020
:10322000C0680028F3D10D48006809E007D00168A4
:1032300029B16A68914202D144B121680160C06835
:103240000028F3D12CB12068686070BD4FF00001F8
:10325000F4E74FF00000F7E7BC020024B8020024B6
:1032600090F82D10CA0603D521F0100180F82D101A
:10327000704710B5044690F82D00C10614D440F0F4
:10328000100084F82D00206A10B12046FBF76CFA7C
:1032900094F82D00C10707D0800605D5211D2046D2
:1032A000BDE81040FDF70AB810BD01B109688160A2
:1032B000704790F82D10CA070AD141F0010180F83B
:1032C0002D10CA0604D5890602D5011DFCF7F6BFEC
:1032D00070470000074C4FF47A75F4F701FC206149
:1032E0000548FDF7B7F800222B4611461046F6F7C1
:1032F000D5FAF2E700000024B81605242DE9F047BE
:1033000017460D4630B1012806D0022806D0032802
:1033100050D105E0362604E0222602E00E2600E029
:1033200000264FF001094FF00008EFB3012F5DD0E8
:10333000022F5BD0032F3DD10D20FFF70BFE041EA3
:1033400039D0A01927731330414620F00300F61C32
:10335000C4E9008026F003002581C0F5C060A842C2
:1033600000DD284660812D1A26464FF4C06A884643
:10337000A4F80E9016E00D20FFF7ECFDB8B107732E
:10338000A9B280F80D805145C0F8008030600181FD
:1033900000D35146418100F1100242606D1A064689
:1033A000A0F80E90002D00E007E0E4DC2AE02046C3
:1033B00000F0FFF80020BDE8F08706F1130020F0D0
:1033C0000301E81C20F00300084480B2FFF79EFCD4
:1033D000041EF0D0A019133020F003006060258196
:1033E0006581C4F8008084F80C800BE00C20FFF7A6
:1033F000B1FD041EDFD0C4F8048025816581C4F8C6
:10340000008027732046A4F80E9084F80D80D2E740
:1034100070B5DDE9044530B1012806D0022806D098
:1034200003280DD105E0362004E0222002E00E2022
:1034300000E00020C01C20F003004618AE4201D975
:10344000002070BD00251D6014B12044586000E0CC
:103450005D60022058730120198159811A73D88147
:10346000184670BD002810B50FD000290DD004E01B
:1034700003890C892344038110460268002AF7D18E
:1034800002890B891A440281016010BD10B50C46F7
:10349000FFF7E8FF2046BDE8104000F01BB900210F
:1034A00002E00068491CC9B20028FAD108467047FA
:1034B0002DE9F0474FF000070C4605003E466FF03F
:1034C0000D0932D07CB32889218988422DD36FF031
:1034D000050A68896189C01B891B884201DB88B2A3
:1034E00000E080B2804660684246811968683844CE
:1034F000ECF7D6FF07EB080087B206EB080086B2B0
:103500006089B04201D8246800266889B84202D197
:103510002D68002745B15CB160892189884207D1B7
:10352000206860B904E000E06CB14846BDE8F0876F
:103530003DB168892989884203D1286808B150467D
:10354000F4E7002CC5D10020F0E72DE9F047002872
:10355000164689464FF0000806D0B9F1000F02D098
:103560000027044620E00020BDE8F0872BB16089E9
:10357000984202D8181A83B215E06089C01A85B241
:10358000B54200D9354660682A46C11809EB0700E4
:10359000ECF786FF08EB05001FFA80F8781987B270
:1035A000701B86B2002324680EB1002CDED1404689
:1035B000DAE770B504000AD00026ECF7A7FEE1892F
:1035C000491E8DB2E581ECF7A5FE15B117E000208C
:1035D00070BD617B207B2568890703D52169204662
:1035E000884708E003280CD001280DD002280BD012
:1035F0002046FFF745FB761C2C00F6B2DDD13046A5
:1036000070BD0D20214601E00C202146FFF762FC31
:10361000F1E7002806D0002141730160018141815A
:10362000C1814160704710B541B138B1002907DA56
:103630004A4293B242899A4223D302E0002010BD4D
:103640008BB2027B446832B1032A04D0022A0AD02A
:10365000012A08D015E0621A426000F110039A4274
:1036600008D244600DE000290BDA42899A4208D35F
:10367000621A426042890A444281028911440181EE
:10368000DCE7012010BD70B502898A4221D98A1A6F
:103690000D46044605E0281A85B220891044208191
:1036A00024686089A842F6D3207B50B96089A8427B
:1036B00007D0A088001B284481B22046FFF796FB64
:1036C000044665812581206808B1FFF772FF00205C
:1036D000206070BD10B5040008D0ECF717FEE1893A
:1036E000491CE181BDE81040ECF714BE10BD00009C
:1036F00030B5134C01882268931C114488420DD0C8
:103700000D795DB96568A94208D0A5688D4200D1E0
:10371000A0600D880580851A0988CD524188114422
:1037200081420BD00D79002D08D1A568854200D1CA
:10373000A16004880C80891A0088C15230BD000045
:10374000840200242DE9F047022916460D4607465B
:1037500004D307F580546069A84202D80220BDE86E
:10376000F087207806F0FF094FF0010A012824D0E5
:1037700002285DD00328F1D16089216A8008B5FB59
:10378000F0F001443846FFF7FBFB0028E7D16289DF
:10379000A900B1FBF2F302FB13114FF0704339445F
:1037A000D1F8012003EA022232430A70130A4B7057
:1037B000130C8B70120ECA7050E0618905EB55082E
:1037C000B8FBF1F0216A01443846FFF7D9FB002825
:1037D000C5D16189B8FBF1F201FB1280E9073844D9
:1037E00008F1010803D0017869F31F1100E03146A8
:1037F000017084F804A06189B8FBF1F0216A0144EA
:103800003846FFF7BDFB0028A9D16289B8FBF2F367
:1038100002FB1381EA07394402D0C6F3071205E020
:103820000A78C6F3032302F0F0021A430A7015E087
:103830006089216A4008B5FBF0F001443846FFF783
:103840009FFB00288BD162896900B1FBF2F302FB78
:103850001311320A394481F800904A7084F804A0A8
:103860007DE7FDF783BC000010B5044601E0FDF7DD
:103870007DFC14F8010B04490028F8D1BDE8104084
:103880000A20FDF773BC0000900100242DE9F047E9
:10389000DFF860900746406800263546D9F80040BA
:1038A00090F8098021E0217C41451BD12CB1206892
:1038B00018B111490968884214D1D4F814C0BCF178
:1038C000000F0FD00D4B3A46A0692146E04748B1A2
:1038D0000027012635B1E068E860D9F80010E16002
:1038E000C9F800402546E4680EB9002CDBD130460B
:1038F000BDE8F087A00200247402002470020024B6
:103900002DE9F04704008A4616D054F8047CD4F818
:1039100000903E1F564500D956462046F9F734FA26
:1039200005468846324621465046FDF799FE40B18D
:10393000C0F80090BDE8F087BDE8F0470846F9F709
:1039400087BD44E9017955B129686A18211F8A4267
:1039500002D9611B091F2960C5F80480EAE7024A01
:10396000C2F80080E6E70000E80300242DE9F041FA
:1039700002290F46804618D308F580546069B84282
:1039800013D900261FE039464046FDF777FC0500B5
:103990001CD0012D09D0681C09D0002239464046B0
:1039A000FFF7D0FE060011D103E002260EE001264B
:1039B0000CE02069411C05D0401C2061607940F07A
:1039C000010060712F466069B842DCD83046BDE81E
:1039D000F08100002DE9F04F0021DFF868C00122DE
:1039E0000E4664274FF0FF09C0244FF01E0AA82599
:1039F0004FF0040B4FF0020840F2351301FB03F0C7
:103A0000491CC9B202290CF830600CEBC0004270AE
:103A1000C670867046758774C774077504714571E2
:103A2000827180F80790047245728272C27280F8C7
:103A300016A080F819B080F8178080F81880DBD3C2
:103A4000BDE8F08F246D00240A0A8176C2760A0C44
:103A5000090E02754175704710B5F5F7FBFBECF7E1
:103A600055FC0446FEF738FD0C4A0A230C48002199
:103A7000F5F70CFC0B4A08230B480021F5F706FC70
:103A80000A4A09230A480021F5F700FCFF20F5F750
:103A90006DFE2046BDE81040ECF73CBCF059002418
:103AA0000D1F0108F0570024D5320108F04300240F
:103AB00035DE0008014600200B22430803EBC0104E
:103AC00011F8013B521E1844C0B2F6D1704770B5D0
:103AD000044600F050F806004BD104F580552878D4
:103AE00003283FD1687901283CD16A89002120460A
:103AF000FFF774F9552084F8FE01AA2084F8FF012D
:103B00005220207060706122A2704120E07072210A
:103B100084F8E411012384F8E51184F8E60184F8BF
:103B2000E721286984F8E801010A84F8E911010C09
:103B300084F8EA11000E84F8EB01E86884F8EC01DF
:103B4000010A84F8ED11010C84F8EE11000E84F8DE
:103B5000EF01EA692146521CEA626878FBF70EFD24
:103B600000206871002268781146FBF7DFFC00B185
:103B70000126304670BD2DE9F04100F580548046A5
:103B800000272079E8B1E66A012360784146324691
:103B9000FBF7F4FC08B1012713E000202071206A34
:103BA000A169301A88420CD2E57808E0A0690123A7
:103BB0004146064460783246FBF7E0FC6D1E022D5C
:103BC000F4D23846BDE8F0812DE9F8434FF47A7617
:103BD0000F46804632B130464243B2FBF6F414B988
:103BE000012400E00024F5F781FEA1B20546D8F8D3
:103BF00000006A46F5F764F927B10E49884200D102
:103C0000002038609DF800000A2805D0F5F76EFE08
:103C1000A84205D9401B05E04FF0FF30BDE8F8830E
:103C2000E94308444FF47A714843B0FBF6F0401C76
:103C3000F4E70000046A0108F8B54FF47A76074605
:103C400031B130464143B1FBF6F414B9012400E030
:103C50000024F5F74BFEA1B2054638686A46F5F731
:103C600057FA9DF800000A2805D0F5F73FFEA84254
:103C700004D3401B04E04FF0FF30F8BDE943084493
:103C80004FF47A714843B0FBF6F0401CF8BD704722
:103C900010B504464FF48070814200DD014689B2C0
:103CA000201DF5F7CBF8206008B1002010BD4FF0C3
:103CB000FF3010BD10B501B904490068F5F770F97F
:103CC000002801D04FF0FF3010BD0000046A010849
:103CD00010B586B0044614216846ECF709FC20684C
:103CE0006946F5F792F9022808D2BDF80400BDF83C
:103CF0000610884202D2012006B010BD0020FBE76A
:103D000038B504460846F5F7DFF9206028B104A16C
:103D10006A46F4F7BDFF002038BD4FF0FF3038BDD4
:103D20004C5749502053656D000000000068F5F7BE
:103D30004FBA00002DE9F0411E4615468846069F01
:103D40000BA1ECF728FC78B9ECF7E0FA04460C4834
:103D50002946FBB2006800EB86024046121FF5F7C9
:103D600095FA2046ECF7D6FA0020BDE8F081000075
:103D700074637069705F746872656164000000004C
:103D80002C02002470B515460E4604460B20FFF7A2
:103D9000E1F800280DD0114B0021C56080E85200E9
:103DA000196829B14A68A24210D9121B4A60016001
:103DB000186070BD54689C4207D9536844681B1B47
:103DC00053600A680260086070BD114642684B6823
:103DD000D31A43600A68002AF3D0EBE7E402002418
:103DE0000D4900224FF47A7010B5FFF7CBFF0B4955
:103DF000002241F28830FFF7C5FF094900224EF644
:103E00006020FFF7BFFFBDE81040064900224FF4D5
:103E1000FA70FFF7B7BF0000351E0108E5DD0008A6
:103E200031F000084DF000082DE9F047164D8846A6
:103E300081464FF0FF37286830B142685AB1414699
:103E40004846FFF7C1FE07E041464846BDE8F04757
:103E50000022FFF7B9BE3846411C296804D04A68E1
:103E600082420DD9101A0CE0086828600B20D1E9B5
:103E70000246FFF72FF8002CDDD03046A047DAE7E6
:103E800000204860BDE8F087E402002430B4104C04
:103E90000B462168002919D000228D68854211D176
:103EA000CD689D420ED1086852B11060086818B103
:103EB00042684B681A44426030BC0B20FFF70AB8D6
:103EC0002060F3E70A4609680029E6D130BC704754
:103ED000E40200242DE9FC470446007E0F460A2830
:103EE0002FD01E482146D4F85090D4F82880266957
:103EF000D4F8885000F006FE1849012018390870DF
:103F0000206F08B101F0EAFAE06E08B101F0E6FABC
:103F10004FB1A18B231D608B2246CDE900014146A4
:103F2000484601F092FA02202146FEF7D3FF002D09
:103F300012D002B03046AC466FF00901BDE8F04740
:103F4000604706482146001D00F0DCFD2146BDE823
:103F5000FC470220FEF7BEBFBDE8FC87BC02002480
:103F60000121FFF7B7BF00002DE9F0410446022010
:103F7000FEF7F0FF374D060036D10023EE681A46F3
:103F8000E86906E0416A711A994201D30B4602467C
:103F9000C0680028F6D112B11046FFF7E1FF0220F9
:103FA000FEF7D8FF06001FD17F26D5F80CC00027EA
:103FB000A8693B460DE0417EA14209D8B14207D82D
:103FC000426AACEB0202BA4202D3174603460E46DF
:103FD000C0680028EFD113B11846FFF7C1FF0220D7
:103FE000FEF7B8FF060032D09421ECF781FA747620
:103FF00041F2D060A6F866000023A6F868304010B1
:10400000B085F085FF207372B0724FF40670F086B1
:104010000620A6F84400A6F84030A6F84200C01FCB
:10402000B0860120A6F84C00103600F0AFFBB0645B
:104030003064B063F064E8687061A8787074064812
:10404000F373F0660548F06786F88230103E30461C
:10405000BDE8F081A40200241753010800DD6D00C3
:10406000017E012903D0817F41F010018177012178
:10407000AFF300802DE9FC47474E0446007E012740
:104080004FF0000991B3042801D0072837D1616FA0
:1040900021B9A18DA1F53062683A30D0A18B231DE2
:1040A000608B2246CDE90001A16A206D01F0CDF9B7
:1040B000204600F009FDB069A04202D1C068B0619D
:1040C00007E0306228B1C068A042FAD1316AE068E6
:1040D000C860C4F80C903770207E042807D00220F6
:1040E0002146FEF7F7FE0020BDE8FC8707E00A2026
:1040F0002076F069E060F46101F070FBF3E70828D6
:104100004FF0050840D2DFE800F0041C252D2D3FBC
:104110003F35608B002578B13069A04202D1C0687C
:10412000306107E0306228B1C068A042FAD1316A3C
:10413000E068C860C4F80C9002202146FEF7CAFE71
:1041400027E0154800252146143000F0DBFC032051
:104150002146F3E7104800252146183000F0D2FC34
:104160003770E9E7204601F0E6F9050009D184F847
:10417000188006E0204601F0DEF9050001D1092093
:10418000207634B115B104E0002502E0204600F0AD
:1041900005FB2846A8E70000A40200242DE9F0470B
:1041A0009A4691460F468046089EF00700D00420AC
:1041B000B10701D50C2100E0002145180420FEF7CD
:1041C000C9FE040012D026730026C4E900673889AE
:1041D0001421401B208138466681FFF724FA48B13C
:1041E000204601F06DF90020BDE8F0873846FFF762
:1041F000E0F9F8E7606840682061B8F81A00FEF757
:1042000013FC21690880B8F81C00FEF70DFC216939
:1042100048805046FEF706FC21694860A808000364
:1042200000F5A04040EA0900FEF7FEFB2169888105
:10423000206946822046D7E710B504460846FDF7B8
:104240001DFE38B1808C28B1283880B2844200D25B
:1042500020460446204610BDF8B500260446B0F8B6
:104260006800771E0D46082804D3A07F40F0800028
:10427000A07720E0A80700D50126F00700D0042091
:10428000B10701D50C2100E000210144B4F866001B
:1042900088B100221046FFF731F80028E5D00096DB
:1042A0002A46E36D01462046FFF778FF0200DCD086
:1042B000E06E10B104E03846F8BDE26604E008465E
:1042C00001680029FBD102600020A4F86A00A80759
:1042D00007D0E06D401CE065B4F86600401EA4F80D
:1042E0006600E80703D0A07F40F02000A077506868
:1042F000FFF7D5F8B4F868100844A4F86800002067
:10430000F8BD00002DE9F041144EB078401CB070AB
:10431000B46900271EE094F82110B078814219D0CA
:1043200084F82100A07FC10709D040F00200A077E7
:10433000204600F033FAA07F20F00300A077E56864
:10434000606F30B12046377000F0AAFD3078002849
:10435000DED12C46002CDED1BDE8F081A402002481
:10436000704700002DE9FC47B94E054640680C46F1
:10437000B060017801F00F0100EB810070608800EF
:1043800041422846FFF74FF9002873D128891428A5
:1043900070D3B04F21463868FDF78AF90028F4D170
:1043A0003878C0F303100E2864D070688089FEF757
:1043B00052FB000B800041422846FFF734F90028E9
:1043C000E3D170680088FEF746FB01467068018003
:1043D0004088FEF740FB0146706841804068FEF768
:1043E00038FB014670684160F1608068FEF731FB80
:1043F000716888603061C889FEF72DFB01467068DE
:10440000C1818089FEF727FB00F03F0C86F800C0D1
:1044100029895FEA8C7000D00120DFF83CA20844B3
:1044200070808E4800237168DAF800403A680068AE
:10443000A1461AE0A78BB1F80080474513D1678BDE
:10444000B1F8028047450ED1676887420BD12768D3
:10445000974208D12BB1E768DF60C4F80C90CAF826
:10446000004024B13FE02346E468002CE2D17C4BBD
:104470001C6813E0E7E0A38B0F88BB420DD1638B70
:104480004F88BB4209D16368834206D123689342B7
:1044900003D1204601F0BCF9D5E0E468002CEAD154
:1044A000DFF8C0A10027DAF8000081460BE0438B5B
:1044B000B1F80280434504D10368934206D080B12D
:1044C0002BB10746C0680028F1D10AE048B12FB1EE
:1044D000C168F960C0F80C90CAF8000000F0E4F878
:1044E000B1E0002C7AD0DFF8808100275FEA0C7001
:1044F000C8F800702A89A8F80820C8F80450C8F83D
:1045000010107761777003D5687B40F00100687305
:10451000606F40B1204600F0C3FC0A3075D0606F78
:1045200008B1708818BB2046B46100F017FB0A3050
:104530006BD07078010706D5D4F888207AB120694D
:104540006FF00A010AE0C00612D5A07FC00606D4AB
:10455000D4F888201AB16FF00B01206990473E48CB
:10456000214600F0CFFA02202146FEF7B3FC4CE0D2
:10457000B4F86420002032B1A36F13B12069214642
:1045800098470A3041D07069F0B1A17FC90605D5BE
:10459000FFF70FF82046FFF7E3FC36E0E56F3DB18B
:1045A000D4F810C00023024621466046A84705E023
:1045B000002302462146184600F0ADFE10F10A0F16
:1045C00023D008B1706960677078800619D5606F74
:1045D00028B1417B41F02001417312E021E0A08D20
:1045E000A0F53061683901D0401CA085E56F2DB180
:1045F000002320691A462146A84700E000200A301F
:1046000003D02046B76100F0C9F8B761444677612E
:10461000D8F80400002802D0FEF7CBFF6760BDE8A1
:10462000FC878889FEF717FA40070CD470680B4B9B
:10463000084A01884088CDE900017188F06801448A
:10464000306900F002FF2846BDE8FC47FEF7B1BF25
:10465000C802002474020024BC020024700200245A
:10466000C0020024B802002410BB06247CB5044616
:10467000006D401EFEF7D6F9002203461146204683
:1046800000F054F905000ED006210020221DCDE9CE
:104690000001A37A21462846FDF794F92846BDE893
:1046A0007C40FEF786BF7CBD7CB5334E0546307836
:1046B00041075FD4C1060DD57068304B304A018880
:1046C0004088CDE900017188F0680144306900F04C
:1046D000BCFE4FE080074DD5687EFFF745FC040027
:1046E00040D0274800682060688B608323480068BA
:1046F000606070680188A18303212176F1680A4611
:10470000491CA1622163521EC189A4F86010C089AE
:10471000A4F86200A4F84E106265286920616869F7
:104720006061287A00F08C00207216480168E16010
:10473000046001F053F8144901200870204600F08D
:1047400083F9E08E211DFFF777FD1221E0862046D8
:10475000FFF782FD050008D000212046FFF7BAFBD5
:1047600028467CBD4FF0FF307CBD2046BDE87C4034
:1047700000F014B800207CBDC802002470020024A0
:1047800074020024BC020024A40200240249D1E9DE
:104790000202104488607047A40200242DE9F0470B
:1047A000044661480068A04202D10020BDE8F087BD
:1047B000B4F86010B4F84C00814200D20846E56EAF
:1047C0008146A07F80070FD54DB128694068FEF76C
:1047D00040F9A16C401A29890144494504D9204671
:1047E000BDE8F04700F083BED4F870804FF0000AB7
:1047F0005FEA080001D182E08046D8F80000002876
:10480000FAD17CE028698089FEF725F9206FA8B1EC
:10481000A17F11F0440F11D1E06E28B102686AB98E
:104820000089E28E904209D2B4F8660030B1B4F843
:104830006800082802D211F0A00F6CD02868E0664A
:10484000207E02280BD01020FEF7EEF801462869E2
:10485000828911438181A07F20F00300A077214647
:10486000284600F099F828694068FEF7F2F80646F5
:1048700028698089FEF7EFF8800700D00120298998
:1048800030440844216D091A00D5206528698089C3
:10489000FEF7E1F8800700D001202989C8422AD01C
:1048A000C5F800A0206F70B128694068FEF7D1F804
:1048B0000646D8F810004068FEF7CBF8301A16D537
:1048C00004F1700602E0256713E03668306850B1E5
:1048D00000694068FEF7BDF8074628694068FEF7A2
:1048E000B8F8381AF1D430682860356006E0C8F8A6
:1048F0000050A84602E0284600F0E2FDE56E55B102
:1049000028694068FEF7A5F8A16C401A298901447E
:1049100049457FF677AFE06E08B9A4F86AA0A07F9A
:1049200020F08000A07740E7E00200242DE9F0416C
:1049300005460F4688189846143081B2002201209F
:10494000FEF7DCFC060023D0688B7468FEF76CF879
:104950002080A88BFEF768F86080C4F80480A86AFD
:10496000FEF760F8A060B808000300F5A04080B230
:1049700040F01000FEF758F8A081E88DFEF754F8DB
:10498000E081002020826082E98DA86A08442863C3
:104990003046BDE8F08100007CB50C460546886ACB
:1049A000FEF740F829698860E08DFEF73DF8296937
:1049B000C881E18DA06A08442063287B2E691436E3
:1049C000C00709D0211D40F2B450FFF735FC40F07C
:1049D0000170FEF727F830600026B4F93400401C5F
:1049E00000D1A6860CB1206830B9201DFDF746FA2B
:1049F000002825D040682060A06B38B911480068B5
:104A0000A06328694068FEF724F8E0636968288A93
:104A10008A88801A4A89121A4A8169680A89101A92
:104A200008816968221D2869486006212869068274
:104A3000607ACDE90001A37A21466868FCF7C2FFDD
:104A40007CBD0000B002002470B51E4E05467068A3
:104A500000F114048089FDF7FEFF0521B1EB103F42
:104A60001ED270688089FDF7F6FF6FF0040140F2F6
:104A7000B45601EB1030090C01EA800300210DE06F
:104A8000605C00280CD001280BD0022804EB010048
:104A900009D04078002803D0084481B29942EFD36E
:104AA00070BD491C0CE04278042AF9D1091D9942D5
:104AB000F6D8408842BAB24200D802B93246EA86F5
:104AC00089B2EBE7C802002470B50446007E0028D6
:104AD00016D00A2814D0012812D0606F002510B11A
:104AE000FEF767FD65674FF0FF30A086E06E00F0CF
:104AF000F5FC206F00F0F2FCE5662567A4F86A502B
:104B000070BD000070B50C4601460068A04202D19D
:104B1000C06808600BE0104906E0C068A04203D1FD
:104B2000096AE068C86002E000280862F5D1002543
:104B30002046E560FFF7C8FF207E0A280AD001283A
:104B400008D0A07FC10705D040F00200A077204622
:104B5000FFF724FE257670BDA40200242DE9FC5F3A
:104B6000C74E044600200090307841071CD5207EB7
:104B7000022814D0A06AF1680A1A14D4A28D104435
:104B8000081A00280FDC707840F008007070A07FD1
:104B900020F00100A0776FF00A00BDE8FC9F206DB7
:104BA00031698842EFD069E1800709D5207E02286B
:104BB00006D0032804D0A07F40F00200A0775DE17A
:104BC000A07FC00602D4AF4800686062002084F86D
:104BD00092002046FFF738FF207E4FF00109DFF8F2
:104BE000A8A24FF00A0BDFF8A482801EA84F082865
:104BF000A84DD8D2DFE800F0046EC0C4FBC0F0EFCF
:104C00003078C106CFD5800758D5206F006940683D
:104C1000FDF71FFF3169401C88424CD1B4F8660093
:104C2000401CA4F86600F0680246401CA062A16423
:104C3000521E20637068C189A4F86010211DC089CC
:104C4000A4F86200042062652076E08EFFF7F4FA93
:104C500000EB80014FF6FF72E08602EA4101A4F802
:104C60004E10B4F84C10012900D14000A4F84C00BB
:104C7000B4F86800401EA4F86800206F016821673E
:104C80004C3400F01DFC606A4C3C70B10020A086E2
:104C900084F84600D4F880305BB1002220692146B8
:104CA000984700900A3032D085E74FF0FF30A08659
:104CB000F0E70098F6E73078C006A3D57068764B29
:104CC000764A01884088CDE900017188F068014486
:104CD000306943E03078C10643D5A16C3069411A90
:104CE000012931D4216D411A00292DDC04202076C0
:104CF00063692BB1002220692146984710B909E069
:104D00006FF00D000A3002D02046FFF729F96FF04E
:104D1000090042E7B4F84C50204600F0F3F8B4F82C
:104D2000640010B1401EA4F86400E08E012D00D193
:104D30004000A4F84C007078800611D5A07F40F0A8
:104D40000200A077072050E07168534B0A88498819
:104D5000CDE900127288F1681144504A00F075FBE9
:104D60008CE0800707D5A06AF168401E884202D116
:104D7000204600F0FEFA81E0204600F0C3F8DAE7B2
:104D8000204600F0BFF87078800630784FEAC060A7
:104D900024D5002819DA206D3169884215D1A07F09
:104DA00040F00200A0772046FFF78EFE3868A04250
:104DB00002D1C068386047E0286070B3C068A04284
:104DC000FAD12968E068C8603EE0A07F40F00200A8
:104DD000A077082009E043E020E008E000284DDA51
:104DE000206D3169884249D10620207646E0204670
:104DF00000F088F87078800640D5A07F40F002006F
:104E0000A0772046FFF760FE3868A042D1D0286026
:104E100018B1C068A042FAD1D3E715E0204600F0EF
:104E200071F83078C00629D5206D3169884225D1C6
:104E30002046FFF749FE3868A042BAD0286018B172
:104E4000C068A042FAD1BCE78AF8009084F818B094
:104E5000D8F80010E160C8F8004000F0BFFC0DE099
:104E6000204600F04FF83078C00607D5206D316934
:104E7000884203D1707840F01000707000208CE6FA
:104E8000C8020024B0020024A4020024C0020024AE
:104E9000BC020024C4020024700200247402002416
:104EA0002DE9F041456F044600206E7B6067E76F97
:104EB0002FB1002320692A462146B84705E0002388
:104EC0002A462146184600F026FA6FF0090728B155
:104ED0000A3015D065670020BDE8F081B106FAD52B
:104EE000A18DA1F53062683A01D0491CA185E56F1A
:104EF00025B1002320691A462146A8470A30EAD185
:104F00003846E9E72DE9F041FE4F04464FF0000630
:104F10003878C0067DD5B4F86050A16D626DF86830
:104F20006B18B2EB000C0BD4824202D13A698A1A98
:104F300006D43A69914217D17968C989A94213D92F
:104F40007968CA89A4F86020B4F86250C9898D4292
:104F500001D2A4F8621060653869A06594F89100E8
:104F600062B108B184F89160A26C3869811A002995
:104F700036DCA4F86460798841B12EE00028F3D1D2
:104F800084F89060012084F89100EDE7B4F8605057
:104F9000A16D2944994220D1B4F9341000291CDBB9
:104FA00082421AD194F84700411CC9B2814201D90A
:104FB00084F8471094F84700032809D9B4F84C0046
:104FC000E18E014489B2814201D9A4F84C10A8E0D5
:104FD00002D1204600F0F6F9A3E084F84760A0E093
:104FE00001297AD4226D821A002A76DCA27F530727
:104FF00006D522F00402A277B4F84E20A4F84C2083
:1050000084F84660B4F94030B4F8422002EBE30281
:1050100000E0C2E0A4F84420A4F86410B4F86620CC
:105020001144A4F8661084F84760A064207E042828
:1050300033D3B4F84C00B4F84E108842E18E04D259
:10504000014489B2814207D827E0494391FBF0F13E
:10505000014489B2884220D2A4F84C101DE028688F
:1050600020676868FEF71BFAB4F8640050B128693D
:105070008089FDF7F0FCC00704D0B4F86400401E3E
:10508000A4F864006868FEF70AFAB4F86810081A11
:10509000A4F86800284600F013FA206FC8B1006930
:1050A0004068FDF7D6FC0546206F00698089FDF752
:1050B000D2FC800700D001202844256F29890844AC
:1050C0003969401A0028CADD1DB1A686E67728E0B6
:1050D00003E04FF0FF30A086F8E7A4F8646020E01A
:1050E0002868E06608B9A4F86A606868FEF7D7F92E
:1050F000B4F8640050B128698089FDF7ACFCC007A2
:1051000004D0B4F86400401EA4F864006868FEF798
:10511000C6F9B4F86810081AA4F86800284600F028
:10512000CFF9E06EB8B100694068FDF792FC054622
:10513000E06E00698089FDF78EFC800700D00120B9
:105140002844E56E298901443869411A03D4216D48
:10515000401A0028C4DDA06BF8B1E16B3A69891AE6
:105160001BD569490988081AB4F94010A0EBE10081
:1051700000B201440AB2A4F84020002801DA4042FB
:1051800000B2B4F94210A0EBA1000844A4F8420018
:1051900000EBE200A4F84400A6637B88002B7DD0DE
:1051A000207E07287AD2A06AFA68584D811A012910
:1051B00024D41344C31A5B1C002B1FDC686842898B
:1051C0008A420ADA0289521A93B203E00381891AE9
:1051D0004681006842898A42F8DB494209B2FEF7FB
:1051E00022FABA89A06A2989821A891A2981F86063
:1051F00029694860A16A401A07D572E0101A04D5DF
:10520000A07F40F00200A0776BE0A18DA06A421859
:10521000F9688A1A521C002A63DC884261D1286925
:105220008089FDF718FC800700D0012029890844F7
:1052300080B27880A18D81422DD228698089FDF7C6
:105240000AFCC0070ED028698089FDF704FC00F035
:105250003E00FDF7E9FB01462869828922F47C5271
:1052600011438181A08D288128698089FDF7F3FB96
:10527000800702D52889401E288129896868FEF7A1
:1052800002FA28698089FDF7E6FB800700D001203B
:1052900029890844788080B2F96800E026E001445A
:1052A000A162A18D081AA085204600F0F7FA68686F
:1052B000018909B178616E6028698089FDF7CBFBAF
:1052C000C00703D0787840F020007870A07FC10735
:1052D00002D020F0010014E040F00100A077BDE80A
:1052E000F0812046BDE8F04100F001B9A06AF968FC
:1052F0000A1A05D4A28D1044081A401C0028EEDDBD
:10530000A07F05E0C8020024B002002410BB0624E0
:1053100040F00200E2E710B51400084606D02189EB
:1053200000F00BF82046FEF744F900E00BB1002036
:1053300010BDBDE81040FEF793BE10B50446808D49
:10534000084440F6683180B2A085884200D9A18522
:10535000204600F0A3FA40F2DA21884208DBA07F61
:1053600040F00200A0772046BDE81040FFF716BAD3
:1053700010BD2DE9F041066F0546002E20D03068A3
:1053800005F16C04286700E02468206850B10069CA
:105390004068FDF75EFB074630694068FDF759FB42
:1053A000381AF1D42068306000202660316809B9CD
:1053B000A5F86A0095F84610491C85F84610A863C0
:1053C000BDE8F08110B50446006F002825D0A07F0D
:1053D000400722D42046FFF7CCFFB4F84C00B4F8C5
:1053E0006010884201D9480800E04008A4F84E0047
:1053F00081B2E08EB1EB400F05D24FF6FF7101EAAA
:105400004001A4F84E1089B200EB40000844A4F813
:105410004C00A07F40F00400A07710BD016F002970
:1054200012D000E011460A68002AFBD1C26E0A6061
:10543000016FC1660021016790F84620521C80F878
:1054400046208163FFF7AAB970472DE9FC5F1E462D
:10545000174600228846142183460120DDE90C9A74
:10546000FDF74CFF050029D06C684846FDF7DCFAD3
:1054700020805046FDF7D8FA60805846FDF7D2FAF2
:1054800060604046FDF7CEFAA06045F21400FDF7DB
:10549000CBFAA081062146F60B00E0810020208295
:1054A0006082FF23CDE90001324639462846FCF7E9
:1054B00089FA2846BDE8FC5FFEF77BB8BDE8FC9F93
:1054C00010B5040009D0606808B1FEF772F82146F3
:1054D000BDE810400420FDF7FDBC10BD10B503E091
:1054E0000468FFF7EDFF20460028F9D110BD7CB518
:1054F00000250446006DFDF795FA00220346294673
:105500002046FFF713FA050012D0A07F0621221DC6
:1055100020F00300A077607ACDE90001A37A21464C
:105520002846FCF74FFA2846FEF743F800207CBDDA
:105530006FF001007CBD70B5C46E05460CB909E082
:105540000C4621680029FBD120698089FDF783FA88
:10555000400705D02846BDE870400121FEF77CBE1B
:105560000120FDF761FA014620698289114381819A
:10557000A87F40F02000A877002070BD2DE9FC47EF
:10558000924F4FF4FA7A4FF00009F868401CF86027
:10559000B878401CB870BC690026F8E094F8211077
:1055A000B878814201D1E468F1E084F82100002557
:1055B000227EA846022A03D194F8460006281BD072
:1055C00094F846100C2919D094F89100C0B194F8C1
:1055D00090107F4A491CC9B284F89010825C9142B5
:1055E00044D3072884F8909002D2401C84F891009C
:1055F000204600F06DF939E0012543E0012535E052
:10560000B4F93400002801DB401CA086206F68B389
:10561000B4F93400B4F94430984227DB022A0AD0A6
:10562000B4F94020B4F8420000EBE200694A515C52
:105630008840A4F84400A4F83490B4F84C00B4F8BE
:105640006010884200D308464108A4F84E10E08E4E
:10565000B1EB400F05D24FF6FF7101EA4001A4F80B
:105660004E10A4F84C002046FFF7D8FE207E0628F6
:1056700008D1A07FC00605D5606AF968081A2828F5
:1056800000D96D1C207A000729D5207E042801D07E
:10569000072824D15048D4F88C10D7F80CC00844FF
:1056A000B0FBFAF2606AACEB0000824203D26D1CE0
:1056B0004FF0010813E094F8922042F29F4C12FB45
:1056C0000CF201EBC201B1FBFAF1814207D2204694
:1056D000FEF7CCFF94F89200401C84F89200207EE4
:1056E000032802D0092807D00BE0606AF968081A7D
:1056F000282806D96D1C04E0606AF968081AF028A9
:10570000F8D84DB32046FFF7DFF9E0680EB1F0603E
:1057100000E0B861B8F1000F09D0A18B231D608BA8
:105720002246CDE90001A16A206DFFF78EFED4F874
:1057300010800220D4F888502146E468FDF7CAFBA7
:1057400087F800901DB36FF009014046A8473878EC
:1057500000287FF420AF1AE02646E468F07F401C62
:10576000C0B2F07796F82010884210D386F81F90C8
:1057700087F80090D6F8842032B1306931469047DE
:1057800039780029E5D110B93046FFF707F8002C29
:105790007FF404AFFC69002514E0606AF968081A18
:1057A000F0280DD92046FFF78FF9E0680DB1E860C9
:1057B00000E0F86102202146E468FDF78BFB01E080
:1057C0002546E468002CE8D1BDE8FC87A40200244B
:1057D000AF690108E4690108B84C0A00084841684B
:1057E00000290CD10749084A09681268114306D0FC
:1057F0000121416000220549FA20FEF7C3BA704733
:10580000E4020024BC020024C0020024FD59010867
:105810001CB5164C21784A0726D48A0715D5826A0A
:10582000E1688B1A16D4838D1A448A1A002A11DC77
:1058300060680F4B02884088CDE9000260880D4AFD
:1058400001442069FFF701FE0EE0C90702D00A49B2
:1058500009684162618839B1817F41F00201817735
:10586000BDE81C40FEF79ABF00201CBDC802002402
:105870007002002474020024B002002410B5FEF768
:1058800041FD05494878401C4870C00703D0BDE879
:105890001040FFF773BE10BDA402002470B5858DC3
:1058A00040F2B456826AC48E016B5319B44200D9D7
:1058B00034460C441C1B02D4C585581A70BD531ABB
:1058C000002B01DD002100E0891AC185002070BD98
:1058D0002DE9FC41046F054614B9EC6E002C3ED056
:1058E00020698089FDF7B7F8C00701D02089C8B1C9
:1058F00000205FEA000817D00022206900214368D9
:105900002846FFF713F8070029D07E68B8F1000F8A
:105910000CD01120FDF788F8B18921F47C5108439F
:10592000B0810DE00120E4E70122E6E7606806F1BE
:10593000140123890289D21A93B20122FDF705FED0
:10594000062100202A1DCDE90001AB7A2946384600
:10595000FCF738F83846BDE8FC41FDF72ABEBDE843
:10596000FC81000038B50D460446FDF75FF8094894
:105970004FF48071C0E900450748FEF789F905201A
:105980000649002200904FF47A7305A0FEF7D2F981
:1059900038BD0000F402002424BB0624355A010857
:1059A00074637069705F7468726561640000000000
:1059B0002DE9F0410E4607460F48FEF789F9B8B1C8
:1059C0000A20FDF7C7FA04004FF0FF350DD0012083
:1059D000207009482146C4E90276FEF76BF90028D9
:1059E00004D00A202146FDF775FA2846BDE8F0816B
:1059F0006FF00500FAE7000024BB062410B5FFF79E
:105A00003DFF0848084900680968084306D000229D
:105A10000649BDE81040FA20FEF7B4B90449002059
:105A2000486010BDBC020024C0020024FD590108DA
:105A3000E40200241E4808B5016809B1406834E05A
:105A40001C486946FEF7F0F9009B18780628F7D243
:105A5000DFE800F00307161C21299968081D096872
:105A600023E0D96891F82D0010F0600F986802D0FB
:105A7000FAF7A8FC01E0FBF7E9FE00990A200FE025
:105A8000083393E80700FEF77DF907E0D3E9030147
:105A9000FEF7FCF902E0D3E90210884700990920DB
:105AA000FDF718FACCE7D3E902108847C8E70000F1
:105AB000F402002424BB062400207047174970B567
:105AC0000024154A0A600C25C1E90104CC6008468F
:105AD0000C61C1E90554F1F765FB104810498030AD
:105AE0000160104941604FF48051C0E90214C0E9DF
:105AF00004458461F1F756FB28B9084801220A4998
:105B00008030F1F7F1FB08490122BDE870400348FD
:105B1000491FF1F7E9BB000000100140B4CC01249B
:105B2000004C004090D003008C0100242DE9F04788
:105B3000234E00256FF0070973680FE0984201D1EA
:105B400001250AE05C8A944207D183B31F6877B3CA
:105B500069B30C685CB3A7422AD0DB68002BEDD197
:105B600001B109680160FAB9776800244FF4404830
:105B70004FF6FF7C4FF4804A3288511C31806245D9
:105B800001D1A6F800803946328809E04B8A934259
:105B900005D1641CA4B25445EED3002203E0C968C9
:105BA0000029F3D192B212B1428225B106E0FFE79B
:105BB0004846BDE8F0877168C16070600020F8E772
:105BC000EC02002470B51646428A0D46044622B9FE
:105BD0000146FFF7ABFF002810D155B1286860607F
:105BE0000A4AA682207C40F00400207450680146D6
:105BF00006E00020F3E7844201D1002070BDC068B8
:105C00000028F8D1E1605460F7E70000EC020024BE
:105C100070B5002400F044FD050005D0084941F6A8
:105C20009972FFF783FF20B10124F8F7E9F82046C5
:105C300070BD04490022284600F03FFDF5E7000052
:105C400070690108495C01082DE9FF4F89B0994648
:105C500000260D46FF240B98002877D0DFF870A4AB
:105C6000074641F2042BABEB0600D8467A89824204
:105C700000D90246DAF8000079683044FDF75CFA92
:105C800078890644464502D83F68002FEBD1DAF800
:105C9000000031465746ECF711F840F6A81341F2E0
:105CA000040208B1FE2414E05E4502D13868C478CD
:105CB0000FE09E4201D102240BE0062E19D0102ED7
:105CC00019D0B6F5017F18D0042E18D0964200D115
:105CD0000724052C7CD014DCDFF8F883052C44F66F
:105CE000246E4FF0000A14D2DFE804F01773D2FDDF
:105CF000FC000324EDE70424EBE70524E9E7062490
:105D0000E7E7062C7DD0072C7CD0FD2C7BD0FE2C29
:105D10005DD0169AF0A03146F6E25E4557D139685B
:105D2000FB4E8B78B068834224D0002006F1240219
:105D3000844612F80080984506D0401CC0B2052861
:105D4000F7D3BCF1000F02D0F2A0B4E051E3306908
:105D500018B1F64803685B1C03608878B06033783C
:105D6000D0545B1CD8B23070052801D386F800A04F
:105D7000C6F810A0B8460A784878ED4F521E9042F7
:105D800007DA3A6800EBC00002EB40204FF4905273
:105D900009E0424200EBC00002EBC2030EEB4322DB
:105DA0003B6803EB4020091DFDF7C6F93069401C34
:105DB0003061D8F800100978814208DC3968FA208F
:105DC0008870DC480168491C0160C6F810A0E7E251
:105DD00086E25E45FBD13968CD4E8B78F068834210
:105DE00028D0002006F12902844612F80080984548
:105DF00006D0401CC0B20528F7D3BCF1000F05D077
:105E000002E073E283E2A4E2CBA054E0706918B12F
:105E1000CF4803685B1C03608878F0603378D05407
:105E20007078401CC0B27070052801D386F801A0BC
:105E3000C6F814A0B8460A784878C64F521E904259
:105E400007DA3A6800EBC00002EB40204FF49052B2
:105E500009E0424200EBC00002EBC2030EEB43221A
:105E60003B6803EB4020091DFDF766F97069401C93
:105E70007061D8F8001009788142A8DC3968FA20EE
:105E80008870B5480168491C0160C6F814A087E213
:105E90009B465E4571D13E6886F815A0317802298F
:105EA00001D9AEA03AE2B749042206F10800EAF7A8
:105EB0008AFB18B1B4A0F6F71FFF71E27068B060FA
:105EC0000120F0723079FF2808D17079FF2805D1C0
:105ED000B079FF2802D1F079FF2808D03078012866
:105EE00015D001E0D0E14CE0022816D01FE0ADA0B3
:105EF000F6F702FF98F8011041F0010188F801104F
:105F000098F8A91941F0010188F8A9190FE0714822
:105F10005A463968EAF7C4FA09E0AD485A46396882
:105F2000EAF7BEFA6B49D1F8AC19C8F80410F5F7D6
:105F30006BFE32780146A7A0F6F7DEFEB348D8F82C
:105F40000410C0F80A1007ABD0F80B20817A41EAA0
:105F500002210591D0F80F20817B41EA02210691B0
:105F6000817C06AAD0F8130041EA00200790A848D7
:105F700005A9FDF718F913E2FFE7169AA5A0314627
:105F8000E0E1D9F80000A14E68601698A882D6F822
:105F90000B10B07A40EA01210591D9F80000F1F721
:105FA00083FDB0BB777B7773D9F80000C0F307435C
:105FB0003373B9F80000C0F30722F27299F80010A9
:105FC00001A8B17288F8041088F8052088F8063016
:105FD00088F8077098F801C00CF0FE0C88F801C032
:105FE00088F8AC1988F8AD2988F8AE3988F8AF7907
:105FF00098F8A9C90CF0FE0C88F8A9C980E88E00B1
:106000000598010E0091C0F30743C0F30722C1B207
:1060100000E021E08BA0F6F76FFEF5F7F5FD08B183
:10602000F6F71EF9D6F80B0007ABB17A06AA41EADB
:1060300000200590D6F80F00B17B41EA00200690C1
:10604000D6F81310B07C40EA01200790704805A9EB
:10605000FDF7A9F8F5F7D8FD032210210020FDF780
:106060004DF9484F4FF00108102206463F1F3946B0
:1060700087F803804068EAF713FA169B4A463146D0
:10608000284600F033FB82463046FDF792FABAF11B
:10609000000F02D11E4981F802807A480078012859
:1060A00015D1032210210020FDF728F906463549B5
:1060B0000220F87010227068091FEAF7F1F9169BA8
:1060C0004A463146284600F011FB304666E106E1BB
:1060D00074000024246D002455445020554E4B4E2E
:1060E0004F574E20504F5254207265636569766554
:1060F000642025642062797465732C20706F72743B
:106100003D25642C207373203D2025642E0D0A004C
:10611000340200244368616E6E656C203120676F25
:1061200074206F6C6420646174612E00000100248F
:1061300064000024F80000244368616E6E656C20E2
:106140003220676F74206F6C6420646174612E006C
:10615000040100246C000024FC0000244572726FCE
:10616000722073657474696E6720706163616B6718
:10617000652C206368616E6E656C203D2025642E61
:106180000D0A0000C4EE00244E6F74206D79207358
:10619000657474696E67207061636B6167652E0D4D
:1061A0000A00000049502053657420746F20444851
:1061B00043502A2A2A2A2A2A2A2A2A2A2A2A2A2A00
:1061C0002A2A2A2A2A2A2A2A2A2A2A0D0A000000EA
:1061D000CC7600245544505F53455454494E475F94
:1061E000504F52542053617665496C646153657415
:1061F00074696E677328293D25642C206368616E7D
:106200006E656C203D2025642E0D0A00A016052425
:10621000B81605245544505F53455454494E475FC2
:10622000504F525420726563656976656420256419
:106230002062797465732C20706F72743D25642E12
:106240000D0A0000486561727462656174207265B0
:106250006365697665642C206368616E6765206993
:10626000702066726F6D2025642E25642E25642EA5
:10627000256420746F2025642E25642E25642E2528
:10628000640D0A002C00002438685C4903790A79FF
:10629000934224D142794B799A42FAD182798B790F
:1062A0009A427DD1C079C979884279D15448417BDD
:1062B0000091037BC27A817A52A0F6F71DFD98F80F
:1062C000011041F0010188F8011098F8A91941F076
:1062D000010188F8A919F5F797FCF5F7C1FF5FE010
:1062E0003868F5F7CBFA01464EA017E03E68B27861
:1062F00071783078EDF768F910B94048B1780172DB
:1063000050A0B37872783178F6F7F6FC48E0964200
:106310001BD13E683178022903D954A0F6F7ECFC72
:106320003EE0012902D0022903D006E05848314658
:1063300001E058483146EAF7B3F8F5F76DFA3278DC
:10634000014655A0F6F7D8FC2AE0169A5DA0314622
:10635000F8E73E6867A0B84606F10C01B388B2685A
:10636000361DF6F7C9FC3046F6F78AFCC0B10322A9
:106370000C210020FCF7C2FF41680746D8F8000056
:106380004A460068086078683168416071688160D9
:106390003946169B284600F0A9F93846FDF709F959
:1063A000F1F7B6F858B9164948460A31EBF7F0FA52
:1063B0004FF0FF30059005A94846EBF7E9FAC82CE5
:1063C00001D2F4F74BFAD9F8000068601699A98257
:1063D0000B498871A888000AC8716868000C0872A7
:1063E0006868000E48720B98FDF7E3F80DB0BDE841
:1063F000F08F084600F094F8F8E70000C0EE0024A3
:10640000A0160524495020636F6E666C6963742C76
:10641000206970203D2025642E25642E25642E25BC
:10642000640D0A00416374697661746520444143D8
:106430002C2072656173756C74203D2025640D0AF3
:1064400000000000536574204750494F20706F7260
:10645000742025632C2070696E20256420746F20C1
:106460006C6576656C2025640D0A00004572726FBC
:10647000722042414D20706163616B67652C20631F
:1064800068616E6E656C203D2025642E0D0A00004B
:1064900074800024789000245570646174652042F3
:1064A000414D205361766542616D28293D25642C5C
:1064B000206368616E6E656C203D2025642E0D0A98
:1064C000000000004572726F722042414D207061E1
:1064D000636B616765207265636569766564202515
:1064E000642062797465732C20706F72743D25642A
:1064F0002E0D0A0054727920746F207772697465CA
:106500002066696C652025732C206F666673657440
:106510003D25642C2073697A653D25640D0A0000D1
:10652000002141608182017C21F0040101747047E7
:10653000704700002DE9F84FD0F804B08246028978
:106540000F4608219BF8000000F00F0001EB8001CE
:106550008A427DD3800041425046FDF764F800280E
:1065600076D1DFF830913946DAF80440D9F80000E6
:10657000FBF79EF805462088FCF76DFA0646608812
:10658000FCF769FADFF810E100244428034605D03F
:106590004249002210464C68009444E0432E46D104
:1065A000386AE8B34068D8B3011D05D0416819B115
:1065B000DEF8002091423AD104463DE0618A9942DA
:1065C0002FD115B99CB1216889B1D4F80080D9F8D0
:1065D00000C0E0450BD025B34CB1B8F1000F06D098
:1065E000B96808EA01080CEA010CE04519D118B9AC
:1065F000217C490700D42046A18AB14211D1211D36
:1066000005D0616819B1DEF800C0614509D12AB131
:10661000E168D1602149009AE2604C602CB10BE046
:1066200005E02246E468002CC8D1040004D1796852
:10663000D9F80000814227D16FF007015046FCF7DE
:10664000F2FF28B95CB1A56915B1134B009600E0C3
:106650001AE0E06952462146A847BDE8F88F9DB987
:1066600099F80000C0F303100E280DD09BF800002D
:1066700000F00F01082000EB81015046FCF7D3FF2A
:1066800003215046FAF70AFF5046BDE8F84FFCF7E1
:1066900090BF00007402002470020024EC02002469
:1066A000012010B5FCF756FC040004D02021E9F7C6
:1066B0001FFFFF20A072204610BDC0E906127047E0
:1066C00009494A68824209D1D2684A6008E0D16823
:1066D00019B1814201D1C168D1600A46002AF6D1C0
:1066E00001460120FCF7F6BBEC020024F8B51D467C
:1066F0000E46074614461046FBF7C0FB38B12B4642
:10670000224631460090384600F004F8F8BD6FF09C
:106710000300F8BD2DE9FE4F9246428A98460F4687
:10672000DDF83090054622B90146FFF7FFF9002851
:1067300014D108213846FCF776FF88B100220821E1
:106740000120FCF7DBFD040006D0388948B139464A
:106750002046FCF79BFE04E04FF0FF30BDE8FE8FC3
:106760003C46688A6668FCF75FF930804046FCF773
:106770005BF970800020F0806DB1286858B1D9F8BD
:10678000041088420AD0BC4202D02046FCF711FF18
:106790006FF00500E2E709F1040800E0A84620894F
:1067A000FCF742F9B0801122697A20468DE8060292
:1067B000AB7A52464146FBF71FF9BC42054602D070
:1067C0002046FCF7F6FE2846C8E710B580B100F574
:1067D0008050016861B101F580510A7842B1CA88E0
:1067E0008088824204D14878F8F7BCFEC00700D008
:1067F000092010BD0000000001020304010203048F
:1068000006070809010002000400060008000A004B
:106810000C0010002000400080000001000C00006F
:1068200000800C00000F0000C00300008007000083
:10683000C0030000400000004000000040000000D5
:106840004000000040000000400000000000030085
:106850000000200300C0030000F0000000E0010081
:1068600000F0000000000100020001000300010030
:106870000200010004000100020001000300010009
:1068800002000100050001000200010003000100F8
:1068900002000100040001000200010003000100E9
:1068A00002000100060001000200010003000100D7
:1068B00002000100040001000200010003000100C9
:1068C00002000100050001000200010003000100B8
:1068D00002000100040001000200010003000100A9
:1068E0000200010007000100020001000300010096
:1068F0000200010004000100020001000300010089
:106900000200010005000100020001000300010077
:106910000200010004000100020001000300010068
:106920000200010006000100020001000300010056
:106930000200010004000100020001000300010048
:106940000200010005000100020001000300010037
:106950000200010004000100020001000300010028
:1069600002000100FFFFFFFFFFFF0000000000002A
:1069700000000000FFFFFFFF1C00200094001C002F
:10698000140020001800100030081400140010003B
:1069900010001006040006000A0006000F000500A3
:1069A0000F00020004000800080008001400300076
:1069B00003060C1830607800647101088C710108BE
:1069C000AC7101086C71010858710108407101082F
:1069D0004C710108A07101087871010880710108EB
:1069E000947101080102030405060707070707075A
:1069F00007000000B8020024B4020024BC020024F6
:106A0000C0020024FFFFFFFF01030507090E10125B
:106A10001416181C1E000004000200018000400033
:106A20002000100008000400020000000080004068
:106A300000200010000800400020001000080004A2
:106A40000002610062006300640065006600670088
:106A5000680069006A006B006C006D006E006F00DA
:106A6000700071007200730074007500760077008A
:106A7000780079007A00A100A200A300A500AC0074
:106A8000AF00E000E100E200E300E400E500E60022
:106A9000E700E800E900EA00EB00EC00ED00EE00A2
:106AA000EF00F000F100F200F300F400F500F60052
:106AB000F800F900FA00FB00FC00FD00FE00FF00FA
:106AC000010103010501070109010B010D010F017E
:106AD000110113011501170119011B011D011F01EE
:106AE000210123012501270129012B012D012F015E
:106AF00031013301350137013A013C013E014001CA
:106B000042014401460148014B014D014F01510131
:106B100053015501570159015B015D015F0161019D
:106B200063016501670169016B016D016F0171010D
:106B30007301750177017A017C017E019201B10335
:106B4000B203B303B403B503B603B703B803B90381
:106B5000BA03BB03BC03BD03BE03BF03C003C10331
:106B6000C303C403C503C603C703C803C903CA03D9
:106B70003004310432043304340435043604370459
:106B8000380439043A043B043C043D043E043F0409
:106B900040044104420443044404450446044704B9
:106BA000480449044A044B044C044D044E044F0469
:106BB0005104520453045404550456045704580411
:106BC00059045A045B045C045E045F047021712163
:106BD0007221732174217521762177217821792101
:106BE0007A217B217C217D217E217F2141FF42FF73
:106BF00043FF44FF45FF46FF47FF48FF49FF4AFF69
:106C00004BFF4CFF4DFF4EFF4FFF50FF51FF52FF18
:106C100053FF54FF55FF56FF57FF58FF59FF5AFFC8
:106C20000000410042004300440045004600470088
:106C3000480049004A004B004C004D004E004F00F8
:106C400050005100520053005400550056005700A8
:106C5000580059005A002100E0FFE1FFE5FFE2FF84
:106C6000E3FFC000C100C200C300C400C500C600ED
:106C7000C700C800C900CA00CB00CC00CD00CE00C0
:106C8000CF00D000D100D200D300D400D500D60070
:106C9000D800D900DA00DB00DC00DD00DE0078017E
:106CA000000102010401060108010A010C010E01A4
:106CB000100112011401160118011A011C011E0114
:106CC000200122012401260128012A012C012E0184
:106CD000300132013401360139013B013D013F01F0
:106CE00041014301450147014A014C014E01500158
:106CF00052015401560158015A015C015E016001C4
:106D000062016401660168016A016C016E01700133
:106D100072017401760179017B017D01910191037A
:106D2000920393039403950396039703980399039F
:106D30009A039B039C039D039E039F03A003A1034F
:106D4000A303A403A503A603A703A803A903AA03F7
:106D50001004110412041304140415041604170477
:106D6000180419041A041B041C041D041E041F0427
:106D700020042104220423042404250426042704D7
:106D8000280429042A042B042C042D042E042F0487
:106D900001040204030404040504060407040804AF
:106DA00009040A040B040C040E040F046021612181
:106DB000622163216421652166216721682169219F
:106DC0006A216B216C216D216E216F2121FF22FF31
:106DD00023FF24FF25FF26FF27FF28FF29FF2AFF87
:106DE0002BFF2CFF2DFF2EFF2FFF30FF31FF32FF37
:106DF00033FF34FF35FF36FF37FF38FF39FF3AFFE7
:106E00000000000045B40008D9B40008B5B400087B
:106E1000DDB4000865B400080040404040404040F8
:106E2000404041414141414040404040404040405D
:106E30004040404040404040400502020202020201
:106E40000202020202020202022020202020202050
:106E50002020200202020202020290909090909064
:106E60001010101010101010101010101010101022
:106E70001010101002020202020288888888888896
:106E80000808080808080808080808080808080882
:106E9000080808080202020240000000196E0108FA
:106EA0004C5555555555A53F7751C1166CC156BF28
:106EB0009015CB19A001FA3EAD529C804F7E92BE38
:106EC000C4B1B4BD9EEE213ED43888BEE9FAA8BD57
:106ED00000004054FB21F93F3163621A61B4D03D98
:106EE0000000601A61B4D03D7370032E8A19A33B71
:106EF0000000002E8A19A33BC14920259A837B39C3
:106F000000000000000000006E83F9A22915444E25
:106F1000D15727FCC0DD34F5999562DB4190433CA5
:106F2000AB6351FE61C5BBDE3A6E24B7E0D24D4281
:106F3000EA2E49061C92D1091CEB1DFE3EA729B181
:106F4000F53582E88444BB2E26709CE9417E5FB40F
:106F500039D69139F43953838B5F849C3B28F9BD32
:106F6000FF97F81F0F9805DE8B112FEF1F6D0A5A40
:106F7000CF7E366DB709CB27663F464F2DEA5F9E21
:106F8000C7BA27757BF1E5EBF739073DEA92528ADC
:106F9000B15FFB6B085D8D1FA6F810111111813FC9
:106FA000D561C119A0012ABF7DFEB157E31DC73EBF
:106FB000EB9C2B8AE6E55ABE7CD5CF5A3AD9E53D03
:106FC00049502066696C74657220737461747573BE
:106FD000203D2025642C20536B6970656420256456
:106FE000207063616B6765732E2043683120676F83
:106FF00074202564206C6F73742025642C204368F2
:107000003220676F74202564206C6F7374202564B0
:10701000206672616D65732E0D0A000073645F73E4
:1070200074617475733D25642C206D6F756E745F8B
:107030007374617475733D25642C206C7769705F7F
:10704000636F6D6D5F696E69745F7374617475737E
:107050003D25642C207564705F64656D6F5F696E9B
:1070600069745F7374617475733D25642C206C6959
:107070006E6B53746174653D25642C2062745F7778
:107080006F726B3D25642C2073746174757320736B
:1070900070695F74657374203D2025642C207767C8
:1070A000436F756E743D25642C20706C61794D6F53
:1070B00064653D25640D0A00303A2F64616D656991
:1070C0002F7265636F72642E62696E00303A2F64AE
:1070D000616D65692F53686F77546F7765722E62A3
:1070E000696E0000303A2F64616D65692F646566D2
:1070F00061756C742E646C6200000000303A2F647D
:10710000616D65692F646C6C2E617866000000000B
:10711000504F4C4152495320483735302F46373570
:1071200030204E4554434F4E4E2055445020646508
:107130006D6F2073656E6420646174610D0A0000D8
:1071400046494E5F574149545F31000046494E5F02
:10715000574149545F32000045535441424C495312
:1071600048454400434C4F534544000053594E5F3B
:107170005243564400000000434C4F53494E4700D1
:107180004C4153545F41434B000000004C49535461
:10719000454E000054494D455F5741495400000099
:1071A000434C4F53455F57414954000053594E5F7C
:1071B00053454E54000000003C3C444C5F45525245
:1071C0004F523E3E696E76616C696420656C663A2A
:1071D000207365676D656E742073686F756C6420CD
:1071E000626520736F7274656420616E64206E6FD7
:1071F00074206F7665726C617070656400000000C9
:107200002072010800000024F40300003A1900086D
:1072100070730108F4030024D4C70600E0D400080A
:10722000A1D2211ECC700108B804513C90D00304B7
:1072300031021B2813D0EE1424F8FE5B24E4381A24
:10724000FF0101190A4A0202D2246AFCB8B1698915
:10725000091891211EA45D0124C40429B8A9BC5AAF
:107260000104E91861E3803F03400442296C6A107D
:10727000B019011E11300108C5041114D4012434C1
:10728000401FC03230323852201BD40418133FC381
:1072900014C003301AF0181CE0012008015D2D1005
:1072A0007101089C29010114391509131A011003F1
:1072B00025CDAB19F6033F6E191944E1120113DC19
:1072C00003142490011B24E0081319CD14080108AD
:1072D000140813041B08190413E9031B08EF041A0C
:1072E000F9041AFD041E99110108CD041A011C1A93
:1072F00007041ABD141E610E01086D141A81041AC8
:10730000F3101A0D181B69141419041E63380108B0
:10731000690413E5071B08895C1B51D46016390109
:1073200008BFDD1B089B2817B95A0108B3051B08C5
:10733000C7041AA11029042AF55C19101AE1041ACD
:1073400075041A9704131F061B0809041A0D041A62
:1073500043101ABD082A0154190C1ADF0C1A8104B3
:107360001AA1041A1F101A3D081A5B08011C00001C
:040000050800029954
:00000001FF
