:020000040800F2
:1000000008CE0624BD020008E58D0008A976000888
:10001000C9020008751C0008DDCD000800000000C2
:1000200000000000000000000000000025BA0008E9
:10003000252000080000000057030008F9C100084F
:10004000D7020008D7020008D7020008D70200082C
:10005000D7020008D7020008D7020008D70200081C
:10006000D7020008D7020008D7020008D70200080C
:10007000D7020008D7020008D7020008D7020008FC
:10008000D7020008D7020008D7020008D7020008EC
:10009000D7020008D7020008D7020008D7020008DC
:1000A000D7020008D7020008D7020008D7020008CC
:1000B000A1C20008F9C20008D7020008D702000850
:1000C000D7020008D7020008D7020008D7020008AC
:1000D000D70200088DCD0008D7020008D70200081B
:1000E000D7020008D702000800000000D70200086D
:1000F000D7020008D7020008D7020008D70200087C
:10010000D7020008D7020008D7020008D70200086B
:1001100005C60008D702000855C30008D70200082A
:10012000D7020008D7020008D7020008D70200084B
:10013000D70200085D250008D7020008D702000892
:1001400000000000000000000000000000000000AF
:10015000D7020008D7020008D7020008D70200081B
:10016000D7020008D7020008D7020008D70200080B
:10017000D7020008D7020008D7020008D7020008FB
:10018000D7020008D7020008D7020008D7020008EB
:10019000D7020008D7020008D7020008D7020008DB
:1001A000D7020008D7020008D7020008D7020008CB
:1001B000D7020008D7020008D7020008D7020008BB
:1001C000D7020008D7020008D7020008D7020008AB
:1001D000D7020008D7020008D7020008D70200089B
:1001E000D7020008D7020008D7020008D70200088B
:1001F000D7020008D7020008D7020008D70200087B
:10020000D7020008D7020008D7020008D70200086A
:10021000D7020008D7020008D7020008D70200085A
:10022000D7020008D7020008D7020008000000002B
:10023000D7020008D702000800000000D70200081B
:10024000D7020008D7020008D7020008D70200082A
:10025000D7020008D7020008D7020008D70200081A
:10026000D7020008D7020008D7020008D70200080A
:10027000D7020008D7020008D702000800000000DB
:10028000D702000800000000D702000800000000AC
:1002900000000000D7020008DFF80CD001F066F87B
:1002A00000480047F130010808CE062430BF72B67E
:1002B000704762B6704780F30888704706488047E9
:1002C00006480047FEE7FEE7FEE7FEE7FEE7FEE73B
:1002D000FEE7FEE7FEE7FEE71DC200089902000800
:1002E000EFF3098141B1F1EE101A40F8041D20ED41
:1002F000200A29490A6810607047B0EC200A02C839
:10030000E1EE101A25490A6810607047EFF310807B
:1003100072B6704780F31088704721484FF0FF0194
:100320000170002080F309881E48016881F3088865
:100330001D48012101701D484FF08051016062B6D7
:10034000FEE71A484FF080510160704717484FF0A0
:1003500080510160704772B6EFF3098028B12038F0
:1003600080E8F00F0C490968086000B51048804724
:100370005DF804EB0F4810490A78027006480749F7
:100380000A680260106890E8F00F203080F3098856
:100390004EF0F40E62B670471002002418020024DA
:1003A00022ED00E034020024F701002404ED00E017
:1003B000199A0008F4010024F5010024094910B538
:1003C00008784C1C18B1401E0870205C10BD00213C
:1003D0000720ABBE207010BD02490878421C0A708D
:1003E00070470000E40300244FF0FF307047002006
:1003F00070474FF0FF307047002070470020704773
:100400004FF0FF3070474FF0FF3070474FF0FF3034
:1004100070474FF0FF3070474FF0FF3070472DE9C5
:10042000F05F0546002092469B4688460646814678
:1004300040241BE0284641464746224600F01AFA6F
:1004400053465A46C01A914110D3114618462246C7
:1004500000F001FA2D1A67EB01084F4622460120F1
:10046000002100F0F8F917EB00094E41201EA4F11D
:100470000104DFDC484631462A464346BDE8F09F8A
:1004800000487047AC77010810B50446FFF7F8FF45
:100490000068005D00F0010010BD4FF0FF307047B4
:1004A00010B5441A0346944209D28418114403E05B
:1004B00011F8013D04F8013D521EF9D210BD40EA89
:1004C0000104A40703D009E010C9121F10C3042AB5
:1004D000FAD203E011F8014B03F8014B521EF9D296
:1004E00010BDD2B201E000F8012B491EFBD27047CB
:1004F0000022F6E710B513460A4604461946FFF7F0
:10050000F0FF204610BD421E12F8013F002BFBD128
:1005100011F8013B02F8013B002BF9D1704730B5CF
:1005200005462A460B4612F8010B13F8014B08B199
:10053000A042F8D01CB1002802D06D1CF1E728467B
:1005400030BD10B5044604E00B7800F8013B03B160
:10055000491C521EF8D2204610BD10B5034600209B
:10056000904201D20C5C1C540C5C002C01D0401C4D
:10057000F6E710BDCAB2401E10F8011F8A4202D031
:100580000029F9D100207047421C10F8011B0029F6
:10059000FBD1801A704710B5002200E0521C835C2A
:1005A0008C5CA34201D1002BF8D1D8B2E1B2401A41
:1005B00010BDCBB203E00178994203D0401C521E1B
:1005C000F9D20020704730B504460020034600E011
:1005D0005B1C934203D2E05CCD5C401BF8D030BD85
:1005E00010B5044600E0401C0378002BFBD100E06E
:1005F000401C521E04D311F8013B0370002BF7D1AD
:1006000000210170204610BDFFF7C5BF034611F859
:10061000012B00F8012B002AF9D11846704730B59C
:1006200005460020034600E05B1C934205D2EC5CCB
:10063000C85C201A01D1002CF6D130BD70B50F4D29
:1006400000B92868002412E00A4602E09E4203D066
:10065000521C1378002BF9D1DAB2224305D02BB10A
:1006600024B1002100F8011B04E00446401C067878
:10067000002EE9D12860204670BD0000F003002460
:100680000246C9B200E0401C0378002BFBD102E017
:1006900003788B4203D0401E9042F9D2002070476D
:1006A00030B503461D783DB10A4612F8014B1CB126
:1006B000AC42FAD15B1CF5E7181A30BD30B50546DF
:1006C000002008E00A4602E0A34207D0521C13783B
:1006D000002BF9D1401C2C5C002CF3D130BD10B59F
:1006E00008E00A4602E0A34208D0521C1378002B0F
:1006F000F9D1401C0478002CF3D1002010BD00007B
:1007000007280FD2DFE800F00406080E0E0C0A00DE
:1007100005A070470AA0704713A070471DA070473E
:1007200022A070472BA070474E6F206572726F72C7
:1007300020286572726E6F203D2030290000000075
:1007400045444F4D202D2066756E6374696F6E2091
:10075000617267756D656E74206F7574206F6620A9
:1007600072616E67650000004552414E4745202D7D
:100770002066756E6374696F6E20726573756C7434
:10078000206E6F7420726570726573656E7461623D
:100790006C650000454E4F4D454D202D206F757402
:1007A000206F66206D656D6F7279000045494E5669
:1007B000414C202D20696E76616C696420617267FE
:1007C000756D656E7420746F2066756E6374696FE5
:1007D0006E000000556E6B6E6F776E206572726FE3
:1007E0007200000010B5484304460CF041FF002899
:1007F00005D00021002C02D0641E0155FAE710BD7F
:1008000000B589B000926A4600F0EEFB09B000BD69
:1008100070B506460CF0C4FB046805460A220021A8
:10082000304600F0A9FB2C6070BD30B50B46014688
:1008300000202022012409E021FA02F59D4205D37F
:1008400003FA02F5491B04FA02F52844151EA2F129
:100850000102F1DC30BD202A04DB203A00FA02F16B
:10086000002070479140C2F1200320FA03F319439E
:1008700090407047202A04DB203A21FA02F0002140
:10088000704721FA02F3D040C2F1200291400843A0
:10089000194670472DE9FF4F1C4681B00021D4E96D
:1008A000016791464FF0FF358A468846A1696D1C65
:1008B00002988847216A834688470028F6D1BBF111
:1008C000FF3F0CD026F4C066002F1ADD700615D548
:1008D000BBF12B0F0AD0BBF12D0F0FD104E04FF06D
:1008E000FF3005B0BDE8F08F46F48066A1696D1C4D
:1008F000029888477F1E8346002F02DDBBF1300F30
:1009000003D0B9F1000F2AD025E0A1696D1C46F48F
:1009100000767F1E029888478346002F05DDBBF1D5
:10092000780F06D0BBF1580F03D0B9F1000F10D0EB
:1009300011E0B9F1000F02D0B9F1100F0BD1A1698C
:100940006D1C26F400767F1E02988847834610208F
:1009500000E0082081464FEAE970009017E00A2085
:10096000F8E74346AAFB092803FB0980DDF800C02D
:100970007F1E0AFB0C0112EB0B0A41EBEB78A1691D
:1009800046F4007605F10105029888478346002F5A
:1009900006DD4946584600F00DFD5FEA000BE0D544
:1009A000E16902988847B00502D46FF0010098E72A
:1009B000F00718D1700610D57005514605D50023F3
:1009C000D1EB030163EB080200E042462068031DFF
:1009D00023600068C0E9001205E02068011D216065
:1009E0000068C0E900A828467BE72DE9FF5F1D46A7
:1009F0004FF0FF3BD5E9014691465F464FF00008B6
:100A0000A9697F1C01988847296A8246884700287F
:100A1000F6D1BAF1FF3F0CD024F4C064002E19DDEA
:100A2000600614D5BAF12B0F09D0BAF12D0F0ED1F3
:100A300003E0584604B0BDE8F09F44F48064A9691F
:100A40007F1C01988847761E8246002E02DDBAF18F
:100A5000300F03D0B9F1000F26D032E0A969761E1D
:100A600044F400747F1C019888478246002E05DDFF
:100A7000BAF1780F06D0BAF1580F03D0B9F1000FD0
:100A800010D01EE0B9F1000F02D0B9F1100F18D14B
:100A9000A969761E24F400747F1C01988847824659
:100AA000102002E0082000E00A20814609E008FB4F
:100AB0000908A969761E44F400747F1C01988847D0
:100AC0008246002E05DD4946504600F073FC0028A2
:100AD000EDDAE96901988847A00502D46FF00100BA
:100AE000A8E7E00725D1600613D5600502D5C8F157
:100AF000000000E0404629680A1D2A6009682205B6
:100B000001D5087015E0220701D5088011E00860C2
:100B10000FE02868011D29600068210502D580F8D2
:100B2000008006E0210702D5A0F8008001E0C0F8AF
:100B3000008038467EE72DE9FF5FD2E901A74FF03C
:100B40000008916999461446DDF838B04646019888
:100B50008847054659EA0B0005D009E0A169761CD3
:100B6000019888470546216A284688470028F5D11C
:100B7000681C03D05FEACA7005D015E04FF0FF3063
:100B800004B0BDE8F09F2068011D2160D0F800800E
:100B90000AE05FEACA7001D108F8015BA169761C1E
:100BA0007F1E019888470546002F1ADD681C18D063
:100BB000B9F1000F0DD0E81705EBD060421120F01D
:100BC0001F0059F822102A1A012090400142E0D15A
:100BD00007E0BBF1000FDCD1216A284688470028D6
:100BE000D7D0E16901988847BBF1000F07D1002EEB
:100BF00005DD5FEACA7002D1002188F80010A06804
:100C0000B84203DDBBF1000F03D017B16FF0010054
:100C1000B6E73046B4E700002DE9FF4F087883B00F
:100C20009946FF2805D0491C2D2804D00024002017
:100C300008E000200BE00124F9E700EB800003EB63
:100C40004000491C0B78FF2BF7D104B14042002330
:100C50000293147819461D462D2C01D02B2C04D15B
:100C6000521C2D2C13D000240294AA461478FF2C79
:100C70000FD00A25A3FB057801FB05814FF0000C7E
:100C800003FB0C11521CE3194AEB0101EEE70124AE
:100C9000EAE7814453EA010002D019F5C87F06DA79
:100CA00003980021C0E9001107B0BDE8F08F0025CE
:100CB000AE4E2F46DFF8B882184600F049FCCDE969
:100CC0000001B9F1000002DAC9F1000400E00446B5
:100CD0000023A74A1AEB030B42EB045A12E0E00789
:100CE00007D02A4633463846414600F02EFA0746DA
:100CF00088462A4633461046194600F026FA05462D
:100D00000E466410002CEAD1DDE90001B9F1000FB4
:100D10005A46534606DA00F08AFA3A46434600F04D
:100D200086FA05E000F011FA3A46434600F00DFA63
:100D3000029A0AB181F00041039AC2E90001B3E7C7
:100D40002DE9FF4F1F468DB0D7E901464FF0FF3820
:100D50002E2045464FF000090B90B9696D1C0E9886
:100D60008847396A824688470028F6D1BAF1FF3FA2
:100D70000AD024F4D064002E11DDBAF12B0F08D074
:100D8000BAF12D0F0BD102E0404611B08DE744F4CB
:100D90008064B9696D1C0E9888478246761E694644
:100DA000600501D52D2000E02B208DF8000001F119
:100DB000010B0DF1200809E0B9696D1C0E988847F8
:100DC00082460F9844F40074761E0560002E02DD02
:100DD000BAF1300FF0D00B998A453ED144F080042F
:100DE00006E00F99681CA9F1010944F40074086039
:100DF000B9696D1C761E0E98884782463028F0D05F
:100E00002BE00B998A4505D1200603D444F08004D9
:100E1000761E18E050460CF00DFE08B30DF11301DC
:100E2000761E44F400748B4508D2AAF130000BF80A
:100E3000010B200607D5A9F1010003E0200602D42A
:100E400009F101008146A00502D50F99681C0860D0
:100E5000B9696D1C0E9888478246002ED1DC53E09C
:100E6000002E51DDBAF1650F02D0BAF1450F4BD11A
:100E7000A00549D5B9696D1C24F44074761E0E98FE
:100E800088478246002E0CDD2B2804D0BAF12D0FA6
:100E900007D144F48074B9696D1C0E988847824666
:100EA000761EE00501D52D2100E02B2108F8011B5D
:100EB000CDF82C8021E00DF12901761E44F4007458
:100EC00088450CD2AAF1300010F0FF0088F800002D
:100ED00002D10B99884509D908F1010806E0E0051F
:100EE00001D5244801E042F20F708146B9696D1CBA
:100EF0000E98884782460F980560002E04DD504604
:100F00000CF098FD0028D6D1F9690E988847FF208B
:100F10008BF8000088F800000020069007904B46F0
:100F20006A4608A906A8FFF777FEA00502D46FF06D
:100F300001002AE714F0240F0AD0E00714D1DDE9FC
:100F400006123868031D3B600068C0E900120BE020
:100F5000DDE9060100F008FB0146E00704D138682E
:100F6000021D3A600068016028460EE70000144048
:100F70000000F03FF1D8FFFF2DE9F04791460F4602
:100F800080460446002614F8015B2DB1FFF778FA7D
:100F90000068405DC007F6D12B2D02D02D2D18D052
:100FA000641E4A463946204600F026FA27B13968C1
:100FB000A14201D1C7F8008071054FF002040BD5A2
:100FC0004042002803DD0BF0EBFF0460A007BDE802
:100FD000F08746F48066E4E70028F8DA0BF0E0FFDB
:100FE00004606FF00040F2E7024B9361024BD36163
:100FF00000F0F4B9BD030008D90300082DE9FE4F45
:10100000804681EA0300C00F0C46009021F00041A9
:1010100023F00045B8EB0200A94105D24046214625
:1010200090461C460B46024623F00040104347D032
:10103000270DC7F30A00C3F30A510290401A01902A
:1010400040286BDAC3F3130040F4801B00989246EB
:1010500020B10023D2EB030A63EB0B0B0198594636
:10106000C0F140025046FFF7F6FB06460D465046DB
:101070005946019A00F08CF910EB080061410024F8
:1010800087EA115284EAE7731A4340D0009A62B3A8
:10109000019A012A4FEA075215DC001B61EB02019D
:1010A0004FF0004202EA0752CDE90042001C41F530
:1010B000801132462B4600F0FDF903B0BDE8F08FF9
:1010C00040462146F9E7001B61EB0201001C41F597
:1010D000801300185B412018A2F5001747EB0301AD
:1010E00040EAD570B6196D4111E06D084FEA360639
:1010F00045EAC0754FEA0752001B61EB0201001C74
:1011000041F5801149084FEA30000019514132463B
:101110002B4603B0BDE8F04F00F0BDB900980122A6
:1011200040000023D0EB020263EBE07300982146FD
:101130004FEAE074B8EB000061EB0401E9E783F0EB
:1011400000435BE781F0004158E72DE9FE4F81EA5B
:10115000030404F0004421F0004100944FF0000B20
:1011600023F0004350EA01045ED052EA03045BD04E
:10117000C3F30A54C1F30A552C44A4F2F334019486
:10118000A0FB0254C1F3130141F48011C3F3130314
:1011900043F4801301FB024400FB034E840A970AC8
:1011A00044EA815447EA8357A4FB076802958D0AF5
:1011B00005FB07854FEA932C04FB0C542705029D81
:1011C0004FEA065847EA1637B5EB08056EEB070CF1
:1011D000870E920E47EA811742EA8312A7FB0201AB
:1011E000B6EB0B0164EB00042B0D43EA0C335E18E5
:1011F00044EB1C50DA465146E7FB0201C5F31304E9
:101200004FEA0B3343EA14534FEA0432019C43EA9A
:101210000603A4F10C040294009CCDE900B400F094
:1012200049F903B0BDE8F08F00200146F9E72DE948
:10123000F04D81EA030404F0004B21F00045144610
:101240004FF0000A23F0004150EA050220D054EA92
:1012500001021DD0C5F30A570246C5F31303C1F3BB
:101260001300C1F30A5640F4801543F48013A7EB32
:101270000608101BD64608F2FD3873EB050002D3B2
:1012800008F1010801E092185B41B8F1000F03DAA0
:1012900000200146BDE8F08D00204FF48011064685
:1012A00084460EE0171B73EB050705D3121B63EB97
:1012B000050306434CEA010C49084FEA3000921836
:1012C0005B4150EA0107EDD152EA030012D082EAF5
:1012D000040083EA0501084305D0101BAB4106D288
:1012E0000122002306E000224FF0004302E06FF0ED
:1012F000010253101AEB06004CEB085110EB0A00E8
:1013000041EB0B01BDE8F04D00F0C5B8C1F30A5246
:10131000C1F3130140F2FF3341F480119A4202DA23
:1013200000200146704740F233439A42A2F2334212
:1013300002DC5242FFF79EBAFFF78DBA30B5041EA9
:1013400071F1000404DB4FF00044404264EB010102
:10135000141E73F1000405DB1C464FF0004352429B
:1013600063EB0403994208BF904230BD064C074D21
:1013700006E0E06840F0010394E807009847103465
:10138000AC42F6D3FEF78CFF107B0108307B0108DE
:10139000202A06DBCB17203A41FA02F043EAE07339
:1013A00006E041FA02F3D040C2F120029140084326
:1013B000194670473A2800D2303820F02002412ADE
:1013C00001D3A2F13700884201D34FF0FF307047BC
:1013D000026811441378016018467047D1600449CF
:1013E00051610449116200211161114600F0D8B821
:1013F000D1130008890400082DE9F05F82460078C7
:10140000002715468B460AF10104B946302801D061
:101410009DB113E014F8010B0127782803D0582858
:1014200001D045B10AE00DB1102D07D100271025DC
:1014300014F8010B02E0082500E00A250026B0465A
:101440000EE005FB080005FB06F1012701EB104645
:101450001FFA80F8B6F5803F00D3B94614F8010BA7
:101460002946FFF7A7FF0028EBDABBF1000F05D0F4
:101470000FB1641E00E05446CBF80040B9F1000FF4
:1014800006D00BF08DFD02210160C81EBDE8F09F63
:1014900048EA0640FAE710B5141E73F1000408DAB2
:1014A000401C41F1000192185B411A4301D120F028
:1014B000010010BD2DE9F04D92469B4611B1B1FAE5
:1014C00081F202E0B0FA80F220329046FFF7C3F9D1
:1014D00004460F4640EA0A0041EA0B0153465A46C9
:1014E000084313D0114653EA010019D0C8F1400255
:1014F0005046FFF7BFF905460E465046594642464C
:10150000FFF7A9F9084305D0012004E02046394639
:10151000BDE8F08D0020054346EAE0762C433743D2
:101520000A986305E40AA0EB08000022FD0A44EAD9
:1015300047540A3002D500200146E9E70105101999
:101540006941DDE9084500196941BDE8F04DA2E7B0
:101550000EB540F2334202920022CDE9002213463A
:10156000FFF7A8FF03B000BD01F0004330B421F045
:10157000004150EA010206D00A0DA2F56072C1F3E3
:101580001301002A02DC30BC00207047440F44EAFB
:10159000C104C100E01830BC00EBC25000F096B9A5
:1015A0002DE9F34F8BB04FF0000801F10C000C4611
:1015B0004FF0010B46460DF1080A019062690121C6
:1015C00001989047051E2DD0252D2CD0216A8847E3
:1015D000C0B16269012101989047216A88470028BB
:1015E000F7D1411E62690198904700E0761CA1691D
:1015F0000B988847216A88470028F7D1E1690B9842
:101600008847DBE7A1690B9888470746A84201D1C4
:10161000761CD3E7E1690B9888477F1C02D1B8F1AB
:10162000000F6FD046E1002762693D4639460198B8
:1016300090472A2804D16269012101989047012529
:10164000DFF884926269012101989047A0F130018E
:101650000A290AD24F45E5DC07EB870100EB410779
:10166000303FDFD445F01005ECE7E90601D46FF018
:1016700000476C280AD04C2814D0682815D06A2856
:101680000DD074281CD07A281AD01DE0626901217F
:10169000019890476C2802D045F0040514E045F00D
:1016A00002050DE045F020050AE06269012101987C
:1016B0009047682802D045F0080505E045F400652C
:1016C0006269012101989047C4E9015765283DD01E
:1016D00019DC58287AD00CDC452837D004DC2528C2
:1016E00026D0412831D131E046282FD047282CD1AF
:1016F0002CE05B2877D0612828D063287CD0642830
:1017000023D15AE0D0E06F2848D008DC66281DD0ED
:1017100067281BD0692821D06E2816D127E07028B1
:1017200045D0732868D0752847D078280DD14DE072
:10173000A1690B988847054625283FF469AFE16900
:101740000B9888476D1C3FF46AAFB3E023466A46A6
:101750006FF001000B99FFF7F3FA9EE045F04000AF
:101760006060A80723464FF0000236D43EE0E80749
:101770007FF447AF2068011D21600068290501D56D
:1017800006701BE7290701D5068017E7A90703D5CF
:10179000F117C0E9006111E706600FE745F040006E
:1017A0006060A80723464FF0080216D41EE040F6FA
:1017B0000E0125EA0100606016E045F0400060601F
:1017C000A80723464FF00A0207D40FE045F0400077
:1017D0006060A80708D5234610226FF001000B991E
:1017E000FFF758F859E007E0234610226FF0010098
:1017F0000B99FFF7FAF850E04FF000094F464B46BF
:10180000632802D05B2806D040E0E80601D401201E
:10181000A06001273AE062690121019890475E28A3
:1018200005D14FF001096269494601989047216945
:1018300039B900210A46534643F82120491C08299A
:10184000FADBB0B3216969B9C11700EBD16253115A
:101850000AEB830122F01F02821A01200B689040DC
:1018600003430B6062690121019890475D28E8D12C
:10187000B9F1000F09D00020514651F82020D24381
:1018800041F82020401C0828F7DB02AB22460097D5
:101890006FF001000B99FFF74EF900280CDA401C9D
:1018A00008D1BBF1000F05D04FF0FF300DB0BDE8FF
:1018B000F08FFFE74046F9E7E90701D108F1010899
:1018C00006444FF0000B79E6CCCCCC0C0029A8BF25
:1018D0007047401C490008BF20F00100704710B459
:1018E000B0FA80FC00FA0CF050EA010404BF10BC0E
:1018F000704749B1CCF1200421FA04F411FA0CF13B
:1019000018BF012121430843A3EB0C01CB1D4FEA73
:1019100000614FEA102042BF002010BC704700EB6E
:10192000C35010440029A4BF10BC7047401C49009C
:1019300008BF20F0010010BC704770B58C1810F87B
:10194000015B15F0070301D110F8013B2A1106D104
:1019500010F8012B03E010F8016B01F8016B5B1E1E
:10196000F9D12B0705D40023521E0DD401F8013BF9
:10197000FAE710F8013BCB1A921C03E013F8015B65
:1019800001F8015B521EF9D5A142D8D3002070BDE9
:10199000094B10B5044600205A78022A0AD203F1F6
:1019A0000C00246800EBC200521C0460096841600E
:1019B000D0B2587010BD0000DC00002470477047A2
:1019C0007047704770477047704702F091BF000042
:1019D0002DE9F05F524D0446DFF848A1002640F69D
:1019E000C4184FF0FA094FF0FF3B2878C8B3D5E987
:1019F0000612204608F000FC00283EDB2188414505
:101A00003BD2E0783C2838D2474F44F62462A67097
:101A10002146386811F0ACFE38689AF81610C1708B
:101A200080F802902869002827DA2878012824D134
:101A30006869002802DAAE63401C686101463B4BCE
:101A400000EB4100AA6B03EB80000769974209D8BD
:101A50004769974206D9B0F90C10A961B0F90E0098
:101A6000E8610AE04069904207D8491C69619868BA
:101A7000401E884201D8C5F814B06878C8B3D5E9CB
:101A80000C12204608F0F2FB00283EDB218841457D
:101A90003BD2E0783C2838D2A6702146244C44F64C
:101AA0002462206811F064FE20689AF8BE19C170A3
:101AB00080F80290A86A002827DA6878012824D1E3
:101AC000E86A002802DAEE63401CE8620146194B1E
:101AD00000EB4100EA6B03EB80000469944209D8F3
:101AE0004469944206D9B0F90C102963B0F90E008C
:101AF00068630AE04069904207D8491CE962986827
:101B0000401E884201D8C5F82CB0012100200AF0FF
:101B1000C5F9BDE8F05F012108460AF0BFB9000031
:101B200008010024306D002464000024A46901240D
:101B30006C0000248498012410B50124034861033B
:101B400002F0C2FE00B10024204610BD0008025879
:101B50000146014804F042BB88C10624044810B580
:101B600004F04EFB042801D0012010BD002010BD60
:101B700088C1062410B500F015F8012801D0022014
:101B800010BD074804F0A4FB040006D104484FF43C
:101B9000804104F0BDF900B10124204610BD0000D1
:101BA00088C1062408B501208DF80000FFF7C4FFA6
:101BB00010B900208DF800009DF8000008BD00005D
:101BC00038B50024009313460A460146034804F042
:101BD000ABFC00B10124204638BD000088C10624BA
:101BE00038B50024009313460A460146034804F022
:101BF0006DFD00B10124204638BD000088C10624D7
:101C000010B50B4B0B4C30B101221846402102F0AD
:101C100064FE012205E000221846402102F05DFE2C
:101C200000222046012102F058FE002010BD0000D5
:101C300000000258000802580C4910B50978012923
:101C400011D10B4C490228B10122204602F045FE79
:101C5000012204E00022204602F03FFE002220463E
:101C6000202102F03AFE002010BD00002C000024CC
:101C700000040258FEE70000F0B5BFF34F8FBFF33A
:101C80006F8F1D4900200860BFF34F8FBFF36F8F28
:101C90001A4C216841F400312160BFF34F8FBFF32C
:101CA0006F8F164970310860BFF34F8F081F0068AF
:101CB00043F6FF75104E1036C0F34E31C0F3C90322
:101CC00005EA4112184642EA80773760401EFAD290
:101CD000491EF5D2BFF34F8F206840F4803020605A
:101CE000BFF34F8FBFF36F8F03484C30016841F053
:101CF00004010160F0BD000050EF00E014ED00E0D1
:101D000010B500240346A1F10B0040F28522904259
:101D10001AD816480A461946FEF7C2FB134874380B
:101D200010F0F0FB80B111487438B0F87C00B0F5C9
:101D3000005F0BD0B0F5A04F0DD0B0F5174F10D00D
:101D40000BA00BF0E9F8FF24204610BD10A00BF00B
:101D5000E3F80124F8E7154802240188491C0180B2
:101D6000F2E713A00BF0D8F80324EDE7DCC9012457
:101D7000476574204172746E657420556E6B6E6F8A
:101D800077205061636B6167652E0D0A00000000CB
:101D9000476574204172746E657420506F6C6C20BE
:101DA0005061636B6167652E0D0A000048010024D5
:101DB000476574204172746E65742054696D656363
:101DC0006F6465205061636B6167652E0D0A0000CA
:101DD0002DE9F0418CB04FF0FF3600200A903148D9
:101DE00004680123DFF8C08000215A02D8F80C00F3
:101DF00001F05CFB05001AD02C4F38680EF046FE4F
:101E0000386801222AA10EF0A1FF06000BD1D8F8F4
:101E10000C10042238680AAB0FF061F806460A98E5
:101E2000042800D1002538680EF030FEADBB200E2E
:101E30008DF80400234B210C8DF80510220A8DF833
:101E4000062008448DF807401119019D08441D63C0
:101E5000C4B2D8F80C004546017861408DF80010F6
:101E6000417861408DF80110817861408DF8021051
:101E7000C07860408DF80300DA2C00D9DA24684677
:101E8000082102AA12F0FCF8E868202202A92044E6
:101E9000001DFEF798FB00B900260CB03046BDE8E7
:101EA000F081000000E8F11F080100245000002428
:101EB000303A2F64616D65692F636572742E6269B3
:101EC0006E00000034C701242DE9F04114490125BA
:101ED00004460FF0C0F820B112A021460BF01CF808
:101EE0001AE00F4C16A0E388A28821680BF014F8C2
:101EF0002068014600F100600268D0F8020097B245
:101F000086B23A4619A033460BF006F8A088B842CC
:101F100003D1E088B04200D100252846BDE8F08119
:101F2000905D01244669726D77617265202573208A
:101F30006E6F7420657869737465642E200D0A00D5
:101F400046696E64206669726D776172652C2073D4
:101F5000697A653D25642C20646174653D25642C97
:101F60002074696D653D25640D0A00005265616449
:101F700020666C6173682073697A65203D20256452
:101F80002C20646174653D25642C2074696D653D69
:101F900025640D0A0000000070B50024FEF787F9E3
:101FA000064D28680FF086F800B9012428680EF065
:101FB0006DFDFEF77EF9204670BD00004C00002448
:101FC0001149104810B50860084601F08DFD0E4813
:101FD0000021002214304160022181600146143842
:101FE00001F0FCFC0848002101F0C5FD0649102263
:101FF0000548143101F0F2FCBDE810400248102100
:1020000001F0B9BD0074004010D301240B464FF01D
:10201000000218B11021024801F0A0BD0021FAE72A
:1020200010D301247047002310B503E0C45C4C407A
:10203000C4545B1C9342F9DB10BD00000149002031
:1020400008707047DC0000242DE9FF4F0F4614464E
:1020500044F63C224FF000092DED108B83B04FF079
:10206000FF36098800EE101A798800EE901A797907
:102070000191169997F806B097F807A011440091BE
:10208000396821607968B8EE400AB8EE608A61600C
:10209000FB499FEDFCAB9FEDFDFADFEDFDFAB0EEE5
:1020A000009B9FEDFCEBDFEDFD8AFD4D40F235120C
:1020B0004FF0000810FB02F001EBC0000290C18954
:1020C000881980B209B1401E80B29FEDF61AB11E88
:1020D000152970EE41BA38EE41BA46D2DFE801F078
:1020E0000B2656644585459D45BD45FC45FB45FA97
:1020F000F9F8F7F6F500009A012101F045FC00EE31
:10210000900AA861F8EEE00AB7EEE01A21EE091B8A
:1021100081EE0E2BFDEEC20B10EE900AE861002856
:1021200023DC40F2FF702080608002E2009A0121EF
:1021300001F02AFC00EE900AA861DC49F8EEE00A02
:10214000B7EEE01A21EE091B81EE0E2B9FEDD61A99
:10215000F7EEC20B10EE900A20EE811A884285ED50
:10216000051A03DAD249C1F8008057E1D0480121AD
:10217000DFEDD01AC1EE810A0160CF49C5ED050A35
:10218000FDEEE00A10EE900A088047E1009A012176
:1021900001F0FAFB00EE900AA861F8EEE00A80EE8A
:1021A000A81A85ED081A39E1009A022101F0ECFB2A
:1021B00000EE100AA861BD49B8EEC00AB7EEC02A09
:1021C00082EE0A0B20EE090BF7EEC00BB0EE410ACF
:1021D00010EE900A0BEE201A0BEEA00A8842C5ED15
:1021E000090AB0EE418A78DB18E1009A022101F079
:1021F000CBFB00EE100AA861B8EEC00AB7EEC02A09
:1022000082EE0A0B20EE090BF7EEC00BB0EE410A8E
:10221000C5ED0A0A0BEEA00A00E1009A022101F0C6
:10222000B3FB00EE900AA861A048F8EEE00AB7EE12
:10223000E03A83EE0A2B22EE092BF7EEC20BC5ED36
:102240000B0A0BEE201AA96A8142B0EE418A03DA2A
:1022500010EE901A814240DBE0E0009A022101F08A
:1022600093FB00EE100AB8EEC00AB7EEC01A81EE7A
:102270000A0B20EE090B9FED911BA86120EE010BCC
:10228000B7EEC00B85ED0C0AB7EEC00A0AF014FFDA
:10229000B7EEEBCA20EE0CDB95ED0C0AB7EEC00AE8
:1022A0000AF0B2FEB7EECBBAB0EE4D1B0BEE001B40
:1022B0009FED84DB31EE0D0BB7EEC08B95ED0C0A74
:1022C000B7EEC00A0AF0A0FE08E091E07AE071E003
:1022D00068E05FE039E024E00FE054E020EE0CCB52
:1022E00095ED0C0AB7EEC00A0AF0E6FE0BEE40CB05
:1022F0003CEE0D0BB7EEC00B90E0009A022101F00E
:1023000043FBA861A0F5004000EE900AF8EEE00A59
:1023100060EE8F0A60EEAF0AC5ED0D0A30EE200ABE
:102320007CE0009A022101F02FFBA861A0F500409B
:1023300000EE900AF8EEE00A60EE8F0A60EEAF0A57
:10234000C5ED0E0A38EE208A68E0009A012101F0FE
:102350001BFB00EE900AA861B8EEE01AC1EE280A55
:10236000C5ED0F0A1698008801EE100AB8EE411A62
:1023700021EE201ADDED200AF8EEE00AB4EEE01AB4
:10238000F1EE10FA4AD284F8058084F8068084F8C9
:10239000078043E0009A012101F0F6FAA861C0B27B
:1023A00001903BE0009A012101F0EEFA00F0FF0BF2
:1023B000A86133E0009A012101F0E6FA00F0FF0A7B
:1023C000A8612BE0009A012101F0DEFA00EE900AEC
:1023D000A861F8EEE00AB7EEE01A21EE091B81EEE3
:1023E0000E2BFCEEC20B10EE900A00F0FF0915E078
:1023F000009A012101F0C8FA00EE900AA861334961
:10240000B8EEE01AC1EE280A10EE900AC5ED010AF6
:10241000884203DADFED2E0AC5ED010A761C76B29A
:10242000172E01D002984AE6787918B9F87908B9D8
:10243000B87920B3B9F1000F05D00198607184F824
:1024400006B084F807A0607900EE900AB8EE601A32
:10245000D5ED080A21EE201ABCEEC11A11EE100AC1
:102460006071A07901EE100AB8EE411A21EE201A2F
:10247000BCEEC11A11EE100AA071E0792AE034E036
:10248000306D002400000000E0FFEF4000F07F45C9
:10249000000000380000000000E06F4000007F43B3
:1024A0004801002400F0FF4400000442CDCC4C3D24
:1024B0002801002400007A440A0000244AD8124D62
:1024C000FB2109400000000000FE9F40CDCCCC3D28
:1024D000CDCCCC3D01EE100AB8EE411A61EE200AD7
:1024E000FCEEE00A10EE900AE07140F6FF72FCEE9E
:1024F000C00A194910EE900A208010EE100A884296
:1025000002DB4046228007E0B5EEC00AF1EE10FA89
:1025100005D84046A4F800806071A071E071BCEE5F
:10252000C80A10EE100A608018EE100A884202DB1A
:102530006280404607E0B5EEC08AF1EE10FA05D899
:102540004046A4F802806071A071E07103B0BDEC58
:10255000108BBDE8FF8F000000F07F4510B506F03E
:102560003FFD10F093FD06F047FD06484FF4004193
:10257000006800F58B50016040210160012101607D
:1025800010BD000088D2012470B5A2B00646002418
:10259000694601258DF80450680306908DF80F50A8
:1025A0004FF4C3608DF80E500D9020208DF81D4023
:1025B0008DF80C4009948DF81F4012948DF832501C
:1025C0008DF828408DF8605017904FF040508DF8EE
:1025D00038400F9402948DF861408DF81C4014949B
:1025E0008DF862400B948DF81E500090A8038DF872
:1025F00011508DF840408DF83140059002208DF843
:1026000012408DF85640169030468DF820508DF8C7
:1026100054408DF830408DF810508DF80D408DF8F5
:10262000554011948DF84C5000F0CEF91B9569057A
:102630008DF871404FF406708DF8685019948DF83C
:1026400080408DF870401F918DF878401D9119A938
:102650008DF881402190304600F066F922B070BDBF
:102660002DE9F047846A00F1180692468B6800272E
:10267000254656F82420D2F80CC0BCF1000F63DBCD
:1026800091F800805FEA487837D5D1F824806FF35D
:102690000F0C4CEA080C4CF4803CC2F80CC0D0F88B
:1026A00000C0DCF8608048F48018CCF8608091F8B5
:1026B00000C05FEA0C7C20D5B1F82CC0A2F80AC09B
:1026C000D2F80CC04CF4003CC2F80CC0D1F83080F9
:1026D0002CF4402C4CEA080CC2F80CC0D0F800C016
:1026E000DCF8648048F48018CCF864800068D0F886
:1026F00050C04CF0806CC0F850C00878C0060BD5B4
:102700009068D1F818C06FF30D0040EA0C0090609B
:10271000D06840F08060D060087810F0140F14D0BA
:10272000D068641C042C40F04040D06000D3241FCB
:10273000012756F82420D068002806DA56F825002C
:10274000C16821F00041C1608DE018687F1C1060F5
:102750004FF000099068D3F804C06FF30D0040EA11
:102760000C009060D3F80880DFF8B8C1B8F1000F12
:102770000BD04346D8F80080C2F8048000EA0C0071
:10278000B3F8048040EA084003E000EA0C00C2F815
:10279000049090600878C006D0680FD5B1F820800A
:1027A00020F4F00040EAC840D060D1F81C806FF3FC
:1027B000110040EA080040F480201CE0D1F80480B9
:1027C0006FF30E0040EA0800D06091F800805FEAE5
:1027D000C87806D0D1F8148020F4403040EA0800D0
:1027E000D0600878800607D5D068D1F8108020F036
:1027F000406040EA0800D0600878400707D590683C
:10280000D1F8288020F4404040EA08009060D06869
:1028100020F0804040F02040D06091F800805FEAD6
:10282000887869D5D1F80C8020F0607040EA080003
:1028300061E0641C042C00D3241F56F82420D068C7
:10284000002813DA56F8251000200AE0CA686D1C2B
:10285000042D22F00042CA6000D32D1F401C56F800
:102860002510B842F2D30220BDE8F08718687F1C1B
:1028700010609068D3F804806FF30D0040EA080000
:102880009060D3F80880B8F1000F0BD04346D8F819
:102890000080C2F8048000EA0C00B3F8048040EA2B
:1028A000084003E000EA0C00C2F804909060087849
:1028B000C006D06808D5D1F81C806FF3110040EA3B
:1028C000080040F4802011E0D1F804806FF30E007E
:1028D00040EA0800D06091F800805FEAC87815D01F
:1028E000D1F8148020F4403040EA0800D06020F095
:1028F000804040F00040D0609B68002B99D19068E8
:10290000BAF1000F04D040F0004003E0D068EEE7D9
:1029100020F000409060D06840F08050D0600020EF
:102920003461A1E7FFFF00C030B5026802F58052B4
:10293000136847F60204A3430C68234313600A7923
:102940000B7B120342EAC3338A681343026802F521
:10295000805254684DF20105AC431C4354604B7BDC
:102960000A6A42EA0343026802F58052D2F8004143
:10297000124D2C401C43C2F800410A7D4B7F1201CE
:1029800042EA03330A691343026802F58052D2F81F
:1029900004410B4D2C401C43C2F8044100688A6975
:1029A000097F00F5805042EAC171D0F80821054B3B
:1029B0001A400A43C0F8082130BD000000C0FEFFE5
:1029C000EFEFC0FFFFFFC07F30B50B688A680C7B5C
:1029D0001A430B79DB0643EAC4531A434B7B42EAA2
:1029E00083528B7B42EA4352CB7B42EA03530A7CFD
:1029F000002A7CD0002243EAC2434A7C002A78D0D5
:102A0000002243EA42428B7C42EA03424B691A436A
:102A10008B691A430B7F42EA03324B7F42EAC3239E
:102A20008A7F002A66D0002243EA8222CB7F42EAD4
:102A3000432391F82020002A7ED0002243EA02227C
:102A40004B6A1A4391F8283042EA0313CA6A1343C7
:102A500002681468434D2C401C43146091F83C20DC
:102A600091F83830520642EA036291F8303042EA77
:102A7000834291F8313042EA434391F83220BAB3AD
:102A8000002243EA02434A6B134302685468364DFE
:102A90002C401C43546091F840304A6C42EA0323B6
:102AA0000268D46840F20F15AC431C43D46091F81F
:102AB00054300A6D42EA430391F84C20EAB30022F5
:102AC000B1F84840D20142EA044213430268146F4D
:102AD0004FF60D752C401C43146791F8553091F852
:102AE000562042EA43030268D2F8904003E02BE00C
:102AF00032E02BE02CE024F003041C43C2F89040A9
:102B00000268D2F8003D8C6D23F072032343C2F8B3
:102B1000003D91F86020CB6D12B30022006843EABB
:102B2000821291F8613091F862101B0143EAC101F1
:102B30000A43D0F8301D01E00CE00FE021F07B01EA
:102B40001143C0F8301D30BD012254E7012258E77F
:102B5000012269E7012271E7012292E70122AFE732
:102B60000122DBE7838004000080F8C070B50024F8
:102B70009C4D0122214652288AB070D019DC46288B
:102B800033D00DDC984E422870D004DC31286ED052
:102B9000412829D14BE0432875D04428F9D183E05E
:102BA0004B2827D04C283FD04E282BD05028F0D18E
:102BB0005FE06B2820D00CDC58287BD004DC532845
:102BC0002ED05428E5D159E0592879D06328E0D196
:102BD0007DE06E2806D0722871D0732815D0772832
:102BE000D7D105E006F000F9F8E000F081FB19E02C
:102BF0006A71F3E0312200E030220B21432000F023
:102C00008DFDEBE010F0C2FDE8E07848437D1BB19C
:102C1000417580F8BD19E1E0427580F8BD29DDE01D
:102C200009F0FAF80446D9E005F042FAFAE700F0B4
:102C300051FE08A909F02EFC01280446D4D16C48A5
:102C40006C4900780978084304D0307800240128C2
:102C500008D0C3E009F0E0F801280446C4D109F027
:102C600007FCBBE064A00AF057F9B7E010E08AE087
:102C700009E000F02FFE09F093FCD3E700F02AFEF4
:102C800009F0B6FCAAE062490878401C0870A5E08B
:102C900000F020FEEA884FF47A7301465D4804F0A4
:102CA000A9FCBFE706E00BE0307808B1317095E091
:102CB000327093E0FA20FEF7A3FFFA2004E028E048
:102CC0000020FEF79DFF0020FEF7B6FF86E0E888B3
:102CD000B0B151484178722904D0672907D06229E0
:102CE0000AD00DE0801CFDF793FDA87008E0801C61
:102CF000FDF78EFDE87003E0801CFDF789FD28716B
:102D00000021287900900846EB78AA7809F0F4F8B9
:102D100088E706916846A9680CF01CFF00285DD181
:102D20003EA168460CF0FEFE06004DD03F4806A9C5
:102D3000026807A80FF062FD002845D13648A9783F
:102D40004030C38882883AA00AF0E6F8DDE9061030
:102D50004218314931F8443F1380069A498810449B
:102D60004180FDF7A4FADDE906100022091DB047F5
:102D70003AA168460CF0D6FE8047FDF79AFA07980C
:102D80000DF0B2F920E0374806906846A9680CF0CB
:102D9000E1FE18BB34A168460CF0C4FE050013D058
:102DA000FDF785FA334E012306A91A463046A84797
:102DB0000699024630A00AF0AFF831683BA00691B0
:102DC0000AF0AAF8FDF775FA68460CF0A9FE002192
:102DD00002460846904768460CF08EFE0AB0204630
:102DE00070BD0000CC000024C8000024306D002419
:102DF00000000024010000244C4F473A2053442097
:102E000063617264206572726F72210D0A0D0A008F
:102E10000700002444CF0124505D01246578706FC1
:102E200072745F666C617368000000001800002413
:102E3000577269746520666C617368207265636F90
:102E40007264203D2025642C20646174653D2564F6
:102E50002C2074696D653D25640D0A007265626FF2
:102E60006F7400007856341277725F666C61736815
:102E70000000000000FC0108577269746520666C50
:102E80006173682061646472203D2030783038308E
:102E900031464330302C20646174613D25642C2020
:102EA000726573756C743D25640D0A00526561642A
:102EB00020666C6173682061646472203D20307804
:102EC00030383031464330302C20646174613D2508
:102ED000640D0A00002200F001B800000E4B30B56E
:102EE0000546DC7C0120032C15D8D87C00241C541A
:102EF000D87C03EB80004560DD7C03F110002A5490
:102F0000D87C421CDA74303008703A2048702F2088
:102F100088700020CC7030BD74C10624C268D1E92D
:102F2000002342EA03220B89097B1B0443EA016167
:102F30000A43C260002070478268D1E9002342EA58
:102F400003220B89097B1B0443EA01610A43826067
:102F50000020704730B50268094B1A40D1E90134AE
:102F60002343D1E903452C4323434C69896943EA50
:102F7000442343EA413111430160002030BD000089
:102F80008901F0FF38B50A4D04464FF0AA306A4671
:102F9000009004230021A879604305F0EBFEA87996
:102FA000042300216A466043401C05F0E3FE38BD5F
:102FB000A8D501242DE9FC47254F00258946064662
:102FC00000240DF1040810E0CDF800804A4679880D
:102FD00070438B08002105F045FD7888BDF804108A
:102FE000B1EB900F04D1641CA4B2B879A042EBD825
:102FF000B879A04202D10020BDE8FC87304605F038
:10300000FDFA20B113A0294609F086FF16E0B9F1B8
:10301000FF3F13D000200AE07A8806FB00109308D7
:103020000022114605F07AFEBDF80400401CADF800
:103030000400B879BDF804108842EDD86D1CADB21B
:10304000032DBDD309A0314609F066FF0120D3E767
:10305000A8D501246572726F722065726173652054
:10306000626C6F636B3A25640D0A00006261642034
:10307000626C6F636B20636865636B65643A25649B
:103080000D0A000038B5114D044600206A468DF83F
:10309000000001230021A879604305F01BFD9DF885
:1030A0000000FF2801D0022038BDA87901230021AB
:1030B0006A466043401C05F00DFD9DF80000FF28A6
:1030C00001D0012038BD002038BD0000A8D5012462
:1030D0002DE9F84F91462F4A8A461D469179B0FB5B
:1030E000F1F3B0FBF1F801FB130B404600F0B8F828
:1030F000284907464889B84202D20120BDE8F88F26
:10310000002428E05C4516D3ADB14A88A2EB0A0141
:10311000A94201D28EB200E0AEB24B4607FB00419D
:1031200008FB00405246009605F0D6F8AD1B4FF064
:10313000000AB14405E007FB004108FB004005F030
:10314000ADF930B13846FFF71DFF012000F024F83B
:10315000CBE7641CA4B20F498879A042D2D80D46AF
:10316000A879A04214D1384600F028FA404605F06C
:1031700045FA6A890020696908E031F81040444541
:1031800002D121F8107003E0401C80B28242F4D8D2
:103190000020B3E7A8D50124F8B52A4D0021064642
:1031A0004FF6FF7003E06A6922F81100491C6A8932
:1031B0008A42F8D80020A88104461CE0A87904239C
:1031C00000216A46604305F085FC9DF80000FF2859
:1031D0000CD1B6B1A879012300216A466043401C96
:1031E00005F078FC9DF80000FF280AD016A02146C3
:1031F00009F092FE641C6989A142DFD86A69002047
:1032000016E09DF803109DF8020000EB012069898B
:10321000814202D9696921F81040A889401CA8811F
:10322000E8E732F810308B4201D3E88102E0401C1D
:103230008142F6D8E889642801D20220F8BD002036
:10324000F8BD0000A8D5012462616420626C6F6340
:103250006B20696E6465783A25640D0A00000000F1
:1032600070B5104E104C71892268491E914200D2EF
:10327000216000F001052068294600F017F8411C84
:103280000AD170892168401E884207D929462060EA
:1032900000F00CF8411C01D0206070BD4FF0FF30F1
:1032A00070BD0000A8D50124AC010024F8B5401C75
:1032B0000D4600210400009112D00C4F012626EA91
:1032C0000400A8420AD1B879611E04236A46484323
:1032D000002105F0FFFB0098401C04D0641EEED1D5
:1032E0004FF0FF30F8BD601EF8BD0000A8D50124E6
:1032F000F8B5254E00273C46B78113E02046FFF77E
:10330000C1FE70B9204605F079F938B11FA02146F9
:1033100009F002FE2046FFF735FE02E0B089401CAE
:10332000B081641C7089A042E8D8B1891BA009F063
:10333000F3FDB089642801D20120F8BDC0EB401034
:103340000097642100EB4000B0FBF1F5002410E091
:103350002046FFF797FE58B9B07902236A4619460E
:10336000604305F007FD0098401C0090A84203D080
:10337000641C7089A042EBD80120FFF70DFF0028E4
:10338000DBD00220F8BD0000A8D5012442616420F2
:10339000626C6F636B3A25640D0A0000676F6F649F
:1033A0005F626C6F636B6E756D3A25640D0A000089
:1033B00010B505F04FF900BB184C616911B1002040
:1033C00010F0BAF960894100002010F0C1F9606185
:1033D00061894900FDF78CF8606970B10120FFF741
:1033E000DBFE60B10EA009F097FDFFF781FF90B101
:1033F00011A009F091FD022010BD012010BD6189CE
:1034000012A009F089FDA18916A009F085FDE189C6
:1034100019A009F081FD002010BD0000A8D50124ED
:10342000666F726D6174206E616E6420666C61738C
:10343000682E2E2E0D0A0000666F726D6174206674
:1034400061696C6564210D0A00000000746F74618D
:103450006C20626C6F636B206E756D3A25640D0A8B
:1034600000000000676F6F6420626C6F636B206EFA
:10347000756D3A25640D0A0076616C696420626C92
:103480006F636B206E756D3A25640D0A00000000B5
:103490000549CA89824202D24FF6FF7070474969D6
:1034A00031F8100070470000A8D501242DE9FF5F16
:1034B00000269B461546824679E03F4C6088B0FB6B
:1034C000F5F1A079414301988319B3FBF1F0FFF7BF
:1034D000DFFF6189814203D8012004B0BDE8F09F7D
:1034E000354C6188A479B1FBF5F26243B3FBF2F786
:1034F00002FB17326A43B2FBF1F300FB0437B2FB65
:10350000F1F001FB1028A1EB0800B0FBF5F084B24C
:10351000ABEB0600A04200D284B252461FFA88F1FB
:10352000384604FB05F91FFA89F305F075F90328FD
:1035300009D11FFA89F352461FFA88F1384605F07F
:103540006BF9032804D004282ED068B30220C4E706
:103550001FFA88F14B4652463846FFF7B9FDDFF8AF
:1035600058804FF0FF3198F80600B7FBF0F0FFF7F6
:1035700021FD80B998F806000021B7FBF0F0FFF7B5
:1035800019FD814698F80600B7FBF0F005F036F813
:10359000B9F1000F08D098F80600B7FBF0F0FFF77C
:1035A000F1FC0120FFF7F8FD05FB04AA26445E4567
:1035B00083D3002091E70000A8D5012408B5CC21D1
:1035C0006A4601238DF8001003498979484319465A
:1035D00005F0D0FB08BD0000A8D501242DE9FF4F60
:1035E0000027154685B04FF0FF3B7BE0404C6088DC
:1035F000A179B0FBF5F048430699CB19B3FBF0F085
:10360000FFF746FF61898046414503D8012009B094
:10361000BDE8F08F364A50889279B0FBF5F15143FE
:10362000B3FBF1F401FB143101FB05FABAFBF0F333
:1036300008FB0231BAFBF0F202910899C91B039111
:103640008CB200FB12A9A0EB090080B2B0FBF5F030
:10365000ADF80400844200D304464FF0FF3201A8C5
:10366000009004FB05F61FFA89F10298C6F38F0358
:1036700005F0F8F908B10220C9E7BDF80400B0EB85
:10368000960F0FD1B3B2059A1FFA89F1029805F08F
:1036900095FA38B9C345414620D00846FFF78EFF5A
:1036A000C346D8B11248817940884143A1EB0A0052
:1036B0000399B0FBF5F08CB280B2ADF804008442FF
:1036C00000D30446059A1FFA89F1029804FB05F617
:1036D0003346FFF7FDFC08B1032098E7059827441F
:1036E000304405900898874280D300208FE700007F
:1036F000A8D5012470B5084D00240646082231469D
:1037000005EBC400FCF75FFF10F0FF0002D0641C63
:10371000022CF3DB70BD0000E80000242DE9F04727
:103720002C4F81460026154688463878012805D159
:1037300013460A4628A0494609F0EEFBB9F1450FA9
:1037400048461AD009DC41280FD042280FD0432820
:103750000FD0B9F1440F2BD10DE046280FD04728E8
:103760000FD0B9F1500F23D10DE0234C0EE0234CC4
:103770000CE0234C0AE0234C08E0234C06E0234CE9
:1037800004E0234C02E0302D10D08CB1012101FA6D
:1037900008F188B2302D804610D001220146204623
:1037A00001F09BF8387801280AD00FE008F060FE9D
:1037B000014618A009F0B0FB012607E00022EDE762
:1037C0001DA02B464246494609F0A6FB3046BDE8FF
:1037D000F0870000C80000244C4F473A204750496A
:1037E0004F25632050696E20256420736574207412
:1037F0006F2025640D0A00000000025800040258E2
:1038000000080258000C0258001002580014025818
:10381000001802584552524F523A204572726F7248
:1038200020506F72742047726F7570204E616D6505
:103830002025630D0A0000004C4F473A20475049AD
:103840004F25632050696E20307825782073657489
:1038500020746F2025630D0A0000000070B50D4D27
:103860000024012205A1286A0DF070FA00B9012494
:10387000286A0DF00BF9204670BD0000303A2F6425
:10388000616D65692F6175746F706C61792E7478E4
:10389000740000002C00002470B50D4D002401229E
:1038A00005A1286A0DF052FA00B90124286A0DF02A
:1038B000EDF8204670BD0000303A2F64616D6569F7
:1038C0002F6175746F73746F702E747874000000BC
:1038D0002C00002403490A78824201D1481C704719
:1038E00000207047505D0124002370B5002816DBCE
:1038F0000C4C65686D8A854211DD0B6006E0A66898
:103900000D6836F913605B1C35440D608342F6DBAD
:10391000A368096833F910000123084410601846B1
:1039200070BD000008010024052290FBF2F21F295F
:1039300001D8002007E02039C81701EB90708010F3
:10394000292800D3272002EB820100EBC1000349A4
:103950004968498A814200DC481E704708010024FA
:10396000034900204978C90700D0012070470000B2
:10397000306D0024034A0100B2F9000001D000219B
:10398000118070474801002403460229D05C03D10E
:10399000D118497801EB00207047042101EBC001E8
:1039A000C81701EBD0504012C90500D0401C704729
:1039B0000146C01701EBD0504012C90500D0401C91
:1039C0007047000040F2351110FB01F0024901EB95
:1039D000C000407D70470000306D00242DE9F047A5
:1039E000044640790027154601280E4609D04FF0BD
:1039F000010884F80580022020713068042803D073
:103A00003BE00220BDE8F0874FF003091DBB00F04A
:103A100069FFDFF8D0A0074604E000F063FFC01B99
:103A2000012810D82068406B10EA0A0FF5D1012058
:103A300000F016F92168B069086416E000F052FF42
:103A4000C01B012807D9206940F00800206184F8D4
:103A500004900320D6E72068406B0028EEDB0120AD
:103A600000F0FEF82168B0694864F0692168A84058
:103A70008864306A2168A840C8643069012808D188
:103A80002068826B1F21A9408A437169A9401143B4
:103A900081632068C26B0721B368A9408A433168FB
:103AA0001943F3681943A9401143C16320680168B1
:103AB0004FF48042AA40914301602068016840F6BB
:103AC000FE72AA4091437268AA400A4302602068CD
:103AD0000168C022AA409143016084F8048000205C
:103AE00060718FE70080002070B5040003D020795A
:103AF000002510B105E0012070BD2046657100F081
:103B000007F802202071256101202071002070BD7E
:103B1000104800B587B0016841F0005101600068AD
:103B200000F0005005900B480838016841F0010191
:103B300001600068694600F00100059030200090A7
:103B40000320019000200290034800F0C9FD07B057
:103B500000BD0000E84402580000025818B504688F
:103B600000940068104421B11430009003600020DC
:103B700018BD0830F9E730B54279012A12D0012387
:103B80004371022202710268146803FA01F52C43A2
:103B90001460002901680A6806D0C2F34442012A71
:103BA0000AD00DE0022030BDC2F34402012A07D141
:103BB0004A6842F0010202E04A6842F002024A60AA
:103BC000037100214171084630BD000010B528B1D5
:103BD00090F83510022903D080214165012010BDE5
:103BE0001D4A4FF4956301688C189C4207D8042243
:103BF00080F83520086820F00100086029E00C6892
:103C000024F00E040C6001680A440A6822F00102E4
:103C10000A60016E0A6822F480720A6090F85C30D3
:103C2000012202FA03F10D4B1960D0E919134B6020
:103C3000C16E31B10B6823F480730B60D0E91C13A3
:103C40004B60002180F8341080F83520016D01B1FF
:103C50008847002010BD0000F0FFFDBF045402584B
:103C600070B5044600F03EFE0546601C02D00448D4
:103C70000078044400F036FE401BA042FAD370BD29
:103C8000A001002470B5026E00F12C03456E53F8BC
:103C9000221025B1DC6B04B16D1C002423E001204F
:103CA00070BD0E690E604FF08076CE604E692EB109
:103CB0004E698E60CE6846F00076CE60CE6846F0E3
:103CC0000046CE601E6C1EB1CE6846F08046CE60C7
:103CD0009E6B761EA64205D9521C0C2A00D30C3AC4
:103CE00053F82210641CAC42DBD3006800F580500E
:103CF000C0F828110020986370BD10B500EB810456
:103D0000E46A0AB10C2903D301214167084610BDBA
:103D100022602261E06840F08070E0604BB1A360F7
:103D200040F000706361E06040F00040E06000201F
:103D300010BDE068F8E700297DD00268126802F043
:103D40000C02CA6202681268C2F3001281F82820CD
:103D50000268126802F060024A620268126842F366
:103D60000022521C81F8202002681268C2F340220F
:103D7000CA770268126842F38022521C8A7702686E
:103D80001268C2F3C0224A7702681268C2F3003296
:103D90000A770268126802F400528A6102681268A7
:103DA00002F480424A6102681268C2F300428A74D7
:103DB0000268126842F34042521C4A740268126858
:103DC00042F3C042521C0A7402681268C2F30052E5
:103DD000CA7302681268C2F340528A73026812689A
:103DE000C2F380524A7302681268C2F3C0520A7367
:103DF0000268126802F0E0628A6002681268C2F328
:103E0000C0620A710268126802F0E0420A60026849
:103E10005268C2F30D024A630268526842F30042DC
:103E2000521C81F8322002685268C2F3404281F885
:103E30003120026800E062E05268C2F3804281F8FB
:103E4000302002685268C2F3006281F838200268AC
:103E50005268C2F34462CA630268D268C2F30022A5
:103E600081F840200268D26802F00F024A640268BA
:103E7000126FC2F3400281F854200268126F42F3BD
:103E8000C012521C81F84C200268126F02F07002BE
:103E90000A650268126F120C8A640268D2F89020D8
:103EA00002F0010281F856200268D2F89020C2F395
:103EB000400281F855200268D2F8002D02F072020B
:103EC0008A650268D2F8302D02F02302CA650268C2
:103ED000D2F8302DC2F3C00281F862200268D2F815
:103EE000302DC2F3001281F861200068D0F8300D47
:103EF00040F38010401C81F86000002070470120D2
:103F000070472DE9F043066E00F12C080746406E1D
:103F10000C464FF0000958F8265018B9384600F002
:103F200063F9E8B3002017E0696939B3C4B32969BC
:103F3000216079696160A46894B3696921607969D5
:103F40006160E968761C0C2EC1F30E0900D30C3EAB
:103F5000A468401C58F82650D8F83810491E8142F1
:103F6000E2D8ECB1E868C0F30E01A1EB0900796971
:103F7000814205D32969C4E900100EE02969DDE713
:103F8000696969B12969216079696160A16839B19C
:103F90006A690A607A69801A48600020BDE8F08387
:103FA000FFE70120FAE770B500F12C040D46D4E9D3
:103FB0000D6111B900F018F968B1A06B761E30449C
:103FC0000C2800D30C3854F82000C068C0F30E0051
:103FD0002860002070BD012070BD0000F8B504000D
:103FE00003D094F8710010B104E00120F8BD204620
:103FF00000F05EF9232084F871007148016841F0F7
:1040000002010160006800F002000090207A08B10F
:104010004FF4000002F056FF206800F58050016860
:1040200041F00101016000F05DFCE02605464FF41F
:10403000FA7706E000F056FC401BB84201D9042094
:1040400049E0206800F580500068C007F2D1206880
:10405000D0F8000220F4706501F04AFC59495A4A30
:104060000144914202D245F4007516E05749584A7E
:104070000144914202D245F440750EE05549564A3A
:104080000144914209D3554908445549884202D216
:1040900045F4807501E045F480652068C0F8005261
:1040A00001F026FC4F49B0FBF1F02168401EC1F839
:1040B000DC002046FEF768FA206800F58050D0F852
:1040C000001121F4E01141F40021C0F800116169F0
:1040D000880704D00120606784F8716085E7206854
:1040E00000F58050D0F8082147F6FE739A4342EA63
:1040F0004101C0F8081100210A46E06801EB4103C4
:1041000000EBC30004EB8103491C026004294260F8
:104110008260C2609861F0D3A2620321206800F53A
:104120008050C0F82C112068E16800F58050C0F87C
:1041300014112068E16800F58050C0F820110021BA
:10414000206901EB410300EBC30004EB8103491C30
:1041500002600C2942608260C26002614261D862E2
:10416000EED3E2650B2122666266E266A2662068F3
:1041700000F58050C0F830112068216900F58050AA
:10418000C0F81C112168206901F5805100F5847088
:10419000C1F82801606821688088C1F80003606860
:1041A0000178D0F8010041EA00202168C1F8040339
:1041B0006267102084F8710084F872000020F8BD56
:1041C000F444025800D3CEFEC0E1E40040F1E9FD22
:1041D00040787D0100796CFC005A6202001F0AFAE7
:1041E00080F0FA0240420F00F0B5C16D2C3000257E
:1041F0002C462B46866B50F8212036B30020F0BDAC
:104200006D1CD60019D5641C012C00D10B46491C2D
:104210000C2900D30C3950F82120D268002A07DB82
:10422000520005D50122C263491C0C2900D30C3968
:10423000303080E81A000120F0BD920013D501242F
:104240000B46491C11E050F82120D268002A01DBFE
:104250000C2DD5D34CB350F8232000214FF080769D
:104260004FF040771FE0491C641C0C29EBD30C393C
:10427000E9E715691560D66055690DB19560D7609D
:10428000D56845F00045D560D0F840C0BCF1000FBE
:1042900002D045F08045D5605B1C0C2B00D30C3B55
:1042A000491C50F82320A142E3D300218163A5E7F4
:1042B0002C4800B587B0016841F001010160016838
:1042C00001F001010591016841F0040101600168FC
:1042D00001F004010591016841F0400101600068AE
:1042E00000F0400005901F480838016841F4004183
:1042F0000160016801F400410591016841F48031D9
:104300000160016801F480310591016841F40031D8
:1043100001600068002100F40030059086200090C4
:104320000220CDE9010103900B20049069460E485C
:1043300000F0D6F9322000900C48694600F0D0F920
:104340004FF4605000900A48694600F0C9F9002215
:1043500002213D2000F02AFC3D2000F019FC07B0AE
:1043600000BD0000E0440258000002580008025856
:10437000000402582DE9F041044600681F46D0F8B9
:104380000032DB0718D1D0F8003223F0787343EA0B
:10439000415121F4F81141EA024141F00D01C0F808
:1043A000001200F09FFA4FF47A76054607E000F01D
:1043B00099FA401BB04202D90120BDE8F081206883
:1043C000D0F80002C007F2D12068D0F8040280B211
:1043D00038600020F1E710B519B190F87220102A6A
:1043E00001D0012010BDFEF7EFFA002010BD000043
:1043F00070B505460068D0F8000220F4706401F042
:1044000077FA1149114A0144914202D244F40074EE
:1044100016E00F490F4A0144914202D244F440741D
:104420000EE00D490D4A0144914209D30C4908445C
:104430000C49884202D244F4807401E044F4806460
:104440002868C0F8004270BD00D3CEFEC0E1E40091
:1044500040F1E9FD40787D0100796CFC005A620270
:10446000001F0AFA80F0FA0210B590F871300021AE
:10447000C26A102B01D0012010BD232380F87130B7
:104480000023D468491C0C2944F08044D46000D334
:104490000C395B1C00EB81020C2BD26AF1D3012199
:1044A000C16601680A6842F002020A6001680A688F
:1044B00042F001020A600168D1F8002D42F00102C9
:1044C000C1F8002D016801F58051D1F8042142F0B6
:1044D0000102C1F80421016801F58051D1F80821D9
:1044E00042F00102C1F80821016801F58051D1F8BC
:1044F000602142F48172C1F86021102180F87110AE
:10450000222180F87210006800F58050D0F8341134
:104510004DF241021143C0F83411002010BD10B516
:1045200090F87110C26AE9B3232180F87110016814
:1045300001F58051D1F8343148F24104A343C1F868
:104540003431016801F58051D1F8043123F00103C1
:10455000C1F80431016801F58051D1F8083123F028
:104560000103C1F8083101680B6823F001030B60F7
:104570000168D1F8003D43F00103C1F8003D016836
:104580000B6823F002030B600021D368491C0C293F
:1045900023F08043D360F8D30021C166102180F856
:1045A000711000E003E080F87210002010BD0120BF
:1045B00010BD2DE9F0411546044621B194F8710073
:1045C000102804D04FE0606F40F0010007E00022A7
:1045D0002046FEF745F820B1606F40F002006067AA
:1045E00041E0A06A04EB8001401C04288E69A062AF
:1045F00001D3001FA06204EB80008169206800F5F0
:104600008050C0F8201100F06DF907464FF01008F7
:104610001AE0206800F58050D0F86001C0040BD586
:10462000606F40F008006067206800F58050D0F8A7
:104630006001A067E02014E0681C05D000F052F98A
:10464000C01BA84208D83DB1F0680028E1DB84F81F
:1046500071800020BDE8F081606F40F00400606769
:10466000404684F871000120F4E7000070B505466B
:104670000068D0F80042E4071FD1D0F8000220F013
:10468000787040EA4150114920F4F81040EA0240A5
:1046900020F00C00001D9AB2C1F8042240F0010085
:1046A000C1F8000200F01EF94FF47A76044606E0E5
:1046B00000F018F9001BB04201D9012070BD286834
:1046C000D0F80002C007F3D170BD000000800240A6
:1046D0000248016841F00101016070472004005860
:1046E0002DE9F84F6C4C00224FF0B04A4FF0010B0F
:1046F0004FF0030E4FF00F090B680BFA02F73B4027
:10470000BB4270D14D68022D01D0122D12D1D508B7
:1047100000EB850CDCF820605507ED0E09FA05F872
:1047200026EA0806D1F8108008FA05F848EA0608D3
:10473000CCF82080D0F80080560091F804C00EFA22
:1047400006F50CF0030C28EA05080CFA06FC4CEA06
:10475000080CC0F800C0D1F804C0BCF1010F08D0AB
:10476000BCF1020F05D0BCF1110F02D0BCF1120F49
:1047700016D1D0F808C0D1F80C802CEA050C08FA44
:1047800006F848EA0C08C0F80880D0F804C02CEA03
:10479000070C0F79C7F30017974047EA0C074760EB
:1047A000C768AF438D68B5403D43C5604D68ED00B7
:1047B0006BD53A4D2E6846F002062E602D6822F029
:1047C000030606F1B04605F002050095D6F808C4C8
:1047D00095072F0F09FA07F52CEA050C304DA84272
:1047E00002D100252EE050E02E4DA84201D1012536
:1047F00028E02D4DA84201D1022523E02B4DA842EF
:1048000001D103251EE02A4DA84201D1042519E05B
:10481000284DA84201D1052514E0274DA84201D119
:1048200006250FE0254DA84201D107250AE0244DB9
:10483000A84201D1082505E0224DA84201D1092551
:1048400000E00A25BD4045EA0C05C6F80854256875
:104850004E689D43F60300D51D43256065684E688C
:104860009D43B60300D51D436560DAF800505646F7
:104870004F689D43FF0200D51D43356075684F6842
:104880009D43BF0200D51D437560521C102AFFF4E2
:1048900033AFBDE8F88F000080000058F4440258A0
:1048A000000002580004025800080258000C025888
:1048B000001002580014025800180258001C025838
:1048C00000200258002402580069084000D001204E
:1048D000704742694A40426170470AB1018370479C
:1048E000418370470148806870470000A0010024A0
:1048F000024881680278114481607047A001002459
:10490000032010B500F072F90F2000F007F808B18D
:10491000012010BD00F06CF8002010BD70B50D4DE9
:1049200004464FF47A712878B1FBF0F00A4909681F
:10493000B1FBF0F002F0DCFA48B9102C07D20022EB
:104940002146501E00F032F900206C6070BD01203D
:1049500070BD0000A001002424000024134A417807
:104960001160111D03780A1DE3B143680B60017BE0
:10497000C37A090741EA0361837A41EAC341437B71
:1049800041EA8341837B41EA4341C37B41EA0341DE
:10499000437A41EA0321037A007841EA4301014363
:1049A00011607047002008601060704798ED00E0CB
:1049B000BFF35F8F0448016821F480310160024930
:1049C000002070310860704724ED00E0074940F096
:1049D0000100086005487038016841F480310160C9
:1049E000BFF34F8FBFF36F8F7047000094ED00E06F
:1049F0007047000070B5040015460E4603D094F8C9
:104A0000210010B107E0012070BD002084F82000D3
:104A1000204600F01FF82068211DFEF79BFAD4E91C
:104A200000023146FEF788FAD4E900022946FEF773
:104A300075FA2068016841F00401016004480168CA
:104A400041F000410160012084F82100002070BD88
:104A5000004000522848F0B5016887B041F4805109
:104A60000160006800F48050059023480C30016814
:104A700041F008010160016801F008010591016839
:104A800041F010010160016801F010010591016819
:104A900041F0040101600068002402AA174F00F0F1
:104AA0000400059040206946CDE90004012003255B
:104AB000092682E861003846FFF712FE01AA69461E
:104AC0004FF480700090022082E871003846FFF7B2
:104AD00007FE0C2004904DF633000090084869460C
:104AE0000294FFF7FDFD4FF4F06000900548694621
:104AF000FFF7F6FD07B0F0BDD44402580008025895
:104B0000000C0258001002587CB50023009301935A
:104B100090F82020012A28D0012580F8205090F814
:104B20002120022A21D0EA07022480F82140164CD5
:104B300090262670BFF34F8F144C2370BFF34F8F16
:104B4000C468A4B114680094126901920C70009AB0
:104B5000120C4A70019A8A70019A120CCA7080F87D
:104B6000215080F8203000207CBD02207CBD1268DE
:104B700000920A70009A120A4A70009A120C8A7007
:104B8000009A120EEAE70000000001800000028097
:104B9000002809DB012100F01F029140400980003C
:104BA00000F1E020C0F80011704700000E4BF0B497
:104BB0001B68C3F30223C3F10704042C00D90424A7
:104BC0001D1D072D01D2002300E0DB1E012606FA81
:104BD00004F56D1E0D409D409E40761E164045EA30
:104BE0000601F0BC08F0CCB90CED00E0064A00F07C
:104BF000070110684FF6FF03184040EA01200349FF
:104C000008431060704700000CED00E00000FA055A
:104C100010B500F0B3FE084909684FF4807292FAAB
:104C2000A2F201F47061B2FA82F2D140034A515CFF
:104C3000C8400349086010BD1844025804700108B8
:104C40002400002410B500F053FE07490968102223
:104C500092FAA2F201F07001B2FA82F2D140034A54
:104C6000515CC84010BD0000204402580470010887
:104C7000364930B50A68096812F00302344BC1F3B3
:104C800005311B68334C03F010032468DFED320A52
:104C9000B7EE001AC4F3CC0414FB03F300EE103A91
:104CA0002E4BB8EE400A07D02D4C012A01D0022A23
:104CB0004AD0B4FBF1F10BE0244C283C2268950665
:104CC000284A03D52468C4F3C104E240B2FBF1F1E1
:104CD00001EE901A1968B8EE612AC1F3080101EEDD
:104CE000901A1968F8EE611A40EE201A31EE810A26
:104CF00022EE000AC1F34621491C00EE901AF8EE9C
:104D0000600A80EE201AFCEEC10AC0ED000A1968A4
:104D1000C1F30641491C00EE901AF8EE600A80EEDD
:104D2000201AFCEEC10AC0ED010A1968C1F3066140
:104D3000491C00EE901AF8EE600A80EE201ABCEED4
:104D4000C10A80ED020A30BD074ABFE72844025875
:104D50002C4402583C4402580000003938440258A0
:104D600000093D000090D00340787D01364930B500
:104D70000A68096812F00302344BC1F305511B683D
:104D8000334C03F480732468DFED320AB7EE001A67
:104D9000C4F3CC0414FB03F300EE103A2E4BB8EE30
:104DA000400A07D02D4C012A01D0022A4AD0B4FB78
:104DB000F1F10BE0244C283C22689506284A03D5E3
:104DC0002468C4F3C104E240B2FBF1F101EE901A91
:104DD0001968B8EE612AC1F3080101EE901A19684A
:104DE000F8EE611A40EE201A31EE810A22EE000A36
:104DF000C1F34621491C00EE901AF8EE600A80EEDD
:104E0000201AFCEEC10AC0ED000A1968C1F3064180
:104E1000491C00EE901AF8EE600A80EE201AFCEEB3
:104E2000C10AC0ED010A1968C1F30661491C00EE10
:104E3000901AF8EE600A80EE201ABCEEC10A80EDEE
:104E4000020A30BD074ABFE7284402582C440258E2
:104E500044440258000000394044025800093D0013
:104E60000090D00340787D012DE9F84F044600689A
:104E700000252E46010104F12400FE4FDFF8F883DF
:104E800000901DD5606E50B1B0F5801F0CD0B0F50C
:104E9000001F0ED0B0F5401F1DD001250FE038686F
:104EA00040F40030386016E00221201D05F0EEFCD1
:104EB00003E00098022105F061FD05000BD02E46AD
:104EC0002088C00523D5606D05281ED2DFE800F0DC
:104ED0000C11161B1B00D8F80010626E21F4401153
:104EE0001143C8F80010EBE7386840F40030386030
:104EF00009E00021201D05F0C9FC03E00098002115
:104F000005F03CFD05466DB100E001252E432088EB
:104F1000800528D5A06D80281ED00CDC90B14028DB
:104F20000ED114E0D8F80010626D21F00701114392
:104F3000C8F80010EBE7C02813D0B0F5807F10D080
:104F400001250FE0386840F40030386009E00021A6
:104F5000201D05F09BFC03E00098002105F00EFDEC
:104F6000054685B12E432088DFF8109340052CD5E7
:104F7000D4F8A400B0F5800F20D00DDCA0B1B0F5BE
:104F8000001F0FD115E0D8F80010A26D21F4E071D8
:104F90001143C8F80010E6E7B0F5C00F13D0B0F524
:104FA000000F10D001250FE0386840F40030386061
:104FB00009E00021201D05F069FC03E000980021B4
:104FC00005F0DCFC054675B12E43208800052DD583
:104FD000D4F8A800B0F1007F21D00EDCA8B1B0F168
:104FE000807F10D116E0D9F80010D4F8A42021F465
:104FF00060011143C9F80010E7E7B0F1407F13D01A
:10500000B0F1806F10D001250FE0386840F4003017
:10501000386009E00021201D05F038FC03E000980D
:10502000002105F0ABFC05466DB12E4320688001E0
:105030001FD5A06CD8B110280FD0202812D030284E
:1050400015D0012514E0D9F80010D4F8A82021F0DB
:10505000E0611143C9F80010E8E7386840F4003017
:10506000386004E00221201D05F010FC05466DB1FA
:105070002E432088C0042BD5E06DB0F5005F20D012
:105080000DDCA0B1B0F5805F0FD115E07A48001FAC
:105090000168A26C21F0300111430160E9E7B0F52D
:1050A000405F13D0B0F5804F10D001250FE0386875
:1050B00040F40030386009E00021201D05F0E6FBD7
:1050C00003E00098002105F059FC054685B12E4308
:1050D0002088800429D5206EB0F5403F23D010DC15
:1050E00008B3B0F5803F14D0B0F5003F0FD115E004
:1050F000D8F80010E26D21F4E0411143C8F8001027
:10510000E6E7B0F5802F0ED0B0F5A02F0BD001252B
:105110000AE00121201D05F0B9FB03E00098012100
:1051200005F02CFC05468DB12E43208840042AD57D
:10513000D4F8AC00B0F1405F23D010DC08B3B0F17C
:10514000805F14D0B0F1005F0FD115E0D8F80010E7
:10515000226E21F4E0211143C8F80010E5E7B0F118
:10516000804F0ED0B0F1A04F0BD001250AE00121F5
:10517000201D05F08BFB03E00098012105F0FEFBEC
:1051800005466DB12E43208800041FD5E06ED8B1CE
:10519000B0F1805F0ED0B0F1005F10D0012514E0B7
:1051A000D9F80010D4F8AC2021F0E0411143C9F83F
:1051B0000010E8E7386840F40030386004E001216E
:1051C000201D05F063FB05466DB12E432068C0012C
:1051D0001ED5606CD0B101280ED0022811D0032852
:1051E00014D0012513E0D8F80010E26E21F04051F0
:1051F0001143C8F80010E9E7386840F4003038601F
:1052000004E00221201D05F041FB054675B12E4347
:105210002068DFF86CB040025AD51A48016841F4A2
:1052200080710160FFF75EFB82460EE01248001FAE
:105230000168626C21F0030111430160E8E7FFF7A8
:1052400051FBA0EB0A0064283AD80E480068C0055C
:10525000F5D5B5BB094818300068B4F8B01000F4B3
:10526000407001F44071884219D004481830016838
:105270000AE000002C440258504402585844025896
:105280001044025800480258026821F4407142F468
:1052900080320260026822F4803202600160D4F839
:1052A000B000B0F5807F22D1FFF71CFB824609E0F9
:1052B000FFF718FBA0EB0A0141F28830814201D9C7
:1052C000032504E0FE4800688007F1D57DB12E4338
:1052D0002078DFF8F0A3C0073CD0A06F182837D0A3
:1052E00025DC78B3082828D0102824D12BE0D4F866
:1052F000B000C0F3012103290ED0DBF8001021F427
:105300007C51CBF80010EE480168B4F8B020C2F32D
:105310000B0211430160DBE7DBF80020EA4B22F4CB
:105320007C5203EA10100243CBF80020EBE7202860
:105330000ED028280CD001250BE00121201D05F0FE
:10534000A5FA04E004E00098012105F017FB0546EA
:105350005DB12E43207880071ED5606F062819D2D4
:10536000DFE800F0160C11161616DAF80010A26F1E
:1053700021F038011143CAF80010EBE70121201D8C
:1053800005F084FA03E00098012105F0F7FA0546DC
:1053900075B100E001252E43207840071FD5D4F8D1
:1053A0009000062819D2DFE800F0160C1116161628
:1053B000DAF80010626F21F007011143CAF80010FB
:1053C000EAE70121201D05F061FA03E000980121C0
:1053D00005F0D4FA05469DB100E001252E43207862
:1053E00080062BD5D4F88C00B0F1405F24D011DCBE
:1053F00010B3B0F1805F15D0B0F1005F10D116E0AE
:10540000D9F80010D4F8902021F007011143C9F811
:105410000010E4E7B0F1804F0ED0B0F1A04F0BD0F8
:1054200001250AE00021201D05F030FA03E0009874
:10543000022105F0A3FA05468DB12E4320784006DF
:105440002BD5D4F89800B0F5406F24D011DC10B300
:10545000B0F5806F15D0B0F5006F10D116E0DAF816
:105460000010D4F88C2021F0E0411143CAF800105C
:10547000E4E7B0F5805F0ED0B0F5A05F0BD001255A
:105480000AE00021201D05F001FA03E00098022146
:1054900005F074FA05468DB12E43207800062BD511
:1054A000D4F89C00B0F5C04F24D011DC10B3B0F597
:1054B000005F15D0B0F5804F10D116E0D9F800107C
:1054C000D4F8982021F4E0511143C9F80010E4E722
:1054D000B0F5004F0ED0B0F5204F0BD001250AE0FB
:1054E0000021201D05F0D2F903E00098022105F00B
:1054F00045FA054665B32E43207800070BD5D4F84E
:105500008000B0F5805F2DD0DAF8002022F4405200
:105510000243CAF800202078C0060BD5D4F89400C6
:10552000B0F5807F24D0D9F8002022F440720243E5
:10553000C9F80020206800032CD5D4F8A000E8B1F9
:10554000B0F5803F1FD0B0F5003F21D0012520E00D
:10555000D9F80010D4F89C2021F460411143C9F817
:105560000010C9E70098022105F008FA0643D2E7C7
:105570000098022105F002FA0643DBE70021201D16
:1055800005F084F903E00098022105F0F7F90546DB
:1055900085B12E432068400322D5D4F88400B0F5AD
:1055A000801F11D0B0F5001F13D0B0F5401F15D0EB
:1055B000012514E0D9F80010D4F8A02021F44031DE
:1055C0001143C9F80010E5E7386840F4003038604E
:1055D00004E00098012105F0D1F9054655B12E43AC
:1055E0002068C0031CD5E06C70B1B0F5803F10D0CE
:1055F000012514E0DAF80010D4F8842021F44011D9
:105600001143CAF80010EBE7386840F40030386006
:1056100004E00221201D05F039F90546C5B12E43ED
:105620002068800004D50098022105F0A7F9064300
:10563000206880031BD5E06FB8B1B0F5807F10D033
:10564000B0F5007F11D0B0F5407F0ED001250DE000
:105650001C4808380168E26C21F480311143016074
:10566000DEE7386840F40030386045B32E432068E8
:10567000C00207D5D8F80000226F20F00040104388
:10568000C8F800002068C00008D5DBF80010D4F886
:10569000B42021F480411143CBF80010206880022F
:1056A00007D5D8F80010A26E21F080711143C8F818
:1056B00000102068400014D5DBF8001006E01EE062
:1056C0007044025854440258CFFFFF0021F40041B7
:1056D000CBF80010DBF80010D4F8B8201143CBF859
:1056E00000102068002806DA0A480168226D21F0BF
:1056F0004051114301605EB10120BDE8F88FDAF836
:105700000010E26F21F440711143CAF80010AEE7B7
:105710000020F2E74C4402582DE9F047DFF8BC9135
:1057200004460E46D9F8000000F00700B0420CD243
:10573000D9F8001021F007013143C9F80010D9F859
:10574000000000F00700B0427ED12078DFF89081A1
:10575000800707D5D8F80010E26821F00F01114347
:10576000C8F800102078C00762D0D8F80010A268EE
:1057700021F470611143C8F8001059496068183964
:1057800002281CD003281DD0096801281DD0490714
:10579000002960DA524F083F396821F007010143C0
:1057A0003960FFF79FF80546606841F288310228AA
:1057B00013D003281ED001288A4627D034E0096878
:1057C0008903E5E709688901E2E7C905E0E7FFF732
:1057D00089F8411B514501D923E08A463868C0F356
:1057E000C2000228F3D123E0FFF77CF8411B5145AA
:1057F00001D916E08A463868C0F3C2000328F3D105
:1058000016E0FFF76FF8411B51450AD83868C0F31E
:10581000C2000128F5D10BE0FFF764F8411B5145A8
:1058200002D90320BDE8F087386810F0380FF3D1B3
:10583000D9F80010484601F00701B1420DD90168BE
:1058400021F00701314300E005E00160006800F04D
:105850000700B04201D00120E4E72078400707D5D7
:10586000D8F80010226921F070011143C8F8001027
:10587000207801071B4805D50168626921F0700195
:10588000114301602178C90605D50168A26921F498
:10589000E061114301602078800607D51149091D98
:1058A0000868E26920F070001043086000F066F8B4
:1058B000D8F800104FF4807292FAA2F201F47061ED
:1058C000B2FA82F2D140084A515CC84007490860E8
:1058D0000F20FFF723F80020A4E70000002000526B
:1058E000184402581C440258047001082400002483
:1058F00010B5FFF78DF908490968012292FAA2F262
:1059000001F00F01B2FA82F2D140044A515CC84062
:105910000349086010BD00001844025804700108D3
:105920002800002410B5FFF7E3FF0749096810229B
:1059300092FAA2F201F07001B2FA82F2D140034A67
:10594000515CC84010BD00001C440258047001089E
:1059500010B5FFF7CDFF074909684FF4807292FA3E
:10596000A2F201F4E061B2FA82F2D140024A515C43
:10597000C84010BD1C440258047001083548F0B5F9
:105980000068364D10F03801334809D00411082959
:1059900004D0334E10290BD018290BD02046F0BD6F
:1059A00029688906FBD52968C1F3C101C840F0BD4B
:1059B0003046F0BD274918310A68096812F0030221
:1059C000284BC1F305111B68274F03F001033F6803
:1059D000DFED260AB7EE001AC7F3CC0717FB03F377
:1059E00000EE103A224BB8EE400A06D0012A01D050
:1059F000022A2BD0B4FBF1F008E02A68920603D506
:105A00002A68C2F3C102D040B0FBF1F001EE900A67
:105A10001868B8EE612AC0F3080001EE900A186811
:105A2000F8EE611A40EE201A31EE810A22EE000AE9
:105A3000C0F34620401C00EE900AF8EE600A80EEAB
:105A4000201ABCEEC10A10EE100AF0BDB6FBF1F050
:105A5000DCE70000104402580090D00300440258D4
:105A600040787D012C44025834440258000000392B
:105A7000304402582DE9F05F04460078DFF8FC83DB
:105A800041F28839DFF8F8A3FE4DC0074ED0D8F8B0
:105A900000104046C1F3C20102291AD00068C0F3C9
:105AA000C200032805D1DAF8000000F00300022844
:105AB0000FD06068B0F5803F12D010B1B0F5A02FC4
:105AC00019D0286820F480302860286820F48020CD
:105AD00009E02868800329D56068002874D025E093
:105AE000286840F480302860606890B1FEF7FAFEC4
:105AF00006464F4609E0286840F480202860EFE71A
:105B0000FEF7F0FE801BB8427DD828688003F7D5E9
:105B10000CE0FEF7E7FE06464F4604E0FEF7E2FE25
:105B2000801BB842F0D828688003F7D42078D64F7D
:105B300080075AD5D8F8001040464FF47C3B11F04E
:105B4000380F13D00068C0F3C200032803D1DAF87D
:105B5000000080070AD0E068A8B3296821F0190185
:105B600001432960FEF7BEFE06461DE02868400797
:105B700002D5E0680028B1D02868E16820F019005B
:105B800008432860FEF7AEFE064604E0FEF7AAFED4
:105B9000801B0228B8D828684007F7D507E0FEF731
:105BA000A1FE801B0228AFD828684007F7D53868C7
:105BB0009BFAABF220F47C312069B2FA82F2904079
:105BC0000143396011E000E0AEE0286820F00100F8
:105BD0002860FEF787FE064604E0FEF783FE801B82
:105BE000022891D828684007F7D42078C00655D5F8
:105BF000D8F8001040464FF0F84BC1F3C20101291C
:105C000017D0006800E0EDE0C0F3C200032805D122
:105C1000DAF8000000F0030001280AD0E06900284B
:105C200028682CD040F080002860FEF75BFE064616
:105C300016E02868C00502D5E069802874D138686C
:105C40009BFAABF220F0F841206AB2FA82F290405F
:105C50000143396022E0FEF745FE801B022899D8F7
:105C60002868C005F7D538689BFAABF2216AB2FA0A
:105C700082F220F0F8409140084338600EE020F0B6
:105C800080002860FEF72EFE064604E0FEF72AFE9E
:105C9000801B022887D82868C005F7D42078000721
:105CA00024D5774F60694C37002838680FD040F012
:105CB00001003860FEF716FE064604E0FEF712FE0D
:105CC000801B02288DD838688007F7D50EE020F0B9
:105CD00001003860FEF706FE064604E0FEF702FE0D
:105CE000801B02287ED838688007F7D42078800689
:105CF00023D5A069002828680FD040F48050286080
:105D0000FEF7F0FD064604E0FEF7ECFD801B0228DE
:105D100068D828688004F7D50FE020F48050286008
:105D2000FEF7E0FD064605E0D6E0FEF7DBFD801B52
:105D3000022857D828688004F7D42078400744D533
:105D4000524F386840F480703860FEF7CBFD06464D
:105D500004E0FEF7C7FD801B642843D83868C005FF
:105D6000F7D5474FA068483701280AD008B1052861
:105D700011D0386820F001003860386820F0040045
:105D800002E0386840F001003860A06888B1FEF792
:105D9000A9FD064609E0386840F004003860F0E7E5
:105DA000FEF7A0FD811B49451CD838688007F7D550
:105DB0000BE0FEF797FD064604E0FEF793FD811B1E
:105DC00049450FD838688007F7D4606AF0B3D8F82F
:105DD0000010C1F3C20103297ED00228286820F0F8
:105DE000807000E079E0286003D0FEF77BFD044678
:105DF00087E0FEF777FD064604E0FEF773FD801BA3
:105E000002287BD828688001F7D4DAF8001040F225
:105E1000F3329143E26A41EA0211A26A1143CAF8DD
:105E2000001094F834004FF4FE02218E4002491E07
:105E3000A0F5007080B2C1F308010843218F491E0C
:105E400002EA0141084394F83C1000E05CE0491E7E
:105E5000120202EA016108430949083108600B1D7A
:105E600019684FF6F872A06C914392FAA2F2B2FA56
:105E700082F2904001431960014809E01044025841
:105E8000284402580044025804440258004802586A
:105E9000001D0168226C21F00C01114301600168B2
:105EA000626C21F0020111430160016841F480310C
:105EB0000160016841F400310160016841F4802112
:105EC0000160016841F001010160286840F08070C4
:105ED0002860FEF707FD01E018E00FE0044604E04B
:105EE000FEF700FD001B022808D828688001F7D5BE
:105EF0000AE0FEF7F7FC001B022802D90320BDE8E8
:105F0000F09F28688001F4D40020F8E70120F6E72C
:105F10002DE9FC4104460D46032084F83000A06BB7
:105F200003285BD0B5F5004F58D00026B5F5804F5B
:105F30004FF400674FF0806804D005B3606B40F009
:105F400000603FE0009600210196206805F020F9EE
:105F500080011CD46946204605F064F970BB0198A5
:105F600040032DD5B4F844000104206804F0C8FDB6
:105F700020BB206802211DE0606B304322E00096C8
:105F800000210196206805F003F9800101D53E4605
:105F9000F2E76946204605F045F978B90198C00353
:105FA0000ED5B4F844000104206804F0A9FD28B916
:105FB0002068002104F0EBFD0028DDD00646DBE779
:105FC0004646D9E76063606B012658B121681348E3
:105FD000886384F830600120BDE8FC81606B40F08C
:105FE0008050EFE72B46D4E90450D4E9017204282D
:105FF00007D2A16DB1F5007F03D0B1F5807F0AD043
:1060000004203946CDE90050206805F0C5F884F831
:1060100030600020E0E70220F3E70000FF0FE01F00
:10602000F0B5C26D920F0A70C26DC2F383624A70FE
:10603000C26DC2F301628A70C26D120CCA70B0F8F0
:106040005C20120A0A7190F85C204A71026E120DEF
:10605000CA80026EC2F303420A72B0F86020C2F333
:10606000C0324A72B0F86020C2F380328A72B0F84F
:106070006020C2F34032CA72B0F86020C2F300322E
:106080000A7300264E73836B01244FF4007563B1CD
:10609000012B3AD0026850499163416B41F0805125
:1060A000416380F830400120F0BDB0F86020436EBD
:1060B0009205120D42EA93720A61426EC2F3C26205
:1060C0000A75426EC2F302624A75426EC2F34252D0
:1060D0008A75426EC2F38242CA75426EC2F3C23200
:1060E0000A760B695B1C83640A7E02F00702921C2D
:1060F000934083640A7A02F00F0704FA07F2C2643D
:10610000520A5343C0E914350EE090F86020436E04
:106110009206920A42EA13420A610A69521C9302E9
:106120008364C0E913534565B0F86420C2F380323C
:106130004A76B0F86420C2F3C6128A7690F86420DA
:1061400002F07F02CA76826ED20F0A77826EC2F3A5
:1061500041724A77826EC2F382628A77826EC2F39C
:106160008352CA77826EC2F3405281F8202081F8B0
:106170002160826EC2F3004281F82220B0F86820CC
:10618000C2F3C03281F82320B0F86820C2F3803215
:1061900081F82420B0F86820C2F3403281F825202D
:1061A000B0F86820C2F3003281F82620B0F86820E9
:1061B000C2F3812281F82720B0F86820C2F30122BF
:1061C00081F8282090F86800C0F3460081F8290083
:1061D00081F82A400020F0BDFF0FE01F826B0A60AB
:1061E000C26B4A60026C8A60426CCA60826C0A614F
:1061F000C26C4A61026D8A61406DC86100207047BF
:1062000038B5002504460095B0F844000104206824
:1062100004F0CCFD28B92068002104F0B9FF0090FB
:10622000284610B1616B014361630098C0F34320BD
:1062300038BD000030B591B00C460546694605F002
:1062400095F950B12A6821499163696B01436963EB
:10625000012085F8300011B030BD0098C0F38110E6
:1062600020700098C0F34010607000994FF47F4098
:10627000009A00EA112141EA12616180019909BA8C
:106280006160029921720299090A61720299C1F34F
:106290000351A172029900EA11400399C9B208435F
:1062A000A0810398C0F38520A0730398C0F3012058
:1062B000E0730398C0F303102074039800F00F00FC
:1062C00060740498000EA0740020C4E7FF0FE01F64
:1062D000F0B5040085B036D094F83000002618B927
:1062E0002046267600F070F8032084F8300020461F
:1062F00000F048F838BB69462046FFF79BFF10BB0B
:106300009DF810009DF811104FF40075A26B6F10EE
:10631000012A06D0A6652046E168FFF7F9FD90B98D
:1063200005E0084301D0A565F5E7A765F3E7A06D93
:10633000A84204D0B84202D0A06B012806D1204662
:1063400004F0DEFF10B1012005B0F0BDFEF7CAFA7F
:106350000127054604E0FEF7C5FA401B401C0AD0A1
:106360002046FFF74DFF0428F5D16663E66284F806
:1063700030700020E8E74FF00040606384F8307030
:106380000320E1E77CB50446FA2000210B460A46CB
:10639000CDE90010206804F0FFFE18B9206804F071
:1063A0000BFF08B101207CBD204605F093F80125C4
:1063B00020B9204605F024F80028F4D084F83050A5
:1063C000616B01436163EDE72DE9F0418CB0044658
:1063D000142105A8FAF78CF84C4A022521680024FC
:1063E0004B480326DFF82C8191423AD148490C39B9
:1063F0000A6842F480320A60096801F48031009131
:10640000016841F004010160016801F0040100919C
:10641000016841F008010160006807AA0C2700F03C
:10642000080000904FF4F850CDE9050582E8D0004F
:10643000394805A9FEF754F9042007AACDE9050556
:1064400005A9404682E8D000FEF74AF90022312033
:106450001146FEF7ABFB3120FEF79AFB0CB0BDE80E
:10646000F0812E4A9142F9D12949091F0A6842F464
:1064700000720A60096801F400710A91016841F034
:1064800001010160016801F001010A91016841F018
:1064900002010160016801F002010A91016841F006
:1064A00008010160006802AA0927694600F0080097
:1064B0000A900120CDE9000582E8D0001848FEF7D7
:1064C0000FF902AA4CF21800CDE9000515486946FB
:1064D00082E8D000FEF704F948200294CDE90005D7
:1064E0000B206946CDE903604046FEF7F9F800222B
:1064F0007C201146FEF75AFB7C20FEF749FB002268
:106500000E21501EFEF752FBA8E70000007000525B
:10651000E0440258000C02580008025800240248C7
:1065200000000258000402582DE9F04F87B0994648
:1065300015460E460446DDF840A0FEF7D3F9834623
:106540003EB194F83000012807D0606B40F0005055
:106550000DE0606B40F0006009E000206063226D98
:1065600005EB0901914204D9606B40F00070606353
:106570008CE0032184F8301021680020C862A06BF1
:10658000012800D06D0220684FF4007104F0E7FA92
:10659000DFF83081012730B12268C2F83880616BA2
:1065A0000143616370E04FF0FF3000904FEA4920F3
:1065B000019090200290022003900020049005900A
:1065C0006946206804F0AFFC2068C16841F04001D2
:1065D000C160B9F1010F06D90220E06220682946A6
:1065E00004F052FB04E0E7622946206804F065FBF2
:1065F0000028D1D11AE0406B00040ED50025206898
:1066000004F0E4FD010A30707170010C000EB170ED
:106610006D1CF070361D082DF1D3FEF763F9A0EB69
:106620000B01514523D2BAF1000F20D02068416BF5
:1066300011F4957FDFD0C16821F04001C16020686E
:10664000416BC90509D5B9F1010F06D9A16B032921
:1066500003D004F0F7FB00289ED12068416B0907A6
:1066600016D5C0F83880606B40F0080021E0216842
:10667000C1F83880606B40F00040606384F830708F
:10668000032007B0BDE8F08F84F830700120F8E7F0
:10669000416B890705D5C0F83880606B40F0020077
:1066A00007E0416B890606D5C0F83880606B40F082
:1066B00020006063E8E70449816384F830700020BB
:1066C000DFE70000FF0FE01F3A0F00182DE9F04F41
:1066D00089B09A4615460E460446DDF848B0FEF7E6
:1066E00001F907903EB194F83000012807D0606BA3
:1066F00040F000500DE0606B40F0006009E00027C2
:106700006763216D05EB0A00884204D9606B40F095
:106710000070606340E0032084F830002068C762A6
:10672000A06B012800D06D0220684FF4007104F0C6
:1067300016FADFF8489100284FF0010869D1401E91
:1067400000904FEA4A20019090200497CDE902077B
:1067500005976946206804F0E6FB2068C16841F0AF
:106760004001C160BAF1010F06D92020E062206823
:10677000294604F0A6FB05E01020E06220682946C7
:1067800004F0B8FB07002ED02168C1F83890606B88
:1067900038436AE084F83080012009B0BDE8F08F0A
:1067A000406B400416D5002530780690717840EA99
:1067B00001200690B17840EA01400690F178361D3C
:1067C00040EA01600690206806A904F015FD6D1CE2
:1067D000082DE9D3FEF786F80799411A59451FD2CB
:1067E000BBF1000F1CD02068416B11F48D7FD7D016
:1067F000C16821F04001C1602068416BC90519D50D
:10680000BAF1010F16D9A16B032913D004F01AFBBA
:1068100080B12268C2F83890616B01436163B9E7C7
:106820002168C1F83890606B3843606384F8308029
:106830000320B2E72068416B090705D5C0F83890FE
:10684000606B40F0080010E0416B890705D5C0F887
:106850003890606B40F0020007E0416BC90606D536
:10686000C0F83890606B40F01000606392E7044914
:10687000816384F8308000208FE70000FF0FE01F65
:106880003A0F00182DE9F05F04004FF000053DD0ED
:10689000DFF8C4812068714E714F4045A36A06D06D
:1068A000B04204D0B84202D0E1680F292ED8E26B82
:1068B0004FF0010B0BEB521CE26802F10801C90812
:1068C000404501FB0CF105D0B04203D0B84201D0E5
:1068D00008291BD8404503D0B04201D0B84201D1AD
:1068E000102913D84FF480094B4512D1404507D0E9
:1068F000B04205D0B84203D0206BB0F5702F05D858
:10690000256B05B91504B2EB154F02D90120BDE87E
:10691000F09F94F881004FF0000A20B9204684F8D7
:1069200080A000F09FF8022084F8810020680168B0
:1069300021F001010160A069B0F1806F09D16068A8
:10694000484506D1A06B20B92068016841F4805108
:106950000160A16AE0690843E16B29430843E168EB
:10696000084321688860616A606BA2690843A16B73
:10697000114308432169084361690843216A0843B8
:1069800061680843E16C0843A1680843A16C0843AF
:10699000A16D08432168C860A06A484529D1206CD0
:1069A00001282068016827D021F400410160606C53
:1069B00001282068016822D021F48041016020680C
:1069C000404506D0B04204D0B84202D0B5F5702F91
:1069D00018D0404503D0B04201D0B84202D1B5F53D
:1069E000F81F0FD0016821F4005101602168E06AAE
:1069F0000864606850B119E041F40041D6E741F401
:106A00008041DBE7016841F40051EEE7A06A30B94C
:106A10002068816821F4C05141F4006181602068E0
:106A2000816821F4C06141F4806181602068016D5A
:106A300021F0010101656068400206D52068C16847
:106A4000626D21F000411143C160C4F884A084F854
:106A500081B000205BE700000030014000380040BA
:106A6000003C00402DE9F04387B0044614216846FD
:106A7000F9F73EFD47490226454B032522680024CD
:106A8000DFF810C1083944480527DFF810919A4211
:106A90004FF4806828D1DCF8002042F48042CCF822
:106AA0000020DCF8002002F4804205920A6842F0DF
:106AB00002020A600A6802F0020205920A6842F0C5
:106AC00004020A600968CDE9024501F00401CDE93C
:106AD0000471CDE900866946FDF702FE082069468B
:106AE000CDE9000648464FE02D4B9A4232D1DCF802
:106AF000002042F40042CCF80020DCF8002002F430
:106B0000004205920A6842F002020A600A6802F036
:106B1000020205920A6842F004020A6009680294BF
:106B200001F0040105910421CDE900160721CDE90A
:106B300003516946FDF7D4FD0620CDF80080694673
:106B4000CDE90350CDE901644846FDF7C9FD07B022
:106B5000BDE8F08313488242F9D10E48083002683C
:106B600042F400520260006800F40050059008688A
:106B700040F0100008600868694600F010000590B9
:106B80004420CDE90006084802AA82E8B000DCE70C
:106B900000380040E8440258000402580008025837
:106BA000003C004000340140001002582DE9F84F2D
:106BB000044690F880001F4692460A9D01288B46A5
:106BC00013D04FF0010984F88090FDF78BFE94F804
:106BD000812006460020012A4FF480010ED0626811
:106BE0008A4209D1A2683AB902E00220BDE8F88FD2
:106BF00094F88120042A01D0022136E0BBF1000F75
:106C000032D0BAF1000F2FD077B394F88120042A44
:106C100002D0052284F881208046C4F88400C4F89C
:106C200064A0A4F86A70A4F86870C4F85CB0A4F812
:106C30006270A4F8607020676067206842686FF334
:106C40000F023A4342602068026842F0010202608B
:106C50006068884204D12068016841F400710160D5
:106C6000E0680F2840D848E0012184F880000846F9
:106C7000BCE7B4F8620070B12068416989070AD5A1
:106C8000E16D09680162E06D001DE065B4F8620025
:106C9000401EA4F86200B4F86A0080B1206841691F
:106CA00048F2080211420AD0006B616E0860606E03
:106CB000001D6066B4F86A00401EA4F86A00681CF3
:106CC00012D0FDF70FFE801BA8420DD3204604F022
:106CD000DFFD84F88080D4F8840040F48070C4F82C
:106CE000840084F88190EBE0B4F862000028C0D101
:106CF000B4F86A000028BCD1C8E0072849D8BDE034
:106D0000B4F86200F0B12068416989071AD5B4F877
:106D1000621001290BD9E16B49B1E16D096801628B
:106D2000E06D001DE065B4F86200801E08E0E16DD2
:106D300009880184E06D801CE065B4F86200401EA3
:106D4000A4F86200B4F86A00E0B12068416911F467
:106D5000604F17D04169090409D5006B616E086066
:106D6000606E001D6066B4F86A00801E08E0008E48
:106D7000616E0880606E801C6066B4F86A00401E18
:106D8000A4F86A00681C04D0FDF7ACFD801BA84283
:106D90009CD2B4F862000028B2D1B4F86A0000288E
:106DA000AED173E0B4F8620080B32068416989070E
:106DB0002CD5B4F8621003290CD9E16B402909D90C
:106DC000E16D09680162E06D001DE065B4F86200E4
:106DD000001F19E0B4F8621001290BD9E16B49B129
:106DE000E16D09880184E06D801CE065B4F8620003
:106DF000801E09E0E16D097880F82010E06D401CEC
:106E0000E065B4F86200401EA4F86200B4F86A00BD
:106E100068B32068416911F4604F28D041690904C2
:106E200009D5006B616E0860606E001D6066B4F885
:106E30006A00001F19E0416901F4C041B1F5005F2B
:106E400009D9008E616E0880606E801C6066B4F89F
:106E50006A00801E09E090F83000616E0870606E74
:106E6000401C6066B4F86A00401EA4F86A00681C02
:106E700004D0FDF737FD801BA84289D2B4F8620028
:106E800000288FD1B4F86A0000288BD10022334645
:106E900008212046009504F085FD28B1D4F884002F
:106EA00040F02000C4F88400204604F0F1FC84F88F
:106EB000808084F88190D4F8840000283FF4D8AE14
:106EC000012093E603490A6822F4600202430A6043
:106ED00070470000040400584FF0E02104280869BE
:106EE00003D020F004000861704740F00400FAE786
:106EF000401EB0F1807F10B501D3012010BD4FF0CE
:106F0000E02460610F21601706F03AF80020A061CC
:106F100007202061002010BD7047704710B50400A5
:106F200003D094F83D0010B107E0012010BD00200F
:106F300084F83C00204600F00DF8022084F83D0063
:106F40002068211D05F034FA012084F83D0000205E
:106F500010BD0000194808B5016841F00201016048
:106F6000016801F002010091016841F01001016027
:106F7000016801F010010091016841F00101016018
:106F800000680022012100F0010000901D20FDF7A3
:106F90000DFE1D20FDF7FCFD032200213620FDF72C
:106FA00005FE3620FDF7F4FD032202211C20FDF72B
:106FB000FDFDBDE808401C20FDF7EABDE84402588D
:106FC0000168CA6842F00102CA600068018841F0A5
:106FD0000101018000207047704770B504460068C9
:106FE00001694FF00005C943890715D4C168C94339
:106FF000890711D4E91E016101202077206880698A
:107000008007204602D0FFF7E7FF04E000F0A5F874
:10701000204600F0A3F8257720680169C943490795
:1070200017D4C168C943490713D46FF00401016143
:10703000022020772068806910F4407F204602D02B
:10704000FFF7CAFF04E000F088F8204600F086F859
:10705000257720680169C943090716D4C168C94367
:10706000090712D46FF0080101610420207720681D
:10707000C0698007204602D0FFF7AEFF04E000F0B1
:107080006CF8204600F06AF8257720680169C9434A
:10709000C90617D4C168C943C90613D46FF01001DB
:1070A0000161082020772068C06910F4407F2046E5
:1070B00002D0FFF791FF04E000F04FF8204600F007
:1070C0004DF8257720680169C943C90708D1C1680F
:1070D000C943C90704D1891E0161204600F040F868
:1070E000206801696FF08005C943090607D4C168AB
:1070F000C943090603D405612046FFF70DFF206848
:107100000169C943C90507D4C168C943090603D445
:1071100005612046FFF700FF20680169C943490661
:1071200009D4C168C943490605D46FF04001016123
:10713000204600F033F820680169C94389060BD462
:10714000C168C943890607D46FF020010161204658
:10715000BDE87040FFF7E1BE70BD704770470000AA
:107160000D4910B5884203D1BDE8104000F0F0BAD7
:1071700009494031884203D1BDE8104000F0BCBB52
:1071800005498031884206D105F0A4F8BDE81040D9
:107190007220FBF7EBBC10BDC8D1012470477047CB
:1071A0007047C06F704790F8791090F87A000843E4
:1071B0007047000070B502680446D0691368916892
:1071C00010F00F0F64D0594D03F490760D40354305
:1071D00076D0C50707D0DD0505D501251562E26F1C
:1071E00042F00102E267820708D5CA0706D0256887
:1071F00002222A62E26F42F00402E267420708D5E7
:10720000CA0706D0256804222A62E26F42F0020211
:10721000E26702070ED503F0200201F080552A43F1
:1072200052EAC17206D0256808222A62E26F42F053
:107230000802E267E26F002A3AD0800608D503F020
:10724000200001F08051084302D0204605F0A2FA48
:10725000E06F000703D42068806840062AD52046E6
:1072600005F08AFA2068816849061ED5816821F0F8
:1072700040018160606FC0B12D490165606FFCF70E
:10728000A5FC002814D0606F016DBDE87040084770
:10729000850615D503F0200501F0805635430FD043
:1072A0002046BDE8704005F075BA2046FFF778FF2C
:1072B00070BD05E02046FFF773FF0020E067F7E7A9
:1072C000C6024FF020050CD54E020AD5E803106225
:1072D00084F8795084F87A502046BDE87040FFF772
:1072E0005EBF06060AD503F0800601F400010E43D6
:1072F00004D02046BDE8704005F0DCBC41060BD54B
:10730000590609D51168204621F04001116084F822
:10731000795000F0C8F9CBE70002C9D55800C7D5AD
:10732000106820F080401060C2E7000001000010EB
:1073300065C7000810B5040003D094F8790010B1B7
:1073400007E0012010BD002084F87800204600F0FE
:1073500027F8242084F879002068016821F00101D1
:107360000160204605F052FA0128EBD0606B10B1A5
:10737000204605F065F92068416821F4904141609C
:107380002068816821F02A0181602068016841F04D
:10739000010101602046BDE8104005F0B5B90000CC
:1073A00030B5314D022302680124304987B030489E
:1073B000AA4230D10A6842F001020A600A6802F06B
:1073C000010205920A6842F002020A60096801F0AF
:1073D00002010591254910310A6842F010020A6045
:1073E000096801F01001059119028DE81A000721C2
:1073F0000446CDE903316946FDF772F929152046A7
:1074000000916946FDF76CF92520FDF7C1FB0322C9
:107410002520114624E0174DAA4223D1134A0832F1
:10742000156845F400251560126802F400220592E3
:107430000A6842F001020A60096801F00101059141
:107440004FF4C0518DE81A000621CDE90331694699
:10745000FDF746F93420FDF79BFB0322342011464B
:10746000FDF7A4FB07B030BD00100140E044025816
:1074700000000258004C004090F87A30202B4CD18C
:10748000B9B1B2B190F87830012B46D0012380F821
:1074900078304166A0F86820A0F86A20FF22816851
:1074A000B1F5805F07D07F2351B1B1F1805F0CD07F
:1074B00010E001207047016921B940F2FF1107E097
:1074C000016909BBA0F86C2004E00169E1B13F212A
:1074D000A0F86C100021C167222280F87A2080F881
:1074E000781001688A6842F001028A6001680A68BF
:1074F00092000CD50A6842F480720A6000688168C4
:1075000041F08051816006E0A0F86C30E2E7086845
:1075100040F490700860002070470220704700001F
:1075200070B5006800242E492E4D88422BD10121D0
:10753000E81C02F005FE287010B1FBF717FB68701D
:10754000A888010409D427494304274A01F103010B
:10755000097809D50A2901D0AC8070BDC0F30D01AE
:1075600040F4004054540CE00D2908D0C0F30D0342
:10757000401C80B2D154C728A880EDD870BD40F41B
:107580008040A88070BD19498842FBD11548083059
:107590000178407801EB002080B210F4807F0DD09C
:1075A000A9780129EED1124AE9885054491C88B2C1
:1075B000E880B0F5007FE5D9AC7070BD0028FCD143
:1075C0000120A870E888462802D9094804F056FC32
:1075D000074840F20221F8F78BFFEC8070BD0000F5
:1075E0000010014090010024FCCD0124004C00401B
:1075F000C4CF01242DE9F843044690F879001E46D3
:1076000017460D4620284CD1C5B1BFB194F878007B
:10761000012846D0012084F878004FF00008C4F813
:107620007C80212084F879006034FDF75BF92780A5
:1076300081466780603C4FF4805718E00120BDE828
:10764000F883B4F86200401EA4F8620000224B46A2
:1076500080212046009605F067FBA0B9A068B842DB
:1076600001D1206988B115F8010B21680885B4F8AB
:1076700062000028E5D100224B46402120460096BA
:1076800005F052FB30B10320D9E735F8020BC0F307
:107690000800EAE7202084F87900002084F8788048
:1076A000CDE70220CBE770470CF070B801480078B6
:1076B00070470000DC000024FA2010B5FAF7A0FAA9
:1076C0000E4CA06B807850B104F066FDE06B0C4965
:1076D000C078897D88420DD004F0D0FC0AE0E06BD0
:1076E0008178491E11F0FF01817003D101800846A5
:1076F000FAF786FAE06B008810BD00002C00002429
:10770000306D0024FA2010B5FAF796FA0E4C206C72
:10771000807858B104F058FD606C0C49C07891F83D
:10772000BE1988420DD004F0BBFC0AE0606C817881
:10773000491E11F0FF01817003D101800846FAF75C
:107740007BFA606C008810BD2C000024306D002492
:10775000F0B5644F85B064487D7E006838B9634CED
:107760002078042801D104F0E3FD207810B1002036
:1077700005B0F0BD5E4C0026E26B108800286CD08E
:10778000A068002800DAA660A16802EBC100437A75
:1077900090F80AC0634490F80BC013EB0C0F01D1B2
:1077A00001230372A661A94243680193836802938F
:1077B000436803938068049001DA26610EE002209A
:1077C0002561A061481B02EBC000417A8DF81110C1
:1077D000817A8DF81210C07A8DF813000020FCF722
:1077E000F1F8022818D00020FCF7ECF8032813D099
:1077F000DDE90301CDE901010020FCF7E3F820B148
:1078000001AA0020114602F06BFDA06968B10128B1
:1078100019D002281DD108E0A06801AA009000201C
:10782000E36B03A9FAF710FCE6E79DF80B00009064
:107830009DF80A309DF80920BDF90610BDF9040035
:1078400004F05AFB05E0BDF90610BDF9040004F090
:1078500047FBA068401CA0600FE040F2FF75009657
:10786000002329461A46084604F046FB0023294611
:107870001A460846009604F03FFBE06BA1680088BA
:1078800088422CDCA6600020A661FCF79BF8022849
:1078900004D00020FCF796F803281ED1B87D1549C6
:1078A00000EE100AE26BD1ED000AB8EE400A20EEBD
:1078B000200ABCEEC00A10EE100AD070B87DD1EDDF
:1078C000000A00EE100AA16BB8EE400A20EE200A72
:1078D000BCEEC00A10EE100AC870FFF7EDFEA068FB
:1078E00046E70000306D0024140000240700002447
:1078F0002C0000244C0100244A48FEB590F8C159E0
:107900004948006838B9494C2078042801D104F06E
:107910003DFD207808B10020FEBD454E0024706C6E
:107920000188002964D0F168002900DAF460F16868
:1079300000EBC100417A827A1144C27AD14201D16E
:107940000121017241680191806802900020FCF7DA
:1079500039F8022802D00020FCF734F80020FCF7A8
:1079600031F820B101AA0020114602F0B9FCF168FB
:10797000022729B1706C00EBC100007A18B103E056
:10798000F461746100E0F761F06920B1012817D05B
:10799000022829D114E09DF80B0000909DF80A30D0
:1079A0009DF80920BDF90610BDF9040004F0F4FAB1
:1079B0007069401C7061A84216DBF761746113E0C6
:1079C000481B716C01EBC000BDF90610427A8DF8BE
:1079D0000920837A8DF80A30C07A8DF80B00009068
:1079E000BDF9040004F0D8FAF068401CF0600DE026
:1079F000002300941A461946184604F0CDFA0023D5
:107A000000941A461946184604F0C6FA706CF168DC
:107A10000088884203DCF460F461FFF773FEF068CD
:107A2000FEBD0000306D0024140000240700002477
:107A30002C00002470B5394C86B0206840F001005D
:107A40002060206801250326694600F001000590AA
:107A500048F24010CDE900053148CDE90256FCF767
:107A60003FFE206840F00100206020686946CDE9B3
:107A7000025600F0010005904FF40870CDE90005B2
:107A80002848FCF72DFE206840F0020020602068A6
:107A90006946CDE9025600F00200059040F68120CB
:107AA000CDE900052048FCF71BFE206840F00400EB
:107AB000206020686946CDE9025600F00400059078
:107AC00042F20450CDE900051848FCF709FE206891
:107AD00040F00800206020686946CDE9025600F0B9
:107AE000080005904FF46050CDE90005104D284680
:107AF000FCF7F6FD00210220CDE90216CDE90001D8
:107B000069462846FCF7ECFD206840F01000206034
:107B1000206800F01000059006B070BDE0440258E7
:107B2000000002580004025800080258000C0258D5
:107B3000001002582DE9F0410025FAF741FA00F053
:107B4000B7FAFFF777FFDFF8AC8000262A4C012751
:107B500002214046FCF7B8FE012849D027706D1C71
:107B6000EDB2052DF4D3267003F002FF44F624662F
:107B7000002031460BF0ECFD3146A06300200BF0F5
:107B8000E7FD3146E06300200BF0E2FD3146206462
:107B900000200BF0DDFD41F20421606400200BF0B9
:107BA000D7FDA0640021A06B32460BF0E9FDE06B2D
:107BB000002132460BF0E4FD206C002132460BF030
:107BC000DFFD606C002132460BF0DAFD0B48A26B42
:107BD000817DD170E26B817DD170226C90F8BE19ED
:107BE000D170616C90F8BE09C8702846BDE8F0817C
:107BF0002670B4E7001002582C000024306D0024D9
:107C000010B5074CA07D04F039FA06480078012829
:107C100005D194F8BE09BDE8104004F041BA10BD8A
:107C2000306D00242C00002410B504F081FB0448C2
:107C30000078012803D1BDE8104004F0A7BB10BDB7
:107C40002C00002470B5C0F30744C0F30723C1F330
:107C50000746C1F307250022C0B2C9B2884204D149
:107C6000AB4202D1B44200D10122104670BD0000E7
:107C700001484078704700002C00002408B500201F
:107C800069460090012000F0ADF80120694600F03F
:107C9000A9F80098400701D4012008BD00206946DA
:107CA00000F0A0F80098C10408D44FF404518143B7
:107CB00017D0810417D4C00517D410E01F206946DF
:107CC00000F090F80098C10401D4062008BDC0F36C
:107CD0008200062805D0022805D0052805D00520F9
:107CE00008BD022008BD032008BD042008BD000017
:107CF000FEB5002425460294F8F7D9FA334E002247
:107D000008213046FCF7E9FD642006F0ABFC0122B7
:107D100030460821FCF7E1FD642006F0A3FCF8F7EB
:107D2000C8FA01F037F82A4801788DF80010417838
:107D30008DF8011081788DF80210C1788DF803104C
:107D400001798DF8041040798DF805002248214909
:107D500001600121C0F804D001722049016120496D
:107D6000C1604FF4BF614161FCF738F91A48FCF774
:107D70003FFB00204FF4004100F052F800281ADBCE
:107D8000002002A900F02EF8661F002811DB4FF436
:107D9000FA770298000410D5002002A900F022F81A
:107DA000002806DB0A2006F05DFC641CBC42F0D310
:107DB00003E0354601E06FF0030500F021F81DB93E
:107DC0004FF47A7006F04EFC2846FEBD00000258C3
:107DD000E01805240080024088D20124000004300D
:107DE000200104300B4602460448002110B5FCF780
:107DF000C1FA002801D04FF0FF3010BD88D2012415
:107E000008B5002069460090FFF7ECFF009840F4A9
:107E10008050009081B2002000F002F808BD000000
:107E20000B4602460448002110B5FCF71FFC002851
:107E300001D04FF0FF3010BD88D2012470B5274C1F
:107E400086B0206840F00200206020680125244EA2
:107E5000694600F00200059040F29B30CDE9000534
:107E60000320CDE902503046FCF73AFC01223046AF
:107E70001146FCF732FD012230460221FCF72DFDB0
:107E8000012230460821FCF728FD0122304610214E
:107E9000FCF723FD012230468021FCF71EFD002265
:107EA00030462902FCF719FD012230465102FCF749
:107EB00014FD206840F0010020602068694600F051
:107EC000010005900920CDE900050220CDE902500E
:107ED0000448FCF705FC06B070BD0000E044025801
:107EE00000040258000002582DE9F84F04460D46E0
:107EF0000020834600904FF4FE60FBF759FD0821F7
:107F000003462E484FF40072FBF7D0FAF4B3DFF8C3
:107F1000B0A05646DAF8000008F0B8FD306801223B
:107F2000214608F013FF90BBDAF800000C226B46E4
:107F30002946574608F0D3FF00980C2837D121492D
:107F40006A884868438A9A4231D12A88038A9A42C9
:107F50002DD16A688069824229D10126D5F808802E
:107F60003446BA461DE004EB4409DAF800000C225E
:107F70006B4605EB89010F4608F0B1FF00980C280D
:107F80000ED1104835F92910406801E013E00EE0E9
:107F90004069814204D2B7F90210814200D2761CB6
:107FA000641C4445DFDB464501D14FF0010BDAF894
:107FB000000008F06BFD5846BDE8F88FB45F01245F
:107FC000500000240801002470B5F8F770F91C492E
:107FD0001CA0FFF789FF204C10F0FF004FF00206B5
:107FE0004FF0000520701ED015486561B0F90C10E7
:107FF000A161B0F90E00E06119A01849FFF774FF04
:1080000010F0FF00607014D01448E562B0F90C1055
:108010002163B0F91A006063F8F74BF921786078B2
:1080200000EB012070BDA56160684069E0612670C9
:10803000E2E725636068406960636670ECE7000012
:10804000A4690124303A2F64616D65692F617073F2
:10805000312E61707300000008010024849801240F
:10806000303A2F64616D65692F617073322E6170D3
:10807000730000002DE9F0410C4C07460E464FF00E
:10808000FF356068008AFBF788FC4FF400720346F6
:1080900031463846FBF70AFA20B96068008AFBF7D8
:1080A0007CFC05462846BDE8F0810000080100245C
:1080B000F8B52C4D002401222646009425A1286AFB
:1080C00008F044FE80B941F250372749286A6B46D0
:1080D0003A4608F004FF18B90098B84200D10124CC
:1080E000286A08F0D3FC0CB90BF090FF1E4801225F
:1080F0001EA1467580F8BD69286A08F027FE012692
:1081000000B96E70286A08F0C1FC286A01221EA11D
:1081100008F01CFE42F2080768B91F496B46286A3E
:108120003A4608F0DCFE18B90098B84200D10124A4
:10813000286A08F0ABFC54B9174864223946F8F7AE
:10814000D0F915480221067000F5805001712046D3
:10815000F8BD0000303A2F64616D65692F312E74CF
:10816000787400002C000024306D0024303A2F6415
:10817000616D65692F666163746F72796D6F646597
:108180002E74787400000000303A2F64616D6569C8
:108190002F622E7478740000808000243EB5002584
:1081A000012412210094032322464806CDE901450B
:1081B00000F00AF803230294022219219807CDE95E
:1081C000005400F001F83EBD2DE9FF4707461E466A
:1081D0000CA814460D4690E80007FCF7E9FB0120C7
:1081E0008DF8000000208DF808508DF80C008DF8F7
:1081F00009008DF80D808DF80A0068468DF80E9004
:108200008DF8014001978DF80B608DF80FA0FCF7F9
:10821000A5FB0420FCF7DAFB04B00020BDE8F087E2
:1082200010B50D4C4FF480410A482060002060607A
:10823000C4E902012061082060612046FEF7C4F80D
:108240002046FEF745F8E1682046BDE81040FDF7FE
:108250005FBE00000024024888C1062470B515489E
:108260000C2213490160144941604FF48051816030
:108270000021C160C0E904128161FFF75BF820B9F9
:108280000E4901220B48FFF7F7F80D4D4FF48074AB
:10829000002221462846FCF720FB21462846FCF711
:1082A00013FBBDE87040014606A004F035BE000097
:1082B000004C004044CF012490D0030098010024DA
:1082C000000402584750494F422050494E38206917
:1082D000732025640D0A00002DE9F84F1C469046D6
:1082E00000230E460A9FADF8003068498979B0FB3B
:1082F000F1F2B6FBF1F1D207B2EBC17F7ED1DFF82C
:1083000090B199468BF80090624981F8009081F80D
:1083100000900870020A0A70000C087035208BF873
:108320000000002000F020FC20B9012000F01CFC1F
:10833000050002D00220BDE8F88F85218BF80010DF
:10834000544880F800804FEA182101700670310A05
:108350000170310C01701E2000F0E6F8F8054FF0B6
:10836000004A12D002F088FBADF80090504607E0BA
:1083700014F8011B0170BDF80010491CADF8001085
:10838000BDF80010B942F3D370E07E0ADFF8FC902C
:108390004FEA5827DFF800812FE002F06DFBD8F894
:1083A0008000414640F04000C8F880000020ADF851
:1083B00000004FF40073524607E014F8010B1070F0
:1083C000BDF80000401CADF80000BDF80000984268
:1083D000F3D3D8F884004006FBD502F04DFBD8F863
:1083E0009420EB1909EB8301CA61D8F8801021F0C1
:1083F0004001C8F880106D1CEDB200E041E0B542CC
:10840000CBD3B9F80210102000EB87004A4608448D
:10841000ADF80000232000F087F885218BF80010CC
:10842000BDF800001B490870BDF80000000A087084
:10843000232000F079F80020ADF8000002EB87045B
:1084400055461C340EE002F017FB002014F8011B07
:108450002970401CC0B20428F8D3BDF80000401CAD
:10846000ADF80000BDF80000B042ECD310208BF84E
:1084700000004FF4AF7006F017F900F061FB4028E0
:1084800001D0012057E7002055E70000A8D50124BE
:108490000000018000000280004000522DE9F04100
:1084A0000C461E498979B0FBF1F2B4FBF1F1D20719
:1084B000B2EBC17F2DD11A4F00263E70194D2E70A0
:1084C0002E702870010A2970000C28703520387031
:1084D000304600F049FB18B9012000F045FB10B10F
:1084E0000220BDE8F081852038702E702E702C702F
:1084F000200A2870200C28701E2000F015F810208B
:1085000038704FF4AF7006F0CFF800F019FB402838
:1085100001D00120E5E70020E3E70000A8D5012411
:10852000000001800000028001B5009801E0401EBB
:1085300000900028FBD108BD2DE9F041904605468A
:1085400001200E4600F042F804463146002000F0BB
:108550003DF807464146012000F038F806464146FE
:10856000002000F033F884EA070272404240A2F58E
:108570007060FF3805D00AA004F0CEFC0120BDE8F1
:10858000F08174400DA0214604F0C6FCE1080122F0
:1085900004F00703685C9A40504068540020EEE7FE
:1085A0003262697420656363206572726F72206F36
:1085B00072206D6F72650D0A000000006572726FA7
:1085C00072706F733A25640D0A00000070B505469D
:1085D0000C4600200126024602F00101A94208D102
:1085E00024FA02F1C90704D0510806FA01F318442D
:1085F00080B2521CD2B2182AEED370BD104910B509
:10860000104A0969914201D1C00103E00E4A91422A
:1086100000D180010D4A602111700D490870030AD4
:108620000B70000C0870D0201070042006F01AF8AF
:1086300000F086FA402801D0012010BD002010BDB6
:10864000A8D5012489260048569590DC00000180B9
:108650000000028070B588B000F06AF82D4C00254B
:108660002B4804AA694620604FF48070C4E90105D4
:108670004002E560C4E904500A20A061E061009076
:108680000190029003900490059006900790204678
:10869000FCF7B0F900F042FA642005F0E3FF00F0C7
:1086A0008BF804F14006014630611BA004F034FC55
:1086B000042000F063F84FF480521B4B30695110D6
:1086C00098420AD14FF4875030807280E020B08009
:1086D0008020B0713181728114E0144B984214D122
:1086E0004FF40460308071804020B080B0713181DF
:1086F0007281C4E90B0284F83C500222C4E90910DB
:10870000C4E90D21002008B070BD0120FBE7000086
:108710008040005268D501244E414E442049443ADD
:108720002523780D0A00000089260048569590DC24
:108730001FB5FCF73DF901218DF8001004208DF8DC
:1087400001008DF80C100322400701901B208DF8CA
:10875000080000208DF809008DF80D008DF80A0042
:108760008DF80E008DF80B208DF80F006846FCF791
:10877000F5F80420FCF72AF91FBD00000C4BEF218F
:1087800000B50246197001210A4B19702320FFF72A
:10879000CBFE4FF000410A7000200870087008708E
:1087A00000F0CEF9402801D0012000BD002000BD1E
:1087B0000000018000000280154990201CB508705F
:1087C0000020144908701E20FFF7AEFE4FF0004055
:1087D00001788DF8001001788DF8011001788DF87E
:1087E000021001788DF8031000788DF80400DDF890
:1087F000010000BA20F0FF049DF80400044300F0DB
:108800009FF9402802D04FF0FF301CBD20461CBD10
:1088100000000180000002802DE9FC5F1C46154627
:108820008A4683464FF00009ADF80490774AC8465F
:1088300082F8009076480170090A017080F800B053
:108840004FEA1B2101704FEA1B410170302010706C
:108850004FF41670FFF768FE012000F085F906005E
:1088600002D00220BDE8FC9FE0054FF000410ED091
:10887000484605E0087805F8010BBDF80400401CE7
:10888000ADF80400BDF80400A042F3D3B6E0670AD7
:1088900000954FEA5A2431E002F0EEF85D49D1F834
:1088A000800040F04000C1F880000020ADF80400D6
:1088B0004A044FF4007307E0107805F8010BBDF887
:1088C0000400401CADF80400BDF804009842F3D346
:1088D0008946D9F884004006FBD502F0CDF8D9F8D6
:1088E000942033194C4901EB8301CA61D9F88010F7
:1088F00021F04001C9F88010761CF6B2BE42CBD3FD
:10890000454E102101EB840170880844ADF8040045
:108910003220FFF709FE3D4805210170BDF8042013
:108920003B490A70BDF80420120A0A70E021017068
:108930001E20FFF7F9FD06EB84053C3502F09CF89C
:108940000021ADF804104FF0004207E0107805F860
:10895000010BBDF80400401CADF80400BDF8040094
:10896000B0EB870FF2D3ADF8041043E0BDF804007C
:10897000BDF80410204406EB8000C06B214406EBD8
:108980008101C969884230D0BDF80400204406EB5B
:108990008000C26BBDF80400204406EB8000C16972
:1089A0001EA004F0B9FA23A02246394604F0B4FA16
:1089B00026A05246594604F0AFFABDF80400204400
:1089C00006EB8000C269BDF80400BDF80430204405
:1089D00006EB8000C16B009800EB4320FFF7ACFD75
:1089E00008B1042000E003208046BDF80400401CCC
:1089F000ADF80400BDF80400B842B7D300F0A0F809
:108A0000402801D04FF0010840462BE700000180CC
:108A10000000028000400052A8D501246572722037
:108A200068642C72643A307825782C307825780D7B
:108A30000A0000006563636E756D2C656363737473
:108A40006172743A25642C25640D0A0050616765D3
:108A50004E756D2C436F6C4E756D3A25642C2564F4
:108A60000D0A00002DE9F0411D46184B0024164662
:108A7000069F1C70164A1170090A11701070010AC5
:108A80001170000C107030201870204600F06CF847
:108A900018B9012000F068F810B10220BDE8F0819B
:108AA00001F0EAFF4FF0004004E00168B14203D159
:108AB000641CA4B2AC42F8D33C8000F041F84028DA
:108AC00001D00120EAE70020E8E700000000018073
:108AD0000000028030B4064D2C79641AE4B2A3423F
:108AE00000D923466C88214430BC89B2FFF794BE7C
:108AF000A8D5012408B500208DF800007020064993
:108B000008701E20FFF710FD4FF0004000788DF830
:108B100000009DF8000008BD000001800749FF200B
:108B200010B50870032005F09DFD00F009F84028FD
:108B300001D0012010BD002010BD00000000018008
:108B400008B5084A00200090FFF7D4FF400606D47D
:108B50000098401C00909042F6D3022008BD4020AF
:108B600008BD0000FFFF010071B583B00024009430
:108B70008DF804406FF07E450F4E40210098401C58
:108B800000903046FBF7A0FE9DF80C10884205D1FE
:108B90009DF80410491C8DF8041001E08DF8044084
:108BA0009DF80400022802D9002004B070BD00988E
:108BB000A842E2D30120F8E7000802582DE9F84F57
:108BC00014461D460022ADF8002080274F4B164664
:108BD0001F704F4B19700F0A1F701870070A1F7013
:108BE000000C18702320FFF79FFCE8054FF00043AE
:108BF0000FD0ADF8002007E014F8010B1870BDF895
:108C00000000401CADF80000BDF80000A842F3D3FE
:108C10006BE06D0ADFF8FC80DFF8FCA04F0A93469A
:108C200099462EE001F028FFD8F88000414640F038
:108C30004000C8F88000ADF800B04FF400734A4619
:108C400007E014F8010B1070BDF80000401CADF8EF
:108C50000000BDF800009842F3D3D8F88400400625
:108C6000FBD501F009FFD8F89420F3190AEB830132
:108C7000CA61D8F8801021F04001C8F88010761C35
:108C8000F6B2AE42CED3BAF80210102000EB870045
:108C900052460844ADF800002320FFF745FC1B486E
:108CA00085210170BDF8001019480170BDF8001051
:108CB000090A01702320FFF737FC02EB8701ADF8AA
:108CC00000B01C314A460CE0002011F8013B137043
:108CD000401CC0B20428F8D3BDF80000401CADF819
:108CE0000000BDF80000A842EED30849102008702B
:108CF0004FF4AF7005F0D8FCFFF722FF402802D0F8
:108D00000120BDE8F88F0020FBE700000000018093
:108D10000000028000400052A8D5012470B5134E17
:108D200000241D4680233370114B1970090A1970F5
:108D30001870010A1970000C18702320FFF7F4FB5B
:108D4000F00302E00260641CA4B2AC42FAD310202B
:108D500030704FF4AF7005F0A7FCFFF7F1FE40282C
:108D600001D0012070BD002070BD00000000018016
:108D70000000028030B4064D2C79641AE4B2A3429C
:108D800000D923466C88214430BC89B2FFF716BF56
:108D9000A8D501241FB5FBF70BFE11480121019056
:108DA00008208DF8080003208DF80B0000208DF8B6
:108DB0000F108DF80E008DF80D108DF800100521A4
:108DC0008DF80A008DF801108DF809008DF80C005F
:108DD0006846FBF7C3FD0420FBF7F8FD1FBD00004C
:108DE0000000043070470000FEB5184802A9FBF7E8
:108DF0008BFE9DF80A009DF808309DF80B209DF829
:108E00000910009012A004F087F81648C822022129
:108E100001F0F2F9134D0224002642F210771148B6
:108E200021462E80EE70AE70FFF724F9002800DD99
:108E30000444A978E8784246CDE900012B880AA0CD
:108E4000214604F069F8BC42E9DBFEBD68D5012487
:108E500069643D25642C2025642C2025642C202564
:108E6000640D0A002C0F012425642066746C2052C6
:108E700065616420726573756C74203D2025642CD7
:108E800020706F696E74436F756E743D25642C207D
:108E900064656C61793D25642C2072656164793D5F
:108EA00025640D0A0000000070B505460D480E4609
:108EB0001446807808B1122009E02B78012B08D0E5
:108EC000022B06D0032B04D0042B02D001201070FB
:108ED00070BDF7F71BFA6E61F7F71CFA00202070DF
:108EE00070BD0000F001002470B586B000F064F899
:108EF00000F05AFF224A0024204602F13401947106
:108F00000C54401CC0B20828FAD3147154719462F6
:108F1000146200F059FF00F01BFF00F0E5FE00F0C6
:108F200095FF802617480325174A3F23CDE9010600
:108F30004FF6FF70009015480021CDE9034500F081
:108F4000F5FA3F2005AA12A100F0E4FB14483E23E5
:108F5000CDE901060B4A4FF6FE7000900021114842
:108F6000121FCDE9034500F0E1FA3E2005AA0EA14B
:108F700000F0D0FB06B0BDE8704000F02FB8000054
:108F8000F0010024100B05240C0D0524F19F0008AE
:108F900075432F4F532D49492049646C65000000EB
:108FA0001009052425A0000875432F4F532D49496A
:108FB0002053746174000000054880210022491E7E
:108FC00004C0FCD10449034820F007000860704742
:108FD000E0160524E0180524340200247047000040
:108FE0000449C879012804D18878FF2801D2401C9F
:108FF00088707047F001002470B5144CE0790128A6
:1090000022D1F7F783F9A178054621B1491E11F065
:10901000FF00A07013D1E07888B900F05DFF0C4923
:10902000607951F82010A1622279904207D0C86B74
:10903000401CC863E068401CE060F7F787F92846E9
:10904000BDE87040F7F766B970BD0000F00100247C
:10905000100D05242DE9F04106461B48884600788E
:1090600010B10020BDE8F081F7F750F9174F3C68C8
:109070000CB161683960F7F74DF914B3F7F746F9A9
:1090800013490D68BDB12A680A60F7F743F906EB8A
:1090900088000221C5E90160EE6000202E61A5F87C
:1090A0001480E882217020810AA0656060612046FA
:1090B00000F010FE05E0396861603C60F7F72AF9BE
:1090C00000242046CEE70000F20100240002002424
:1090D000300200243F0000002DE9F04706460078EA
:1090E00089461446022801D0012008E02F48007864
:1090F00008B1022003E02E48007820B10D20107046
:109100000020BDE8F087F7F701F9054670680027F1
:10911000C18A89B10269111D01611668C28A521E95
:10912000C2828268914201D1416801612846F7F705
:10913000F1F830462770E4E7DFF87880D8F80000CF
:1091400090F8341041F0040180F8341080F8357044
:10915000C0F83090304600F097FD2846F7F7DAF86F
:1091600000F096FEF7F7D2F88146D8F8000090F8A4
:10917000351039B1022908D0314600F05DFD0025D7
:109180000A2004E0456A277002E000250E202070C6
:10919000D8F80010484681F8347081F83570CF61F6
:1091A0000F624F62F7F7B6F82846AAE7F2010024EB
:1091B000F30100241002002470B5044600780E4626
:1091C000022801D0012070BDF7F7A0F80546A07A6B
:1091D00058B1002331460422204600F0F3FC284613
:1091E000F7F798F800F054FE19E06068C18A828AA7
:1091F000914204D32846F7F78DF81E2070BDC16850
:109200000A1DC2600E60C18A491CC182D0E90212E7
:109210008A4201D14168C1602846F7F77BF80020F7
:1092200070BD2DE9F041074600780E46022802D0B5
:109230000120BDE8F081F7F769F80146B87A07F137
:109240000B043074002006F10805401C14F8012BB3
:10925000C0B2082805F8012BF7D37868C28A0AB192
:10926000026912683260C28AB280808AF080084641
:10927000F7F750F80020DCE710B5094CE079012839
:109280000CD1F7F743F8A17821B9E178FF2901D291
:10929000491CE170BDE81040F7F73CB810BD000074
:1092A000F001002410B50D4CE079012814D1F7F736
:1092B0002DF8A17831B9E17821B1491E11F0FF01F3
:1092C000E17003D0BDE81040F7F724B8F7F722F8B3
:1092D000BDE8104000F0DCBD10BD0000F00100242E
:1092E00070B505460D48007808B1002070BDF7F74D
:1092F0000DF80B490C680CB162680A60F7F70AF8C0
:109300004CB10320207000202581606005A06061C1
:10931000204600F0DFFC204670BD0000F201002472
:10932000000200243F0000002DE9F04705460078C8
:1093300089461446032801D0012008E02748007818
:1093400008B1022003E02648007818B10D20107003
:10935000BDE8F087F6F7DAFF06462889002730B126
:10936000401E28813046F6F7D5FF2770F0E7DFF87A
:109370007480D8F8000090F8341041F0010180F8B2
:10938000341080F83570C0F83090284600F07CFC2E
:109390003046F6F7BFFF00F07BFDF6F7B7FF064655
:1093A000D8F8000090F8351031B1022906D02946CE
:1093B00000F042FC0A2002E0277001E00E2020703D
:1093C000D8F8000080F8347080F83570C761076203
:1093D0003046BDE8F047F6F79DBF0000F2010024DB
:1093E000F30100241002002470B50446007803281D
:1093F00001D0012070BDF6F789FF0546A07A58B16B
:10940000002320460122194600F0DCFB2846F6F72F
:1094100081FF00F03DFD09E020894FF6FF71884291
:1094200006D2401C20812846F6F774FF002070BD4C
:109430002846F6F76FFF332070BD000010B5094CC9
:10944000E07900280CD100F047FD607906492071D1
:1094500051F82000A0622062BDE81040F6F75DBF21
:1094600010BD0000F0010024100D0524022010B5ED
:1094700000F0ECFAF6F74AFF084C0021E161F6F73C
:1094800049FF642000F0E2FAF6F740FFE16961610C
:1094900001216170BDE81040F6F73CBFF0010024E7
:1094A000F8F78CBA2DE9FE431C4616460F46804657
:1094B000F6F72CFF1A49097821B1F6F72BFF3C206B
:1094C000BDE8FE83174D55F8241019B1F6F722FFB9
:1094D0002820F5E7012145F82410F6F71BFF0023AB
:1094E00032463946404600F077F9002601463346B9
:1094F0003246204600960196029600F0FDFC0700D9
:1095000007D0F6F703FF45F82460F6F703FF384667
:10951000D6E7054800780128F9D100F0B9FCF6E754
:10952000F2010024100D0524F70100242DE9FF4F5E
:1095300083B01C4692468B46DDE91386DDE9119720
:10954000F6F7E4FE1D49097829B1F6F7E3FE3C2061
:1095500007B0BDE8F08F1A4D55F8241019B1F6F791
:10956000D9FE2820F4E7012145F82410F6F7D2FEB1
:1095700032463946484600F0A5FD03983346524628
:10958000594600F029F900970146CDE90186109B64
:109590004A46204600F0B0FC060008D0F6F7B6FEBA
:1095A000002145F82410F6F7B5FE3046D0E705480F
:1095B00000780128F9D100F06BFCF6E7F2010024F5
:1095C000100D0524F7010024F8F7F9B92DE9F0474B
:1095D00005464348007810B14020BDE8F0873F2D94
:1095E00005D0F6F793FEFF2D064602D005E03E209B
:1095F000F3E73C48006890F83650DFF8EC9059F8F3
:1096000025405CB1012C0ED094F83810374A94F8FC
:109610003930505C984350540AD00FE03046F6F78A
:1096200079FE4320D9E73046F6F774FE3D20D4E7B3
:109630002F4894F83A20017891430170E16911B103
:10964000204600F0F9FA216A11B1204600F006FB2D
:10965000A06A08B100F06CFB264F4FF00008C4F878
:10966000308084F8348084F835803878FF2801D23F
:10967000401C38703046F6F74DFE00F0A1FAF6F7C0
:1096800045FE0646387808B1401E3870204600F086
:109690003DF819480178491E017049F82580A069F4
:1096A000414690B161694161D4E905018161134886
:1096B00001686161046012A020653046F6F72AFE59
:1096C00010480078012806D007E0606981610E49E2
:1096D00060690860EBE700F0DBFB00207DE700003D
:1096E000F201002410020024100D0524240200249D
:1096F000F6010024F3010024F801002414020024E0
:109700003F000000F70100241C020024F8F758B9BC
:10971000F8F757B970B5054610480E46144600785C
:1097200010B11220107070BDF6F7F0FDFF2D03D1BF
:109730000B49096891F836500A4951F8252043250C
:109740003AB1012A05D01665F6F7E4FD0020207035
:1097500070BDF6F7DFFD257070BD0000F20100243A
:1097600010020024100D0524F8F72CB9F8F72BB9D6
:109770002DE9F04104460E46002008604860F6F7E7
:10978000C5FDFF2C03D11249096891F836401149F3
:1097900051F8241051B1012908D00A7CD2070AD00F
:1097A0000024D1E90257F6F7B5FD09E0F6F7B2FD5E
:1097B0004320BDE8F081F6F7ADFD4520F9E7641CD4
:1097C00001CD0028FBD0381BC6E900400020F0E79F
:1097D00010020024100D0524121D10B522F00702FE
:1097E0004FF0807442E902044C484FF0023442F8D2
:1097F0000C0C4FF0123042F8100C4FF0033042F8CE
:10980000140CA2F12000621080E816004FF0113114
:1098100040F8041C110140F8081C4FF0093140F8D1
:109820000C1CD10040F8101C4FF0073140F8141CFC
:109830004FF0063140F8181C4FF0053140F81C1C61
:10984000910040F8201D590767D55106021F11608D
:10985000A0F10801324A0A60091F324A0A60091F52
:10986000314A0A60091F314A0A60091F304A0A60FA
:10987000091F304A0A60091F2F4A0A60091F2F4A30
:109880000A60091F2E4A0A60091F2E4A0A60091F32
:109890002D4A0A60091F2D4A0A60091F2C4A0A60D6
:1098A000091F2C4A0A60091F2B4A0A60091F4FF042
:1098B00083420A60091F294A0A60091F284A0A6070
:1098C000091F284A0A60091F274A0A60091F274AF8
:1098D0000A60091F264A0A60091F264A0A60091FF2
:1098E0004FF082420A60091F234A0A60091F234A77
:1098F0000A60091F224A0A60091F4FF081420A606C
:10990000091F62050A60091F12020A60091F4FF051
:109910007E520A60002140F8841D10BD0DA0000891
:109920000000F8410000F0410000E8410000E04183
:109930000000D8410000D0410000C8410000C041F3
:109940000000B8410000B0410000A8410000A04163
:1099500000009841000090410000884100007041E3
:1099600000006041000050410000404100003041D3
:1099700000002041000010410000E0400000C04015
:109980000000A04070B50446F6F7C0FC01461E4832
:10999000FF2C006805D090F83600A04204D10125C4
:1099A00003E090F83640FAE70025184850F8240004
:1099B00058B101280ED090F83820154C90F8396035
:1099C000A35CB343A3540AD00FE00846F6F7A2FC09
:1099D000482070BD0846F6F79DFC432070BD0D4A37
:1099E00090F83A401378A343137090F8342042F073
:1099F000080280F834200846F6F78CFC0DB100F020
:109A000047FA002070BD000010020024100D05244C
:109A100024020024F60100240A4810B50068017CE5
:109A2000490702D50068F6F75BFC07480068017C2F
:109A3000490702D50068F6F760FCBDE81040F7F76B
:109A4000C3BF0000100200241802002470B50446B1
:109A500013480078002821D11248007800281DD131
:109A6000002C1BD0F6F752FC03460F480F4D01683F
:109A700091F8382091F83960A85CB043A85405D11A
:109A80000B4891F83A500278AA43027018460C63CA
:109A9000F6F740FCBDE8704000F0FAB970BD000078
:109AA000F2010024F3010024100200242402002407
:109AB000F601002410B5114C24780CB1552010BDCE
:109AC0000F4C24780CB1322010BD4FF47A74C1EBE6
:109AD00001116343B3FBF4F34FF4616410FB04F032
:109AE00000EB8100104400EB4001C1EBC01003EB20
:109AF000C000FFF7ABFF002010BD0000F201002402
:109B0000F301002410B5F6F701FC03490C68F6F7E1
:109B100001FC204610BD0000200200242DE9F04188
:109B200000F04CF8F6F7F2FB234D296B491C296332
:109B3000F6F7F0FBE87901283BD1687A0126002787
:109B400020B1012835D0022802D06F72EC6A2CE0D7
:109B50006E72FBE7F6F7DAFB216B19B3491E21633E
:109B600020D194F8341011F0370F06D001F0C8015D
:109B700084F8341084F8356001E084F8357094F886
:109B8000341009070ED494F83A10AA790A4B1143FD
:109B9000A97194F83810343394F839C05A5C42EA09
:109BA0000C025A546469F6F7B5FB94F836003F2866
:109BB000D0D1BDE8F0810000F0010024F7F705BF27
:109BC00070470000F0B50F4618490546807A085CDA
:109BD0002C18E47A095D01EBC001CEB2144951F8AA
:109BE000264000216762216394F83410914384F881
:109BF000341084F8353009070BD40E4994F83A2014
:109C00008B791A438A71343194F839300A5C1A43DB
:109C10000A542946204600F00FF8216A19B120465F
:109C200000F01CF8E5613046F0BD000074710108D9
:109C3000100D0524F001002410B590F8382090F89C
:109C400039408B18DA7AA243DA7204D18A7A90F812
:109C50003A309A438A720021C16110BD70B590F804
:109C6000385090F83A4090F83960086809E0431994
:109C7000DA7AB243DA7202D1827AA243827251F85E
:109C8000040F0028F3D170BD30B5114C00F10B0268
:109C9000216AC86191F8383091F839109D5C0D4304
:109CA0009D54216A827A91F83A301A43827291F86F
:109CB000380004F1340391F839501A5CAA431A545D
:109CC00004D191F83A10A0798843A07130BD00000A
:109CD000F00100240022827211464318491CC9B2C7
:109CE0000829DA72F9D370470E48502110B500F0F8
:109CF000A3F80C4B00200446411C03EB00108AB271
:109D000003EB02120470426007A2C26088B204280A
:109D1000F2D303EB001004A104704460C160034857
:109D2000036010BDA01505243F0000002C02002494
:109D3000D0E9001200232AB1116001B14A608068A5
:109D400083627047C26800295160F8D04B60F6E723
:109D500012484FF4347110B500F06EF80F4B00202C
:109D60000446411C00EB40000A4689B203EBC000E8
:109D700001EB410103EBC1010470416008A14161A5
:109D800090B21D28EDD300EB400005A103EBC0000D
:109D90000470446041610348036110BD400605241E
:109DA0003F000000F001002406480021016381709B
:109DB000C1700172C171C160C16181614161417055
:109DC00081727047F001002417484FF4F26110B51A
:109DD00000F032F815484FF4807100F02DF8124B66
:109DE0000020411C00EB40040A4604EBC000C9B24D
:109DF00003EBC00001EB410404EBC10103EBC10123
:109E000041610B490165D0B21528EAD300EB40014E
:109E1000074A01EBC000002103EBC000026541616D
:109E200004484362C16210BD100E0524100D0524C4
:109E3000A09D0008F0010024002203E0491E89B221
:109E400000F8012B0029F9D1704700000E48F021DD
:109E500010B5FFF7F1FF0C4B0020411C0A4689B2F8
:109E600000EB400001EB410103EBC10143F830106E
:109E700090B20928F1D300EB4000002143F83010E4
:109E80000248036010BD0000F015052430020024D4
:109E900070B5F6F73BFA0E4C0546A07898B9E07815
:109EA00088B900F019F80B48627950F82210A162C5
:109EB0002079824207D0C86B401CC863E068401C10
:109EC000E060F6F73EFA2846BDE87040F6F722BAA1
:109ED000F0010024100D05240649054A01F1340360
:109EE0008879105C1B5CD25C02EBC0004871704743
:109EF00074710108F00100242DE9F05F9846914645
:109F00000E460546DDE90ABAF6F700FA354F7C6AD7
:109F1000002C62D061691C347962F6F7FBF944F8D1
:109F20001C6C0026A5760123267605F007016676CF
:109F3000666144F810BC44E906A90C9824F80C0C9E
:109F4000E80824F80A8CE677207703FA00F2E17635
:109F500025A0A27703FA01F2627726606660E660C8
:109F6000A6602662A6626662E662C4E90C60002012
:109F70001C3C04EB8001401C10F0FF004E65F8D043
:109F80002046FFF78DFAF6F7C1F9184941F8254048
:109F9000F6F7C0F92046FFF717FBF6F7B7F90146C9
:109FA000F86AC4E9050600B18461FC6294F83A00DD
:109FB000BA7910430B4AB87194F83800343294F8E7
:109FC0003940135C23431354387A401C38720846D6
:109FD000F6F7A0F90020BDE8F09FF6F79BF94220C4
:109FE000F9E70000F00100243F000000100D0524F7
:109FF000054CF6F78BF9E169491CE161F6F78AF93E
:10A00000FFF786FBF5E70000F0010024044810B5D7
:10A010000068FFF7A9FBBDE81040FF20FFF7D6BAA4
:10A0200010020024184C02E0C820FFF70FFD6078F2
:10A030000028F9D0606964210025B0FBF1F060616F
:10A0400018B9FF202570FFF79DFCF6F75FF96169ED
:10A0500064225143E161F6F75DF9F6F757F9E169DA
:10A06000C4E90615F6F756F9D4E90510B0FBF1F08E
:10A07000C0F164002070FFF779FB00F007F864205E
:10A08000FFF7E4FCE9E70000F00100247CB50C4D8B
:10A09000002469462046FFF76BFB58B955F8241099
:10A0A00041B1012906D0D1E9020200EB82008864A7
:10A0B0000198C864641CE4B23F2CEAD97CBD00005E
:10A0C000100D0524D30707D0920705D500220029DB
:10A0D00002D0491E04C0FAE7704700002DE9F041A4
:10A0E00000240E460746F6F7E2F80A4D286806F007
:10A0F000CDFC28683246394606F028FE0546F6F7BC
:10A10000D8F82DB104A002F007FF2046BDE8F08189
:10A110000124FAE74C00002473667470204F7065C8
:10A120006E46696C652C20665F6F70656E20657287
:10A13000726F72203D2025640D0A2C207265730019
:10A140002DE9F0474FF000081E4F1F4C894682460C
:10A150004546464627E021781AF8050005292CD205
:10A16000DFE801F003070D1226002A2819D101208B
:10A1700016E0232801D1022012E0267011E0387089
:10A1800003202070E6800CE0232805D0E188491CDC
:10A1900089B2E180785404E0E088384446700420B5
:10A1A00020706D1CADB24D45D5D34046BDE8F0875B
:10A1B0002A28E2D197F80080DFE704A002F0ACFE85
:10A1C000DBE70000505D0124CC0000244552524FD3
:10A1D000523A200D0A46616974616C204572726FB3
:10A1E000722C20756E6B6E6F776E20737461746560
:10A1F0002121210D0D0A00002DE9F04114460E46E3
:10A20000002205464FF4FE60F9F7D2FB154F00F12E
:10A2100008037868008AF9F7C0FB3969002900DA79
:10A220003E61B44639694FF0FF36614515DBA14206
:10A2300013DC01FB00312846FDF71CFF396A0022C0
:10A240003869084408493861897DE970FA21A042DB
:10A25000A97003DB01223E6100E03E611046BDE8CB
:10A26000F081000008010024306D00242DE9F04148
:10A2700014460E46002205464FF4FE60F9F798FB9F
:10A28000154F00F108037868008AF9F786FBB96A70
:10A29000002900DABE62B446B96A4FF0FF36614564
:10A2A00016DBA14214DC01FB00312846FDF7E2FE7B
:10A2B000D7E90910002208440849B86291F8BE198C
:10A2C000E970FA21A042A97003DB0122BE6200E01E
:10A2D000BE621046BDE8F08108010024306D002404
:10A2E0002DE9F041054614460F462DED028B086816
:10A2F0001060486850602846F9F764FB40F2351258
:10A300007949002840F6FF7615FB02F201EBC20501
:10A310007DD095F8A52005F18000EAB395F8A4104A
:10A32000D1B3082A43D8082941D8B6FBF1F3608895
:10A33000A0F6FF70404290FBF3F0238800EE100A75
:10A34000B6FBF2F0F8EEC00AF5EEC00AB3FBF0F08F
:10A3500000EE100AB8EE400AF1EE10FA7DDB10EEC6
:10A36000900A4FF08243984277DCB5EEC00AF1EED6
:10A3700010FA72DB10EE100A98427CDCFDEEE00A67
:10A38000BDEEC00A10EE903A10EE100A994200DCC1
:10A390004B1E824202DC00E009E0501E03EBC301C9
:10A3A00000EBC00005EB411101EB8000A830002854
:10A3B00067D03968D0ED060A8AB27F6800EE102AAD
:10A3C0000B0C90ED071AB8EE400A60EE800A00EE22
:10A3D000103AB8EE400A41EE000A90ED080A30EE5D
:10A3E000800AB7EEC00AB5EEC00BF1EE10FA46D007
:10A3F00001EE102AD0ED001A90ED012AB8EE411AB4
:10A4000061EE811A01EE103AB8EE411A00E038E030
:10A4100042EE011A90ED021A31EE811AB7EEC11A1E
:10A4200081EE002B01EE102AD0ED031AB8EE411A8E
:10A4300061EE811A01EE103AB8EE411AF7EEC28BC6
:10A4400090ED042A42EE011A90ED051A31EE811AC0
:10A45000B7EEC11A81EE002B00E00CE0B7EEC28B24
:10A46000BCEEE80A10EE100A2080BCEEC80A10EE1E
:10A47000100A608005E01DA002F04EFD01E02160A1
:10A480006760002018EE901A264A914201DB268070
:10A4900005E0F5EEC08AF1EE10FA03D82080607175
:10A4A000A071E07118EE101A914201DB668005E0A0
:10A4B000B5EEC08AF1EE10FA03D860806071A07129
:10A4C000E071287C20B12088A0F6FF7040422080F7
:10A4D000687C002804D06088A0F6FF70404260804D
:10A4E000BDEC028BBDE8F081306D00246572726FA7
:10A4F000722066696E652074756E652121212121A7
:10A50000212121212121212121212121212121213B
:10A51000212121212121212121212121212121212B
:10A520000000000000F07F4510B500240120F9F77D
:10A5300021FA00280CDD074800F00EF8040007D0CF
:10A540000321002001F0AAFC0321012001F0A6FC58
:10A55000204610BDDCC9012470B5144E044600200D
:10A5600004F11205E27B317B91420AD1A17B727B1F
:10A57000914206D1F18901B1491E2846002200F01E
:10A580004BF896F8B419E27B91420ED1A17B96F874
:10A59000B529914209D1B6F8B61901B1491E28462C
:10A5A000BDE87040012200F037B870BD306D002466
:10A5B0002DE9F041144D0027B5F90200002816DD01
:10A5C000124CE18901B1491E114E0022701C00F0AD
:10A5D00023F807460F480078012808D1B4F8B619C7
:10A5E00001B1491E0122701C00F016F80746002038
:10A5F000688037B1022101F051FC0221012001F0F5
:10A600004DFC3846BDE8F08148010024306D00243F
:10A61000F8CB01242C0000242DE9FC5F0646405CA9
:10A620003144374D002417464978C5E90201F9F74E
:10A630007BF92861A146DFF8CCB040F6C41A324D50
:10A6400044F63C2817B1012F2CD056E001A96A46E8
:10A65000F9F74AF92D4C0746314646464FF4007249
:10A660002068304409F084F8002F19DD2648DDE920
:10A670000021FFF7C1FD002812DB298851450FD2C8
:10A68000E8783C280CD285F8029032461E492068B2
:10A6900009F06EF820689BF81610C170FA218170DD
:10A6A00002242AE001A96A46F9F71EF9184C074668
:10A6B000314646464FF400722068304409F058F89D
:10A6C000002F19DD1048DDE90021FFF7CFFD00283C
:10A6D00012DB298851450FD2E8783C280CD285F846
:10A6E000029032460849206809F042F820689BF839
:10A6F000BE19C170FA21817003242046BDE8FC9F79
:10A7000048010024306D00242C0F01246400002433
:10A710006C00002454482DE9F041524C86B0016889
:10A7200041F002010160016841F0200101604E48E2
:10A730000C38016841F48041016040200090022003
:10A7400001900320DFF82481002569460A27049739
:10A75000CDE902504046F9F7C3FF042069460926B7
:10A76000049600904046F9F7BBFF0496C020404E87
:10A77000694600903046F9F7B3FF4FF440706946E0
:10A78000049700903046F9F7ABFF3748643801680A
:10A7900041F480410160016821F480410160314849
:10A7A000203881688906FCD4324901603249416011
:10A7B000016841F00101016081688906FCD44FF411
:10A7C0009C71416181688907FCD5C16841F0020133
:10A7D000C16081688906FCD44FF48371416181684E
:10A7E0008907FCD5C16841F00201C1608168890612
:10A7F000FCD422494161056181684907FCD53021BB
:10A800002170016841F00401016081688907FCD56D
:10A81000C16841F00201C16081688906FCD4816889
:10A820008906FCD4C561164941611648016821F4C6
:10A8300080310160134970310A6822F001020A6018
:10A840000A1D156082060F4B78331A601B1D0E4AD5
:10A850001A6005220A60016841F48031016006B087
:10A86000BDE8F08120500052E04402580004025834
:10A87000001402581003000101041600C003000375
:10A88000EBEF180F24ED00E02D0003032DE9F04756
:10A89000DFF8E48004460F464FF00009D8F80000C6
:10A8A000C043800709D0344D283D286820F08060DF
:10A8B0002860FAF717F8064607E00120BDE8F087A0
:10A8C000FAF710F8801B02284ED828680001F7D448
:10A8D000D8F80010226821F47C3141EA0231C8F82E
:10A8E0000010207A4FF4FE02A1884002491EA0F514
:10A8F000007080B2C1F308010843A189491E02EA31
:10A9000001410843217C1202491E02EA0161084309
:10A910001949103108601848001D0168626921F06A
:10A92000C001114301600168A26921F020011143B7
:10A9300001606FB10168012F0ED041F40011016078
:10A94000286840F080602860F9F7CCFF04460DE0ED
:10A95000016841F40021F2E741F48011EFE7F9F7D3
:10A96000C1FF001B022801D90320A7E728680001C6
:10A97000F5D54846A2E70000284402582DE9F047E3
:10A98000DFF8E48004460F464FF00009D8F80000D5
:10A99000C043800709D0344D283D286820F08050FE
:10A9A0002860F9F79FFF064607E00120BDE8F08721
:10A9B000F9F798FF801B02284ED828688000F7D44A
:10A9C000D8F80010228821F07C7141EA0251C8F8C1
:10A9D0000010207A4FF4FE02A1884002491EA0F523
:10A9E000007080B2C1F308010843A189491E02EA40
:10A9F00001410843217C1202491E02EA0161084319
:10AA00001949183108601848001D0168626921F46D
:10AA10004061114301600168A26921F40071114392
:10AA200001606FB10168012F0ED041F080710160AB
:10AA3000286840F080502860F9F754FF04460DE084
:10AA4000016841F48001F2E741F40001EFE7F9F712
:10AA500049FF001B022801D90320A7E728688000CE
:10AA6000F5D54846A2E700002844025801490020D5
:10AA700088607047DC0000240E49002070B5086033
:10AA8000BFF34F8F081F006843F6FF740A4DC0F3F1
:10AA90004E31C0F3C90304EA4112184642EA8076F7
:10AAA0002E60401EFAD2491EF5D2BFF34F8FBFF37E
:10AAB0006F8F70BD84ED00E074EF00E00E49002060
:10AAC00070B50860BFF34F8F081F006843F6FF742E
:10AAD0000A4DC0F34E31C0F3C90304EA41121846CF
:10AAE00042EA80762E60401EFAD2491EF5D2BFF3AC
:10AAF0004F8FBFF36F8F70BD84ED00E074EF00E007
:10AB000010B586B0044600200091372101914FF422
:10AB10008071CDE90210080169460490204600F0DA
:10AB200059FB372141F28832204600F00FFA06B077
:10AB300010BD10B586B00446002000912921019176
:10AB40004FF48071CDE90210080169460490204657
:10AB500000F040FB204600F0B1FA06B010BD10B581
:10AB600086B0044600200091102101910901CDE931
:10AB70000210080169460490204600F02BFB1021CA
:10AB800041F28832204600F0E1F906B010BD10B560
:10AB900086B0044600200091062101914FF4807197
:10ABA000CDE90210080169460490204600F012FB2E
:10ABB000062141F28832204600F0C8F906B010BDE7
:10ABC00030B585B00446002569464FF480500095A5
:10ABD00001950295CDE90350204600F0FBFA0B48A1
:10ABE0004FF4FA510068B0FBF1F141F28830414373
:10ABF000491E02D24FF0004504E0606B0006F7D515
:10AC00000348A06305B0284630BD0000240000249E
:10AC1000C500200030B585B004464FF4D5706946B4
:10AC200000250090082001904001CDE902050001B7
:10AC30000490204600F0CEFA12484FF4FA51006812
:10AC4000B0FBF1F041F288314843401E03D24FF08F
:10AC5000004005B030BD616B11F0450FF5D0606B61
:10AC6000400701D5042003E0606BC00702D001203B
:10AC7000A063EEE7606B400601D54020A063284644
:10AC8000E7E700002400002410B586B00446002049
:10AC90000091122101914FF48071CDE90210080159
:10ACA00069460490204600F095FA122141F288325C
:10ACB000204600F04BF906B010BD10B586B0044632
:10ACC00000200091112101914FF48071CDE9021013
:10ACD000080169460490204600F07CFA112141F2F7
:10ACE0008832204600F032F906B010BD10B586B0AB
:10ACF00004464FF4807007210092CDE90110002036
:10AD000003904FF4805069460490204600F062FAA8
:10AD1000072141F28832204600F018F906B010BD34
:10AD200010B586B00446002102224FF44070CDE9F0
:10AD30000201D0020490CDE900126946204600F0DD
:10AD400049FA204600F092F906B010BD10B586B061
:10AD5000044600200091092101914FF44071CDE992
:10AD600002104FF4805069460490204600F032FAF9
:10AD7000204600F07BF906B010BD10B586B0044641
:10AD8000002133224FF48070CDE9020100010490CC
:10AD9000CDE900126946204600F01CFA332141F249
:10ADA0008832204600F0D2F806B010BD10B586B04B
:10ADB0000446002000910D2101914FF48071CDE9EE
:10ADC0000210080169460490204600F003FA0D21A4
:10ADD00041F28832204600F0B9F806B010BD30B517
:10ADE00085B0054603200C4600236946CDE90030B6
:10ADF0004FF48070CDE9020300010490284600F072
:10AE0000E9F903212246284600F07AF905B030BD61
:10AE100010B586B0044600210D224FF48070CDE9B4
:10AE2000020100010490CDE900126946204600F0BD
:10AE3000D1F90D2141F28832204600F087F806B0A2
:10AE400010BD000010B50C21044686B00020CDE9ED
:10AE500000014FF48071CDE9021008010490E06810
:10AE600040F08000E060E06820F04000E06069466B
:10AE7000204600F0AFF9054A0C21204600F066F8A4
:10AE8000E16821F08001E16006B010BD00E1F50548
:10AE900010B586B0044600200091062101914FF4C0
:10AEA0008071CDE90210080169460490204600F047
:10AEB00091F9062141F28832204600F047F806B0A9
:10AEC00010BD10B586B004460020009119210191F3
:10AED0004FF48071CDE902100801694604902046C4
:10AEE00000F078F9192141F28832204600F02EF85E
:10AEF00006B010BD10B586B00446002000911821A0
:10AF000001914FF48071CDE9021008016946049067
:10AF1000204600F05FF9182141F28832204600F007
:10AF200015F806B010BD0A6842624A688262D1E92B
:10AF300002231A43D1E904310B43C16A1A4321F0B9
:10AF4000FF011143C162002070470000444B10B55F
:10AF50004FF4FA541B68B3FBF4F35343414A5B1EAE
:10AF600002D24FF0004010BD446B1442F7D0426B48
:10AF7000520703D504218163084610BD426BD207F6
:10AF800002D00121816306E0364A80328263026981
:10AF9000D2B28A4201D0012010BD002100F0F8F8A1
:10AFA0003149084201D1002010BD002802DA4FF0DB
:10AFB000007010BD410001D5402010BD810001D5B9
:10AFC000802010BDC10002D54FF4807010BD01017A
:10AFD00002D54FF4007010BD410102D54FF48060DE
:10AFE00010BDC10102D54FF4006010BD010202D5B1
:10AFF0004FF4805010BD410202D54FF4005010BDF7
:10B00000810202D54FF4804010BDC10202D54FF439
:10B01000004010BD410302D54FF4003010BD810344
:10B0200002D54FF4802010BDC10302D54FF400209B
:10B0300010BD010402D54FF4801010BD410402D5AB
:10B040004FF4001010BD810402D54FF4800010BDF4
:10B05000000702D54FF4000010BD4FF4803010BD42
:10B06000240000244500200008E0FFFD11494FF4B2
:10B07000FA520968B1FBF2F141F288325143491E9C
:10B0800002D24FF000407047426B12F0450FF6D0ED
:10B09000416B490703D50421816308467047416B22
:10B0A000C90703D0012181630846704702498163C3
:10B0B0000020704724000024C50020000E494FF4F2
:10B0C000FA520968B1FBF2F141F288325143491E4C
:10B0D00002D24FF000407047426B12F0450FF6D09D
:10B0E000416B490703D50421816308467047034932
:10B0F000816300207047000024000024C500200068
:10B100001F4B10B54FF4FA541B68B3FBF4F341F234
:10B11000883463435B1E02D24FF0004010BD446B85
:10B1200014F0450FF6D0436B5B0703D50421816310
:10B13000084610BD436BDB0702D00121816303E0A9
:10B140000369DBB28B4201D0012010BD0D49816340
:10B15000002100F01DF810F4604F04D0410406D522
:10B160004FF4005010BD000C1080002010BD0004F2
:10B1700002D54FF4805010BD4FF4803010BD000058
:10B1800024000024C5002000006800F00300704780
:10B19000084440697047000030B51143DDE90345BC
:10B1A0004268234319432943024B1A400A43426031
:10B1B000002030BD002CFCFF10B5016841F00301F8
:10B1C00001600220F8F74CFD002010BDD0F880008F
:10B1D000704700000A688260D1E901231A43D1E96F
:10B1E00003310B43C1681A43024B19401143C1603C
:10B1F00000207047C0E0FEFF0968C0F88010002002
:10B200007047000010B5064C01202070F6F7A6FC30
:10B2100018B9207820F001002070207810BD0000BF
:10B220000A0300242DE9F04F87B00E460446F9F7D3
:10B2300059FB002581462F4620680821B846FFF7B4
:10B240008EFC00283CD1B4F8440001042068FFF7CC
:10B2500057FC002834D14FF0080A4FF0020B401E73
:10B260006946CDE9000A3020CDE9020B0120CDE985
:10B2700004702068FFF757FE2068FFF77EFD002866
:10B280001ED111E0416B090308D43DB9FFF79EFFC1
:10B2900007462068FFF79AFF01258046F9F722FB51
:10B2A000A0EB0900401C0ED02068416B40F22A52EE
:10B2B0001142E7D0416B090708D5C0F838A0082033
:10B2C00007B0BDE8F08F4FF00040F9E7416B890708
:10B2D00003D5C0F838B00220F2E7416B890603D5E8
:10B2E000202181630846EBE70449816398FA88F0DE
:10B2F000306038BA70600020E2E700003A0F0018B2
:10B300002DE9F04F97B0054640214FF00008684600
:10B31000F5F7EEF80026F9F7E5FA8146A86D18B1C1
:10B32000B0F5807F05D065E04FF0806017B0BDE8D4
:10B33000F08F28680024C46240212868FFF70FFCC2
:10B340000028F3D1401E4FF0020A4FF0010B10907D
:10B35000402011906020CDE9120ACDE9144B2868F5
:10B3600010A9FFF7E0FD10B14FF48030DEE722496D
:10B370002868FFF78DFD5FEA0008D7D16F4629687E
:10B38000486B40F22A5210421AD1486B00040BD588
:10B3900000242868FFF71AFF04EBC601641C082C80
:10B3A00047F82100F5D3761CF9F79CFAA0EB0900C9
:10B3B000401CE4D14FF00040686385F830B0B5E739
:10B3C000486B000703D5082088630020AEE7486B70
:10B3D000800701D5504603E0486B800602D5202047
:10B3E0008863A3E7054888639DF80D00800701D4B2
:10B3F0004FF08058404699E701FFFF80FF0FE01FA4
:10B4000010B58CB004460120ADF82C002068FFF781
:10B41000BBFE002853D0A06B032841D02068FFF763
:10B420007FFC002849D120680021FFF7B1FEE066CB
:10B4300004212068FFF7ACFE206708212068FFF791
:10B44000A7FE60670C212068FFF7A2FEA067A06B33
:10B45000032825D020680BA9FFF7C1FC00282CD1B8
:10B46000A06B03281CD0BDF82C0060640104206888
:10B47000FFF76CFC002820D120680021FFF788FE30
:10B48000E06504212068FFF783FE2066082120681C
:10B49000FFF77EFE60660C212068FFF779FEA0664C
:10B4A00004212068FFF774FE000D694620642046E1
:10B4B000FAF7B6FD30B14FF080500CB010BD4FF030
:10B4C0008060FAE7B4F84400002302042068FFF724
:10B4D0000DFCF2E72DE9F84F0026044637463546C5
:10B4E00000960068FFF76CFB00281FD12068FFF76B
:10B4F00091FB4FF0010808B1E66301E0C4F83C801D
:10B5000000212068FFF7FCFA4FF080594FF6FF76D4
:10B5100058B917E020680021FFF7F2FA002805D19A
:10B5200020685146FFF705FB10B14846BDE8F88F8B
:10B5300020680021FFF72CFEC50F07460098401C2D
:10B54000009002E0DFF820A00098B04201D2002D68
:10B55000E0D0B04202D34FF08070E7E7780001D529
:10B56000C4F838800020E1E7000010C12DE9F04167
:10B5700086B00D460446F9F7B5F900210746206864
:10B58000FFF706FE800104D54FF4006006B0BDE869
:10B59000F08120684021FFF7E2FAD8B9B4F84400FE
:10B5A00001042068FFF7ACFAA0B94FF0FF3000901B
:10B5B000402001906020029002200390002004901F
:10B5C0000120059020686946FFF7ADFC2068FFF771
:10B5D0001FFC98B1616B6163D8E7406B000407D52D
:10B5E00000262068FFF7F2FD761C082E01C5F8D36F
:10B5F000F9F778F9C01B401C02D126E04FF0004853
:10B600002068416B11F4957FE7D0416B090701D5A4
:10B610000820BBE7416B890701D50220B6E7406BE4
:10B62000800609D52020B1E7FFF7D0FD01C5F9F765
:10B6300059F9C01B401C08D02068416B8904F3D421
:10B640002168034888630020A0E740469EE7000089
:10B650003A0F001870B5064C054601202070F6F729
:10B6600089FA18B92846FFF7CDFD2070207870BD03
:10B670000A030024124810B58AB014460078C007A7
:10B6800002D003200AB010BDC1B1012905D00229A2
:10B6900008D003290CD00420F4E76846F6F758FADE
:10B6A00006980AE06846F6F753FA0798208005E006
:10B6B0006846F6F74DFA0798400A20600020E1E757
:10B6C0000A03002470B501241D4616460846A31E31
:10B6D0002A463146F6F774FA20B9F6F73FFA002801
:10B6E000FBD10024204670BDFFF78CBD70B501244E
:10B6F0001D4616460846A31E2A463146F6F770FA3E
:10B7000020B9F6F72BFA0028FBD10024204670BDA3
:10B7100010B5164C4FF08061134820604FF4800044
:10B7200060604FF4C020A0600F20E0604FF0007018
:10B7300020610020C4E90501490161656063C90811
:10B74000C4E907106062A0620720E0622046FBF7B0
:10B7500099F82068016841F001010160BDE81040DE
:10B76000FF2000F005B8000000380040D0D30124CD
:10B7700001B582B04FF47A700123009001AA03480A
:10B7800002A9FBF713FA9DF804000EBDD0D30124E3
:10B7900010B5164C4FF08061134820604FF48000C4
:10B7A00060604FF4C020A0600F20E0604FF0007098
:10B7B00020610020C4E90501490161656063C90891
:10B7C000C4E907106062A0620720E0622046FBF730
:10B7D00059F82068016841F001010160BDE810409E
:10B7E000FF2000F005B80000003C004058D40124C0
:10B7F00001B582B04FF47A700123009001AA03488A
:10B8000002A9FBF7D3F99DF804000EBD58D401241A
:10B8100010B5164C4FF08061134820604FF4800043
:10B8200060604FF4C020A0600F20E0604FF0007017
:10B8300020610020C4E90501490161656063C90810
:10B84000C4E907106062A0620720E0622046FBF7AF
:10B8500019F82068016841F001010160BDE810405D
:10B86000FF2000F005B8000000340140E0D40124BE
:10B8700001B582B04FF47A700123009001AA034809
:10B8800002A9FBF793F99DF804000EBDE0D4012452
:10B8900010B502685169936943F008039361026827
:10B8A000936943F0100393610268136823F0010366
:10B8B00013600268136940F26B34A343136102689A
:10B8C000936823F44043936090F88120042A0CD0BD
:10B8D0008A060AD5D0F8842042F08002C0F884207D
:10B8E0000268936943F02003936190F88120032A52
:10B8F0001DD04A060AD5D0F8842042F00402C0F8D0
:10B9000084200268936943F040039361826AB2F530
:10B91000800F0CD10A060AD5D0F8842042F002022A
:10B92000C0F884200268936943F0800393618A051C
:10B930000AD5D0F8842042F00102C0F884200268C1
:10B94000936943F400739361C9050AD5D0F8841054
:10B9500041F00801C0F8841001688A6942F48072DD
:10B960008A610021A0F86210A0F86A1010BD0000E2
:10B9700000B5AFB04FF440500090002017901890E1
:10B980006846F9F771FAFFF7C3FE05480078012809
:10B9900003D1FFF7FDFEFFF73BFF2FB000BD000016
:10B9A0002C0000242DE9F0411E4617460D46804626
:10B9B000069C0AE0601C08D024B1F8F793FF801BB6
:10B9C000A04202D90320BDE8F081D8F80000406908
:10B9D00035EA000004D00020B842EBD00020F2E7A6
:10B9E0000120F9E7026842F40062026042686FF3E6
:10B9F0000F02521C4260026842F0010202600268BB
:10BA000042F40072026001844169C9430907FBD412
:10BA1000816941F018018161016821F00101016033
:10BA20000020704770470000F8B500250095F4F736
:10BA30003EFC144C02220FA1206A05F087F928B1C0
:10BA4000206A06220BA105F081F978B942F20806B6
:10BA50000D49206A6B46324605F021FC18B9009862
:10BA6000B04200D10125206A05F010F8F4F721FC5E
:10BA70002846F8BD303A2F64616D65692F622E74D7
:10BA8000787400002C000024808000247CB50446DB
:10BA90001848002500680422010E8DF80010010CE2
:10BAA0008DF80110010A8DF8021021468DF803006F
:10BAB0006846F4F788FDD0B90020F7F7E3FAA8B993
:10BAC0000020FCF79BFD88B902230020194601AA3B
:10BAD0000190FDF74FF94FF400721046F7F768FF39
:10BAE000002103460190201DF7F778FD0546284602
:10BAF0007CBD000000E8F11F2DE9F34F81B04FF04D
:10BB0000080B002004278046044606468146009024
:10BB1000F4F7CDFB0198DFF8B0A1002845D0DAF8A2
:10BB20000000554604F0B2FF01990122286805F093
:10BB30000DF9070039D1202107F00AFE050034D0A5
:10BB400020226B460146DAF8000005F0C8F907002C
:10BB500027D10098202824D15C48698A4068428A0D
:10BB6000914211D16969426991420DD1298A028AB3
:10BB7000914209D1A9698269914205D154A001F08D
:10BB8000CBF94FF0010903E02022294607F0F0FD30
:10BB90004E4840680119641C082C097A3144CEB221
:10BBA000F8DB0020294607F0C7FD59EA070076D1E7
:10BBB000F7F79EFB5048FFF769FF4FF4FE60F7F779
:10BBC000F7FE424F044604224FF47A757968088ADA
:10BBD00002EBC0094A8AAA4205D948A0294601F0C9
:10BBE0009BF9786845826B467868B968408A42005C
:10BBF000DAF8000005F073F94C484FF40072234660
:10BC00005946F7F7EBFC0BEB0405DFF824B10122F2
:10BC100002215C465846F8F760FE01222046114694
:10BC2000F8F75BFE002435E0029878B36B464A468D
:10BC30000146DAF8000005F052F918BB009A4A45AF
:10BC400027D102983146F6F7EEF90298294600F01E
:10BC5000C5F8002817DD0544642094FBF0F100FBD3
:10BC6000114078B978682B462146426931A001F02D
:10BC700053F902215F465846F8F72BFE012138465A
:10BC8000F8F727FE05E04FF0FF3808E0FFE76FF018
:10BC90000108641C0D4F78684069A042C4D8DAF8E6
:10BCA000000004F0F3FE224C002202212046F8F7A7
:10BCB00014FE012220461146F8F70FFEF4F7F9FAB8
:10BCC0004046BDE8FE8F000050000024080100241B
:10BCD00044617461626173652068617320616C7294
:10BCE00065616479207361766564206265666F7250
:10BCF00065210D0A0000000064C70124546F6F2005
:10BD00006D616E7920637565732C202564206F66E4
:10BD100020256420637565732077696C6C206265EB
:10BD20002073617665642E0D0A000000B45F012463
:10BD30000004025857726974652025642066726198
:10BD40006D65206F66202564206672616D65732CB9
:10BD500020736563746F72206E756D203D202564BD
:10BD60000D0A00002DE9F05F1B490020DFF864E0B8
:10BD7000834691F80AA091F80B9091F80C8091F805
:10BD80000DC08F7CCE7C0D7D4C7D40F2351300FBC9
:10BD900003F1401CC0B202280EF831B00EEBC10115
:10BDA0004B7803F0FE034B7081F803B081F802B0CA
:10BDB00081F804A081F8059081F8068081F807C019
:10BDC0000F724E728D72CC72DFD3BDE8F05F00F05F
:10BDD00023B80000306D0024E01805242DE9F0415F
:10BDE0000C4C07460E464FF0FF356068008AF7F7A7
:10BDF000D4FD4FF40072034631463846F7F7EEFBA8
:10BE000020B96068008AF7F7C8FD05462846BDE8F6
:10BE1000F081000008010024F8B500250095F4F732
:10BE200046FA144C02220FA1206A04F08FFF28B1B9
:10BE3000206A06220BA104F089FF78B941F250363E
:10BE40000D49206A6B46324605F029FA18B9009868
:10BE5000B04200D10125206A04F018FEF4F729FA57
:10BE60002846F8BD303A2F64616D65692F312E7414
:10BE7000787400002C000024306D002440F202226F
:10BE80000146044810B5F4F70BFB03484188491CF0
:10BE9000418010BDF8CB012448010024032900D9BA
:10BEA000002140F23512012910FB02F2084800EB94
:10BEB000C20251750BD1807D4FF47A71B1FBF0F065
:10BEC000044908800120044908600449086070475B
:10BED000306D00240A000024280100242C010024D5
:10BEE00010B50C4681B20020F6F790F8A1B20120FF
:10BEF000F6F78CF8002010BD2DE9F0470E461C46E1
:10BF000081B21546DDF820900020F6F77FF8B1B237
:10BF10000120F6F77BF8DFF8788026464FF6FF74AD
:10BF20004FF4807740460022394604EA861604EA38
:10BF30008515F8F7D2FC2946164D2846FFF752FD25
:10BF4000012239464046F8F7C8FC2F15404600222A
:10BF50003946F8F7C2FC31462846FFF743FD012277
:10BF600039464046F8F7B9FC6E1440460022314687
:10BF700004EA8914F8F7B1FC21462846FFF732FDA0
:10BF8000012231464046F8F7A8FC0020BDE8F087C2
:10BF9000000C0258003800402DE9F05F9146314A0C
:10BFA00098461278012A59D18C004FF4006685001A
:10BFB0002D4800223146F8F790FC77002A480022ED
:10BFC0003946F8F78AFCA9B2284DDFF8A4B0A3B22D
:10BFD0002A46584600F003FF234801223146F8F76D
:10BFE0007CFC214801223946F8F777FC4FF6FF74B4
:10BFF00004EA8816DFF87C8000228021404604EAAB
:10C000008917F8F76AFCDFF870A04FF480790022F6
:10C0100049465046F8F761FC3B462A4631465846A9
:10C0200000F0DDFE012240468021F8F756FC012297
:10C0300049465046F8F751FC0A986E1400223146E2
:10C0400004EA80140848F8F748FC21462846FFF720
:10C05000C9FC054801223146F8F73FFC0020BDE845
:10C06000F09F00002C00002400100258003C00400B
:10C0700000340140000802580000025800284FF424
:10C08000FA7110B500DC012091FBF0F400F050F9DA
:10C09000601E40F28F11BDE8104000F033B900007F
:10C0A0000B4910B50978012910D100284FF4FA7115
:10C0B00000DC012091FBF0F400F068F9641E40F20E
:10C0C0008F11A0B2BDE8104000F04AB910BD0000C9
:10C0D0002C0000244FF4FA7191FBF0F040F28F1124
:10C0E000401E00F0E3B8000070B5294C9CB02568F4
:10C0F00025F004052560264C00260C34256845F4FF
:10C1000040452560256805F440451B952568AD042C
:10C11000FCD5012400940CAD039624040194022460
:10C120000994CDE90A410796082485E80D00CDE978
:10C1300010466846F9F79EFC98B9FEF7EBFA3F20E7
:10C1400013900320CDE9140640200101CDE91640EB
:10C15000CDE9180150201A90022113A8F9F7DCFA52
:10C1600010B101201CB070BD0A48016841F0800187
:10C1700001600848F430016841F002010160006884
:10C1800000F002001B90F8F7A3FA0020EAE7000095
:10C190000C4802580044025810B50A4CA06B807835
:10C1A00000280DD000F0C4F8D4E90E10C4E90E0147
:10C1B00000218170E06BC078BDE81040FFF75EBFE2
:10C1C00010BD00002C00002410B50A4C206C8078B3
:10C1D00000280DD000F0DAF8D4E91010C4E91001FD
:10C1E00000218170606CC078BDE81040FFF758BF37
:10C1F00010BD00002C00002410B5F8F779FB0648AC
:10C200000078012807D1FCF7EBFEFDF787FCBDE8BD
:10C210001040FCF7F1BE10BDF70100241C48016876
:10C2200041F4700101601B49086840F0010008609A
:10C23000184A0020103210600A68174B1A400A6032
:10C24000144A18321060121D1060121D1060114A3D
:10C2500028321060121D1060121D1060121D106037
:10C26000121D1060121D1060121D1060121D106052
:10C270000A6822F480220A600649603108600120C1
:10C280000649C1F80801C0060149803908607047B5
:10C2900088ED00E0004402587FEDF6EA008000518E
:10C2A0000148FAF79ABE000048D20124084A4FF02C
:10C2B000804310B5C2E900310021C2E902101046E6
:10C2C0001161FAF72BFEBDE810400148FAF778BE7D
:10C2D00048D2012407480068016A41F21112114254
:10C2E00007D1016A9210114203D1018821F00101A6
:10C2F0000180704748D201240148FAF76EBE000061
:10C30000C8D10124094A084B10B5C2E90031002107
:10C31000C2E9021010461161FAF700FEBDE81040B4
:10C320000248FAF74DBE000000040040C8D10124C5
:10C3300007480068016A41F21112114207D1016AEF
:10C340009210114203D1018821F001010180704750
:10C35000C8D101240148FAF740BE000008D20124E8
:10C36000094A084B10B5C2E900310021C2E90210A8
:10C3700010461161FAF7D2FDBDE810400248FAF705
:10C380001FBE00000010004008D2012407480068CA
:10C39000016A41F21112114207D1016A9210114251
:10C3A00003D1018821F001010180704708D20124E6
:10C3B0002DE9F04702884FF0804A254C254D264E46
:10C3C000A042264F264B09D0504507D0A84205D0A1
:10C3D000B04203D0B84201D0984204D122F0700C90
:10C3E0004A6842EA0C02DFF87CC0DFF87C80A04299
:10C3F000DFF878900FD050450DD0A8420BD0B04256
:10C4000009D0B84207D0984205D0604503D04045D6
:10C4100001D0484503D122F44075CA682A438D8A69
:10C4200022F080022A4302808A68C2620A8802855A
:10C43000A04207D0984205D0604503D0404501D0C6
:10C44000484501D1098A018601214161BDE8F08793
:10C45000000001400004004000080040000C0040C3
:10C4600000040140004001400044014000480140F8
:10C47000BFF34F8F05480168054A01F4E06111439D
:10C480000160BFF34F8F00BFFDE700000CED00E03F
:10C490000400FA052DE9F0434FF000080D4685B081
:10C4A00006460DF1080940464446474622E0A1F100
:10C4B00030020A2A01D32E291FD1092A19D80228AD
:10C4C00017DC641C09F80010401C315D2E2903D0D4
:10C4D00011B103280EDB10E003280EDC002109F85F
:10C4E000001002A8F4F794F9E8550020641C7F1CA2
:10C4F00000E0641C315D0029D9D11E480078012874
:10C5000009D1E978A878CDE900016B781AA02A78DA
:10C51000314600F001FD2148042F05D0317864290F
:10C520000ED044290CD020E029780171697841713E
:10C53000A9788171E978C171417801F0FE0111E0BB
:10C540007178682901D048290FD1B178632901D0C9
:10C5500043290AD1F178702901D0502905D14178B9
:10C5600041F001014FF00108417005B04046BDE8BF
:10C57000F0830000C80000244C4F473A20546573F4
:10C580007453657449502025733D25642E25642E0F
:10C5900025642E25640D0A0D0A000000306D00246C
:10C5A00070B500250646F4F733F984B208480078E0
:10C5B000012804D107A02246314600F0ADFC601FDF
:10C5C0005F2803D82046FFF759FD0125284670BD96
:10C5D000C80000244C4F473A205465737453657467
:10C5E0005050532025733D25640D0A0D0A000000AC
:10C5F0007047000002498868401C8860704700004E
:10C60000DC00002410B5FCF7EBFC0A48FAF7D2FD79
:10C610000848FAF7C6FD042802D10749002008702F
:10C62000012206490348FAF727FFBDE81040FCF74E
:10C63000E3BC000044CF0124D8000024980100246A
:10C6400090F83410C90706D001684A68836B22F459
:10C6500000321A434A6090F83410890706D5016801
:10C660004A68C36B22F480321A434A6090F834104F
:10C67000490706D501684A68036C22F480221A43F0
:10C680004A6090F83410090706D501684A68436C7F
:10C6900022F400421A434A6090F83410C90606D5C5
:10C6A00001688A68836C22F480521A438A6090F889
:10C6B0003410890606D501688A68C36C22F40052DA
:10C6C0001A438A6090F83410490611D501684A6807
:10C6D000036D22F480121A434A60016DB1F5801F88
:10C6E00006D101684A68436D22F4C0021A434A60C9
:10C6F00090F83410090606D501684A68806D22F466
:10C70000002202434A607047F8B500250446C56719
:10C71000F8F7E8F80746206800686FF07E460007E3
:10C7200008D500223B464FF400112046009600F049
:10C73000FBFA60B92068006840070AD500223B4632
:10C740004FF480012046009600F0EEFA08B1032075
:10C75000F8BD202084F8790084F87A00002084F85D
:10C760007850F8BD10B5806B0021A0F86A10A0F8D1
:10C770006210FAF715FD10BD01680A6822F4907284
:10C780000A6001688A6822F001028A60202180F82C
:10C790007A10704710B5B0F86C2090F87A300168C4
:10C7A000222B05D0088B40F008000883022010BD22
:10C7B000898C8368B3F5805F01D103696BB1114047
:10C7C000426E531C43661170B0F86A10491E09048A
:10C7D000090CA0F86A1007D015E0436E11401980CB
:10C7E000416E891C4166EFE701680A6822F4907285
:10C7F0000A6001688A6822F001028A60202180F8BC
:10C800007A10FAF78DFE002010BD00002DE9F04FE0
:10C81000044600688025FD4B0021D4F810C087B085
:10C82000A6680F46D4F81C8046EA0C06D4F814C05B
:10C83000A26A4CEA080C46EA0C0632430668DFF8A6
:10C84000D0C306EA0C061643066020684268E66814
:10C8500022F44052324342602268A0699A4201D0D9
:10C86000266A3043A66AB6F1005F04D1D4E90B6CA6
:10C8700046EA0C0630439668DFF898C306EA0C06D1
:10C88000064396602068C26A666A22F00F0232434D
:10C89000C262E14E2068E14AB04210D1126802F053
:10C8A0003802182A74D005DCCAB3082A7AD0102AB4
:10C8B00047D179E0202A7BD0282A7CD17AE0D84E53
:10C8C000B04209D1126802F00702062A73D2DFE8EB
:10C8D00002F053696B6D6F71D24EB04209D112688C
:10C8E00002F00702062A66D2DFE802F0465C5E60CC
:10C8F0006264CD4EB04209D1126802F00702062AE6
:10C9000059D2DFE802F0394F51535557C74EB04264
:10C910000BD1126802F00702062A4CD200E00EE0AA
:10C92000DFE802F02A4042444648C14EB04209D1F5
:10C93000126802F03802182A38D0BBDCB4E74FF096
:10C94000010538E0BB4EB04209D1126802F007027F
:10C95000062A30D2DFE802F01026282A2C2EB64E06
:10C96000B0420BD1126802F00702062A23D2DFE898
:10C9700002F003191B1D1F2100251CE098421AD14B
:10C98000A64A121D126802F00702062A13D202E01C
:10C990000CE007E00CE0DFE802F0030507090B0DEF
:10C9A000022508E0042506E0402504E0082502E011
:10C9B000102500E02025DFF864B2A04E9842DFF891
:10C9C00080A2ABF1540B73D1102D31D006DC022DB7
:10C9D00009D0042D0AD0082D2FD111E0202D29D007
:10C9E000402D2AD107E0F8F72DF913E06846F8F753
:10C9F0003FF901980EE003A8F8F7B8F9049809E0A8
:10CA0000DBF800105846890610D50068C0F3C10154
:10CA10002AFA01F0002811D06168894601EB410132
:10CA200081420AD8B0EB093F07D808E05046F3E747
:10CA30008448F1E74FF40040EEE7012733E1102D81
:10CA40004FF000084ED006DC022D0FD0042D15D07B
:10CA5000082D04D12DE0202D4AD0402D13D00127E0
:10CA6000794AA0F54071914270D9E6E7F8F7EAF803
:10CA7000626A0023414636F812200DE06846F8F756
:10CA8000F7F8019803E003A8F8F770F90498002379
:10CA9000616A36F811201946F3F7C1FC6268090291
:10CAA000030241EA10615008181841EB080115E033
:10CAB00032E0DBF800105846890609D500680023EB
:10CAC000C0F3C1012AFA01F0616A36F8112015E0BD
:10CAD000606A002336F8102050460FE00023F3F779
:10CAE0009EFCBDE7606A002336F81020554805E03B
:10CAF000606A002336F810204FF400400021F3F75D
:10CB00008EFC0902020241EA10614FEA5900101836
:10CB10004A4641EB0801E1E7E3694FF400429342E2
:10CB20004DD1082D23D005DC8DB1012D12D0042D5F
:10CB300006D112E0102D35D0202D3AD0402D11D045
:10CB4000012721F00F00C1F3420108435AE0F8F732
:10CB5000E9FE16E0F8F7FCFE13E06846F8F788F8FF
:10CB600001980EE003A8F8F701F9049809E0DBF852
:10CB700000105846890608D50068C0F3C1012AFA9A
:10CB800001F0616A36F8111010E0606A36F8101092
:10CB9000BAFBF1F04100606801EB5001B1FBF0F02D
:10CBA00081B2CEE7606A36F810102648B0FBF1F08B
:10CBB000F0E7606A36F81000B2FBF0F0EAE7082D03
:10CBC0004AD00ADC0DB3012D43D0042D7FF44DAFC4
:10CBD0006846F8F74DF8019809E0102D52D0202D45
:10CBE00055D0402DF2D103A8F8F7C0F80498616A37
:10CBF00036F81110B0FBF1F1606801EB5001B1FBA8
:10CC0000F0F080B22168C8604DE01FE0000C0058D1
:10CC1000F369FFCFFFF4FF110010014054440258A4
:10CC20000044004000480040004C004000500040DC
:10CC30000014014000780040007C0040147101089D
:10CC40000090D00300093D00FFFC0F00F8F76AFEDA
:10CC5000CDE7F8F77DFECAE7DBF8002059469206DB
:10CC60000AD50968C1F3C1022AFA02F1626A36F8EC
:10CC70001220B1FBF2F20FE0616A36F81120BAFB24
:10CC8000F2F209E0616A36F811200949F1E7616AB8
:10CC900036F81110B2FBF1F2616802EB5102B2FBFF
:10CCA000F1F189B2C16007B03846BDE8F08F0000ED
:10CCB00000093D0090F87910212901D00220704729
:10CCC000B0F8621021B18168B1F5805F13D014E033
:10CCD00001680A68920004D58A6822F400028A601A
:10CCE00003E00A6822F080020A600068016841F0EF
:10CCF000400101600CE0016961B1C16D4A1CC2656F
:10CD0000026809781185B0F86210491EA0F8621017
:10CD100000207047C16D02680988C1F308011185C0
:10CD2000C16D891CC165EEE72DE9F0411E4617462D
:10CD300088460446069D1CE0681C1AD025B1F7F70A
:10CD4000D1FD801BA84214D92068016821F4D0715C
:10CD500001602068816821F001018160202084F851
:10CD6000790084F87A00002084F878000320BDE878
:10CD7000F0812068C16938EA010004D00020B8427F
:10CD8000DAD00020F3E70120F9E7000070B5104D7C
:10CD90000024FCF725F90F48FAF70CFA02E0641CAE
:10CDA000AC4204D80B48FAF7FEF92028F7D100244A
:10CDB00002E0641CAC4206D8074901220548FAF794
:10CDC0005BFB0028F5D1BDE87040FCF715B9000009
:10CDD000FFFF0100C4CE012493010024FEE710B53B
:10CDE0000446006840F40060206060686FF30F0044
:10CDF000401C6060206840F001002060206840F422
:10CE000000702060218419461046FEF7EBFDA069F2
:10CE100040F01800A061206820F001002060002090
:10CE200010BD0000F8B5002416460F4605460094D4
:10CE3000F3F73DFA29460A4D286803F037FE30B172
:10CE400008A000F069F8F3F734FA2046F8BD286826
:10CE50006B463246394604F022FA0124F3E700001B
:10CE60004C000024736674702057726974654669BB
:10CE70006C652C20665F6C7365656B206572726FE4
:10CE800072203D2025640D0A2C207265730000007D
:10CE9000F0B50446008889B004F1080798B36068CB
:10CEA000A0B102213846FDF719F9050004F5847692
:10CEB00005D0228831466068FFF7B4FF0546384642
:10CEC000F5F76AF86088012802D019E00A21E9E73D
:10CED000F3F7EDF96946384604F0BDF82088694655
:10CEE00030440088ADF80400208804F5857420449F
:10CEF0000088ADF80600384604F095F9F3F7D9F943
:10CF000009B02846F0BDFFE7F3F7D1F9384604F041
:10CF100022F90546F2E700000FB4054B10B503A94E
:10CF2000044A029800F08EFD10BC5DF814FB00006E
:10CF30009D1701089C01002430B414460D4602469A
:10CF40002146284630BC014B00F07CBD9D170108EE
:10CF500003B401984100009850EAC12018BF042092
:10CF60004A0D18BF40F0010040F2FF72B2EB515F72
:10CF700008BF40F00200012808BF052002B070473A
:10CF80000907090E002804DB00F1E02080F80014F6
:10CF9000704700F00F0000F1E02080F8141D70478A
:10CFA00000487047FC03002430B528B1144C031F1F
:10CFB000002021680A4605E0084630BD9A4203D8A1
:10CFC00010465268002AF9D1002800D041680BD0E1
:10CFD0000468A3EB0005A54204D11B681C4403466A
:10CFE000046002E0436000E023603AB11C68D51A97
:10CFF000A54203D115682C441C6052685A6030BDAC
:10D00000F40300240000000010B529499FED261B01
:10D010002DED020B84B0059820F000408842D8BF67
:10D020009DED040B2DDD2349884209D1049840B9B8
:10D030004FF0010000F06CFB00F042FB06B010BDA9
:10D0400005DB9DED040B30EE000B06B010BD68460D
:10D050009DED040B00F088F810F0030004BF9DED77
:10D06000021B9DED000B0CD001280ED09DED021B84
:10D070009DED000B022810D0012000F0A5FA06B0AB
:10D0800010BD00F0F9F906B010BD9DED021B9DED3D
:10D09000000B012000F098FA01E000F0EDF906B075
:10D0A000B1EE400B10BD00000000000000000000C9
:10D0B000FB21E93F0000F07F10B529499FED261BB9
:10D0C0002DED020B84B0059820F000408842DCBFB3
:10D0D00000209DED040B2EDD2249884209D10498E1
:10D0E00040B94FF0010000F013FB00F0E9FA06B080
:10D0F00010BD05DB9DED040B30EE000B06B010BD3E
:10D1000068469DED040B00F02FF810F003000DD0E1
:10D11000012814D09DED021B9DED000B022816D0B6
:10D1200000F0AAF906B0B1EE400B10BD9DED021B58
:10D130009DED000B012000F047FA06B010BD9DEDFB
:10D14000021B9DED000B00F097F906B010BD012009
:10D1500000F03AFAE6E700000000000000000000DE
:10D16000FB21E93F0000F07F2DE9F14F04462DED52
:10D17000020B2DED048B94B09FED9D0B80ED020B07
:10D18000199E9D4826F0004585420ADC9DED180B4E
:10D19000002084ED000B14B0BDEC048B03B0BDE89F
:10D1A000F08F96489FED969B9FED978BA84225DDCB
:10D1B00097489FED991B9FED9A2B9DED180B002E24
:10D1C0000DDD30EE490B854212BF30EE480B30EEDC
:10D1D000410B30EE420B84ED000B0120DBE730EE1B
:10D1E000090B854212BF30EE080B30EE010B30EE1A
:10D1F000020B84ED000B4FF0FF30CCE78A48A842C9
:10D2000053DB9DED180B51EC100B04F021F941ECB0
:10D21000100BB0EE401B9FED862B9FED870B290D69
:10D22000DFF81CC201EE020B0120FDEEC00B10EE78
:10D23000903A00EE903AB8EEE02BB0EE410B02EEE1
:10D24000490B22EE081BFC44032830EE411B84ED01
:10D25000001B1DD011EE902A00EB4015113DC2F3CA
:10D260000A528A1A954213DA0CEB0012B0EE403BD8
:10D2700092ED000B401C20EE021B33EE410B33EE0F
:10D28000403B33EE411B92ED023B12EE031BDBE70A
:10D29000002EA8BF1846BFF67EAF94ED000B584293
:10D2A000B1EE400B84ED000B75E7C6F3130040F4BC
:10D2B000801EC6F30A50A0F2F530471100F01F059A
:10D2C000C5F12000DDF860B01390002008900990AF
:10D2D00005200DF1080C5B49002D07EB0002794495
:10D2E00008BF51F8221009D051F8223001EB820119
:10D2F000AB404A68139922FA01F11943A1FB0E26AB
:10D30000A1FB0B131A449A4234BF0123002303EB01
:10D3100006080CEB8003D3E901A60E448E4234BF0D
:10D320000121002192448A4411B1924502D903E0BF
:10D33000924501D2012100E00021C3E901A6414448
:10D340004CF82010011EA0F10100C4DC04989DEDF2
:10D35000050A00F10050810F04989FED3B4B8000BF
:10D3600001EE100ADDED060A9DED072AB8EEC13B7D
:10D37000B8EE401BB8EE600BB8EE422B002021EE59
:10D38000041B9FED334B20EE040B9FED334B22EE3D
:10D39000042B30EE024B34EE014B34EE034B8DED9B
:10D3A000004B00909DED004B199834EE433B10F07C
:10D3B000004F33EE411B31EE400B32EE401B9DED32
:10D3C000000B9FED272B20EE020B9FED272B01EE8C
:10D3D000020B9DED001B9FED262B01EE020B1CBFE7
:10D3E0004942B1EE400B84ED000B0846D3E6000045
:10D3F0000000000000000000FB21E93F7CD9024052
:10D4000000004054FB21F93F3163621A61B4D03D02
:10D41000FB21F93F000000000000601A61B4D03D1C
:10D420007370032E8A19A33BFB21394100000000D1
:10D4300083C8C96D305FE43F000000000000E03F9A
:10D4400096A500002EA50000000000000000103E80
:10D45000000000000000103C000000000000103A36
:10D460003326A611460B113C182D4454FB21F93DDF
:10D4700000000054FB21F93D10B52DED040B2DEDFE
:10D48000068B82B0B0EE41AB09989FED299B20F04E
:10D490000044B4F1795F0FDA9DED080BBDEEC00BCF
:10D4A00010EE100A002801BFB0EE490B02B0BDEC2F
:10D4B000068B04B008BF10BD9DED080B1E48062169
:10D4C00020EE008BB0EE480B784400F045F820EEDB
:10D4D000080B9DED081B1C48844228EE000B01EE52
:10D4E0004A0B9FED171B28EE011BBCBF31EE400B12
:10D4F00039EE400B16DB1548A042BCBF9FED142B44
:10D500008DED002B06DBA4F50010019000200090AB
:10D510009DED002B31EE421B39EE422B31EE400BDC
:10D5200032EE400B02B0BDEC068B04B010BD000023
:10D53000000000000000F03FE4A200000000000036
:10D54000000000000000E03F3333D33F0000E93F1C
:10D55000000000000000D23F491E00EBC102B0EE07
:10D56000401B92ED000B31F006020DD0491E00EB7E
:10D57000C102B0EE403B92ED002B31F00602B0EE5E
:10D58000420B03EE010BF1D1022914D004290AD079
:10D59000062918BF704790ED0A2B00EE012B90ED85
:10D5A000080B02EE010B90ED062B00EE012B90ED27
:10D5B000040B02EE010B90ED022B00EE012B90ED1F
:10D5C000000B02EE010B704731B504462DED040B44
:10D5D0002DED068BB0EE419B07989DED060B20F0DC
:10D5E0000040B0F1795F0DDA51EC100BFFF7B0FCA1
:10D5F000042808BF00F070F89DED060BBDEC068B0B
:10D6000005B030BD20EE008B1348052128EE00AB9D
:10D61000B0EE480B7844FFF79FFF9FED111B8CB1D4
:10D620009FED112B29EE022B0AEE402B9DED060BF0
:10D6300018EE029B0AEE419B30EE490BBDEC068BC7
:10D6400005B030BD08EE001B9DED060B0AEE010B88
:10D65000BDEC068B05B030BD90A2000000000000BC
:10D66000495555555555C5BF000000000000E03F25
:10D670002DE9F04782460F4C10480D4E0E4F001B0F
:10D680004FF0000820F007054FF001090022114675
:10D69000504604F0FDFA002802D1306810B1002095
:10D6A000BDE8F0873C60C4E90058C6F80090EDE79B
:10D6B000F80300240CC20624F403002408C4062442
:10D6C0009FED031B81EE010B70470000000000007E
:10D6D00000000000000000009FED030B20EE000B97
:10D6E0007047000000000000000000000000001073
:10D6F00002E008C8121F08C1002AFAD1704770471B
:10D70000002001E001C1121F002AFBD17047000078
:10D710000149086070470000FC030024026ECB43FF
:10D720009A4202D9436E5B1C4366114401667047FE
:10D730002DE9FF5F82B00021DDE90430020DDDF844
:10D7400040B0034318D044F61050A2F2FF324243D7
:10D750001514119801281FD0A5EB0B00401C5FEA9F
:10D76000000A4FF000064E4FDFF83891B0465046A1
:10D7700015D5CAF1000413E0119801244AA3012829
:10D7800001D16FEA0B010298119AC0E90031C0E99A
:10D79000024206B0BDE8F09FCBF10000DFE704468F
:10D7A0000021404A491842EB0450CDE9001012E034
:10D7B000E00707D032463B4640464946F3F7C5FCF2
:10D7C0008046894632463B4610461946F3F7BDFC73
:10D7D00006460F466410002CEAD1DDE90401DDE9BC
:10D7E0000023BAF1000F06DAF3F7AFFC42464B46CE
:10D7F000F3F7ABFC05E0F3F71AFD42464B46F3F7AF
:10D8000016FD04460E460022284BF3F797FD03D879
:10D810004FF0FF30014607E00022254B20463146FD
:10D82000F3F7ECFBF3F772FD102409E0002C0ADBA0
:10D830000A220023F2F7F3FD039B30321A55641ECF
:10D8400050EA0102F2D1641C039AC4F1110314449A
:10D85000119A012A03D0012208430DD10AE008439E
:10D8600004D000204FF0110B119072E7A3EB0B05D1
:10D870006D1E0DE05B4504DD4FF0000205F1010572
:10D8800004E003DA4FF00002A5F10105002AECD014
:10D8900002981199C0E90231C0E9004579E700001A
:10D8A000000014400000F03F300000000000F04392
:10D8B0000000E03F2DE9F04F87B00446D0E910901A
:10D8C00000250090A06C0190E06C0590D4E914A0B4
:10D8D0000290D4E916B0049001E0102D0FD204EBB1
:10D8E000850001780A06C1780A43417880780904E6
:10D8F00041EA002104EB85000A43026727E004EBBC
:10D9000085081121D8F86860304600F032FC1321F8
:10D910000746304600F02DFC4740D8F83400072178
:10D92000039087EA962600F024FC1221074603980C
:10D9300000F01FFC47400398D8F8542087EAD00035
:10D940003118D8F8300010440144C8F8701006218E
:10D950005746504600F00DFC0B210646384600F0B5
:10D9600008FC46403846192100F003FC029A464064
:10D970002F482BEA0A010AEA02024A40B11850F87D
:10D98000252004981044084404EB8501096F4618CB
:10D990004846022100F0EDFB0D210746484600F005
:10D9A000E8FB47404846162100F0E3FB4740CDF82E
:10D9B00010B0DDE90001DDF808B06D1CCDF808A05D
:10D9C00080EA01030840059903EA090306EB010A0E
:10D9D0000199059143400099F8183044402DCDE954
:10D9E00000918146FFF479AF216C01EB09002064BE
:10D9F000616C009808446064A16C01980844A064BC
:10DA0000E16C05980844E064216D01EB0A00206593
:10DA1000616D029808446065A16D01EB0B00A06583
:10DA2000E16D04980844E06507B0BDE8F08F0000A0
:10DA30001470010830380A2801D2012070470020F4
:10DA4000704700002DE9FF4F95B09B46894606467A
:10DA500000250FE2252877D100242746F84A012126
:10DA6000059400E0044316F8013F203B01FA03F05F
:10DA70001042F7D130782A2811D06FF02F03307878
:10DA8000A0F13002092A16D8059A44F0020402EBEC
:10DA9000820203EB42021044761C0590EFE759F82E
:10DAA000042B0592002A03DA504244F400540590F6
:10DAB00044F00204761C30782E2816D116F8010F97
:10DAC00044F004042A280DD06FF02F023078A0F122
:10DAD0003003092B09D807EB870302EB4303C71870
:10DAE000761CF3E759F8047B761C30786C280FD04D
:10DAF00006DC4C2817D068280DD06A2814D104E021
:10DB0000742810D07A280FD10DE044F400140AE0F4
:10DB100044F4801401E044F440147278824202D14B
:10DB200004F58014761C761C307866280BD013DC44
:10DB3000582877D009DC002875D04528F6D046282B
:10DB4000F4D047281AD19DE118E0632835D0642825
:10DB500079D0652812D195E1702873D008DC672848
:10DB6000F1D069286FD06E280DD06F2806D1B5E0AE
:10DB700073282CD0752875D0782874D05A461799F8
:10DB800090476D1C75E1C4F30250022809D00328A8
:10DB90000DD0D9F8001004280DD00D6009F104094A
:10DBA00067E1D9F80010EA17C1E90052F6E7D9F8A1
:10DBB00000100D80F2E70D70F0E719F8041B8DF8E6
:10DBC000001000208DF80100EA46012003E059F81A
:10DBD00004AB4FF0FF3061074FF0000102D40DE0BD
:10DBE00008F101018846B9420FDA8045F8DB1AF8DE
:10DBF00008100029F4D108E008F1010188468142AB
:10DC0000FADB1AF808100029F6D105985B46A0EB5C
:10DC1000080721463846179A00F094FA284400EB8A
:10DC2000080507E04DE029E10DE01AF8010B5A461E
:10DC300017999047B8F10108F7D25B46214638465C
:10DC4000179A13E142E00A220092C4F302524FF005
:10DC5000000A022A08D059F804CB032A4FEAEC71D3
:10DC60000AD00DE029E02AE009F1070121F00702BE
:10DC7000F2E802C1914609E00FFA8CFC4FEAEC7120
:10DC8000042A03D14FFA8CFC4FEAEC71002907DA21
:10DC90000A460021DCF1000C61EB02012D2202E0BA
:10DCA000220504D52B228DF80420012203E0E2078F
:10DCB00001D02022F7E7904659E00A2102E0102225
:10DCC0000DE010214FF0000A00910BE010224FF000
:10DCD000000A44F004040827009203E008224FF0F1
:10DCE000000A0092C4F30252022A05D059F804CB6C
:10DCF0000021032A08D009E009F1070121F00702F9
:10DD0000F2E802C1914605E01FFA8CFC042A01D119
:10DD10000CF0FF0C4FF00008220728D5702806D021
:10DD2000009B83F0100353EA0A0305D00EE0402263
:10DD30008DF80420012208E05CEA010206D03022BE
:10DD40008DF804208DF8050002229046009B83F098
:10DD5000080353EA0A030AD15CEA010201D162070F
:10DD600005D530228DF804204FF001087F1E582879
:10DD700004D034A003900EA802900DE036A0F9E77D
:10DD800053466046009AF2F74AFB84460398825C49
:10DD90000298401E029002705CEA0100F0D10298E5
:10DDA00006A9081A00F1200A600702D524F480347D
:10DDB00000E00127574502DDA7EB0A0000E0002044
:10DDC00000EB0A01009005984144401A0590E003D9
:10DDD00006D45B462146179A059800F0B3F905442E
:10DDE000002706E001A85A46C05D179990476D1CB0
:10DDF0007F1C4745F6DBE0030CD55B462146179AAE
:10DE0000059800F09FF9054404E030205A46179920
:10DE100090476D1C0099481E00900029F5DC08E031
:10DE2000029802995A460078491C02911799904726
:10DE30006D1CBAF10001AAF1010AF1DC65E10000F4
:10DE400009280100303132333435363738396162D0
:10DE50006364656600000000303132333435363794
:10DE600038394142434445460000000000F058F96B
:10DE70000544761C307800287FF4ECAD19B02846B4
:10DE8000BDE8F08F620700D4062709F1070222F0EF
:10DE9000070CFCE80223E14603F000485FEA080CA7
:10DEA00002D00FF2702C0DE05FEA045C02D50FF295
:10DEB000682C07E05FEAC47C02D00FF2602C01E01E
:10DEC000AFF2700C4FF0FF3823F00043CDF850C094
:10DED00065280CD006DC452809D046281DD04728E7
:10DEE0003DD13DE0662818D067287ED138E000217A
:10DEF000112F01DB112000E0781CCDE9000106A9FB
:10DF00000EA8FFF715FCDDE90F010E9A0391002121
:10DF1000009207F1010A04914DE04FF00040009794
:10DF2000CDE9011006A90EA8FFF702FCDDE90F02FA
:10DF300003920E9B11990022DDF80CA0009304922D
:10DF400011B9791C00EB010AB7EB0A0004D4C0F147
:10DF5000FF3007F1010A0490AAEB0700019044E0AA
:10DF6000012F00DA01270021112F01DD112000E02F
:10DF70003846CDE9000106A90EA8FFF7D9FBDDE977
:10DF80000F010E9A0391002104910092BA462107D5
:10DF90000CD40399514500DA8A46BAF1010F05DD28
:10DFA000009AAAF10101515C302908D0B84202DA86
:10DFB00010F1040F06DA0121CDE9011015E0AAF1F4
:10DFC0000101E9E7002805DC049901440491AAEB6A
:10DFD000000102E0411C514500DD8A460499401AC7
:10DFE000401C01904FF000400290200704D401989B
:10DFF000504501DBCDF8048000208DF84F000298D9
:10E000000DF14F07B0F1004F25D02B200E90029854
:10E010004FF0020800280CDA404202902D200E90AA
:10E0200007E00A210298F2F700FC3031029007F86D
:10E03000011DB8F10001A8F10108F2DC02980028E6
:10E04000EFD1791E0E980870307800F0200040F073
:10E05000450007F8020D12A8C01B00F1070814982C
:10E06000007800B1012000EB0A01019801EBE0719A
:10E0700005984144401A401E0590E00306D45B46D3
:10E080002146179A059800F05DF805441498007829
:10E0900018B15A46179990476D1CE00324D55B468A
:10E0A0002146179A059800F04DF805441CE00498A5
:10E0B000002807DBDDE90301884203DD0098405CAE
:10E0C000179901E0179930205A469047049805F1B6
:10E0D0000105401C04900198401E019004D12E209F
:10E0E0005A46179990476D1CBAF10001AAF1010A2E
:10E0F000DDDC05E017F8010B5A46179990476D1CB7
:10E10000B8F10001A8F10108F4DC5B462146179A3A
:10E110000598ABE62D0000002B0000002000000059
:10E120002DE9F041044600251E461746880404D414
:10E1300005E039462020B0476D1C641EF9D52846FD
:10E14000BDE8F0812DE9F041044600251E469046C9
:10E15000C80301D5302700E02027880404D505E056
:10E1600041463846B0476D1C641EF9D52846BDE8C7
:10E17000F0814A4202F01F0200FA02F2C840104346
:10E18000704701F01F01C840C0B2704770B5C41C91
:10E1900005460020214405F0DBFA6D1E01462044AF
:10E1A000A843021F116070BD50F8041C002005F048
:10E1B000C3BA000010B502F053FBBDE8104003499C
:10E1C000002241F2883006F0DFB90000B5E1000816
:10E1D00070B5002408F06CFE050005D0074941F633
:10E1E000361208F08BF810B10124204670BD0449A6
:10E1F0000022284608F069FEF7E700008072010857
:10E2000019640108204E0025204C606910B9F3F70D
:10E21000DFFD60616079012814D13078012806D1D2
:10E22000207818B91A491BA0FDF766FC357000204C
:10E23000F5F7C8FB28B1FCF7BBF910B9FCF774F986
:10E2400040B1258100226089114683B21046FBF758
:10E2500031FCDAE7B4F90800322801DA401C2081E9
:10E26000B4F908001E28EDDDA07910B90848F3F7CD
:10E27000AFFB0E49B4F90A000A6802440A600C496F
:10E280000A6810440860DDE7D10000240000002483
:10E290002C0F0124303A2F64616D65692F6461741D
:10E2A00061626173652E646C6200000040010024AD
:10E2B0004401002410B5044600F58050002202718C
:10E2C000521EC262204605F077F908B1032010BD46
:10E2D000B4F8FE11A1F52A40553801D0022010BD36
:10E2E000B4F8371094F8360040EA01210848B0EB42
:10E2F000012F08D0B4F8532094F8521041EA0221BB
:10E30000B0EB012F01D1002010BD012010BD000095
:10E310000046415400E0401C02780AB18A42FAD11A
:10E32000D0B2704700F58050426A006800F5805016
:10E33000438980784343B1FBF3F0121D02CA19B13F
:10E34000884203D3401AF8E7002070471168084458
:10E35000704700F58050891E4269921E8A4201D89A
:10E3600000207047826A807801FB002070472DE909
:10E37000F0410F00804600F5805507D0404603F07D
:10E3800095FA022809D20120BDE8F081EE6816B1A5
:10E390006869B04207D8012605E0411CF4D06969DC
:10E3A0008142F1D83E4634466869641CA04202D8D6
:10E3B0000224022E0AD32146404603F077FA38B1F0
:10E3C000411CE1D00128DFD0B442EDD10020DBE7D1
:10E3D0006FF070422146404605F0D0FC30B957B18D
:10E3E00022463946404605F0C9FC20B101280DD02F
:10E3F00001242046C8E7EC602869411CF9D0401E82
:10E400002861687940F001006871F2E74FF0FF344D
:10E41000EFE700002DE9F84F0E68884600E0761C13
:10E4200031782F29FBD05C29F9D000F5805000907D
:10E4300000242546D0F81CB0705D6D1C202825D323
:10E440002F2823D05C2821D0FF2C3FD2A0F18101BE
:10E450007D290BD8715D6D1C01EB0020A1F14002FC
:10E4600080B23F2A02D380397F292FD2012102F0C6
:10E47000FBFF07002AD0802F04D2014667A0FFF7D8
:10E4800049FF18BB2BF81470641CD5E77219C8F843
:10E490000020202801D2042516E0002514E00BEB13
:10E4A000440030F8020C20280DD02E280BD06CB17F
:10E4B00000212BF8141000980B222021806904F011
:10E4C000A9FF002706E0641E002CE8D10620BDE865
:10E4D000F88F7F1C3BF817002028FAD02E28F8D0A0
:10E4E0001FB145F0030500E0641E2CB10BEB4400A6
:10E4F00030F8020C2E28F7D14FF000084FF0080A30
:10E50000C1463BF817607F1C06B3202E03D02E2E89
:10E5100004D1A74202D045F00305F2E7D04501D26D
:10E52000A74219D1BAF10B0F0ED0A74201D045F086
:10E5300003050BD84FEA896027464FF008084FF0D3
:10E540000B0A4FEA1069DCE745F003050098806983
:10E550000178E5293DD03EE0802E08D3304602F018
:10E5600085FF002102F080FF45F002050646FF2EE0
:10E570000FD9AAF10100804503D345F00305D04629
:10E58000BFE70098310A826902F8081008F1010813
:10E5900018E026B124A03146FFF7BCFE18B15F2673
:10E5A00045F003050EE0A6F14100192802D849F014
:10E5B000020907E0A6F16100192803D8203EB6B28F
:10E5C00049F001090098816901F8086008F1010823
:10E5D00097E705210170BAF1080F03D14FEA89606E
:10E5E0004FEA1069C9F38100032803D06FEA0901DB
:10E5F000890701D145F00205A90709D409F00301F3
:10E60000012901D145F01005012801D145F0080587
:10E6100000988069C572002059E70000222A3A3C20
:10E620003E3F7C7F000000002B2C3B3D5B5D0000EB
:10E6300010B504460420F8F74FFC09484FF47A71EE
:10E6400044604C43012101804FF0E021086940F013
:10E65000020008614C61086940F00100086110BDCA
:10E660008801002470B504460C48007878B10C4845
:10E67000007860B90B4D2888844203D3B4FBF0F0D6
:10E68000FBF7E4F92888B4FBF0F100FB11444FF4E8
:10E690007A706043BDE8704000F006B8F7010024CE
:10E6A000F2010024880100242DE9F0414FF0E02719
:10E6B00000247E690C49496800FB01F5FAF7DCFD8E
:10E6C000B969B8698842FCD002D2A1EB000102E02E
:10E6D000A6EB000211440C440146AC42F1D3BDE864
:10E6E000F041FAF7DFBD00008801002400280BD0BC
:10E6F000026A002A08D0137B082B05D10968526AE8
:10E70000914201D100F03CB970472DE9FC41050070
:10E710005BD02C6A002C58D0626B4FF480374FF0DE
:10E720003C014FF00106501C4FF6FF730AD01E3219
:10E73000B2FBF1F0B84200D318460204120CA283D7
:10E7400000D1A683A26B501C0AD01E32B2FBF1F19D
:10E75000B94200D319460A04120CE28300D1E683C1
:10E76000A18BE08B814202D308B10020A083A07B63
:10E7700008B1A06A09E094F824207F2A01D8FF207C
:10E7800003E0C02A03D36FF07F40009000E00093C5
:10E79000E06A019028B9606A0099084040F08070F2
:10E7A000019004F12401284605F042F86946284604
:10E7B00005F097F801A9284605F035F8284605F038
:10E7C00094F80A21204600F075FDBDE8FC8170B583
:10E7D000046A08210546204600F06CFD0022284608
:10E7E00004F1240101F052FF607B40F2E731401C4C
:10E7F00060734FF4FA70B1FBF0F0608370BD0000FD
:10E80000164810B5046825E0206A10B3C18B4A1E73
:10E81000C283012906D0216A888B421E8A8301287F
:10E820000CD016E0216A2046097B012903D00A2971
:10E8300001D005290DD100F017FB0AE0216A20461E
:10E84000097B012903D00A2901D0052901D100F053
:10E850007BFC2468002CD7D110BD0000A40200244A
:10E860002DE9F041050016460C460CD07CB1002283
:10E870004FF49A71104605F05DF8206150B1627B4B
:10E880003D4952B10CE06FF00D00BDE8F0816FF032
:10E890000500FAE74FF0FF30F7E70A68521C0A60FC
:10E8A000096800272160012140686061017060698A
:10E8B0004170616995F8260088706069C7702068AA
:10E8C00004F0C8FB6169082E4860606907816069CF
:10E8D00047816069C76008D0042E06D0032E07D197
:10E8E000207B052801D0042802D161696868C860CE
:10E8F000606907616069476160698761002095F818
:10E900002610814203D9291891F8271000E0002130
:10E91000636900F11C02401C80B210289954EED3A8
:10E920000020626900F12C01401C80B2402857543D
:10E93000F7D30020626900F16C01401C80B280288E
:10E940005754F7D361690D48C1F8EC0000202783C4
:10E9500000F1F00162695054401C80B24428F7D3A2
:10E9600001222046352100F01AF93146204600F0F8
:10E9700026F9002089E700008C020024638253639B
:10E98000F8B5046A0C210646204600F093FC0422E8
:10E9900021463046FFF764FF05001ED104222046C1
:10E9A000322100F0FCF8606A04F06BFB014620465F
:10E9B00000F00DF9204600F03CF9208BF03081B2D8
:10E9C000206905F07CF9009643230A4A21696068B2
:10E9D00008F0A8FA204600F00FF8607B4FF4FA71B7
:10E9E000401C607342F60310B0FBF1F060832846D0
:10E9F000F8BD00008472010810B5040006D020693B
:10EA000008B105F0F2F800202061606110BD00003F
:10EA1000F8B5046A0646002006216062204600F030
:10EA200049FC012221463046FFF71AFF050030D18C
:10EA300002222046392100F0B2F8B18C204600F0C5
:10EA4000E7F804222046372100F0A9F801212046EA
:10EA500000F0B5F80321204600F0B1F81C21204653
:10EA600000F0ADF80621204600F0A9F8204600F09D
:10EA7000E0F8208BF03081B2206905F020F9009693
:10EA80004323114A2169606808F04CFA2046FFF7D9
:10EA9000B3FF607B401CC1B26173062902D2012022
:10EAA000884000E03C2000EB4001C1EBC0104FF675
:10EAB000FF7101EAC0004FF4FA7100F2F310B0FBED
:10EAC000F1F060832846F8BD847201080B4870B5E8
:10EAD000002504680EE0206A58B1418B012903D952
:10EAE000A1F10101418304E003D14583204600F0F8
:10EAF00054FC2468002CEED170BD0000A402002458
:10EB000070B5046A0020144EA6F12805A062E062E8
:10EB1000F17809B1E9682163317909B1296901E026
:10EB2000216B49086163717909B1696900E0216B62
:10EB3000A163A16809696162B17921B1A86904F092
:10EB400089FAA0620120A073F079002803D0E86957
:10EB500004F080FAE06270BD401B052470B5046AC1
:10EB60000546002C1AD0217B002604290ED004DC97
:10EB7000002913D0032904D108E0052906D00A2969
:10EB800004D06673BDE87040FFF742BF04F03EFE5C
:10EB900028466673BDE8704000F0AAB970BD10B594
:10EBA000038B44691C445B1C038384F8F010018BC5
:10EBB00043690B44491C018383F8F02010BD028B8C
:10EBC00043691344521C028383F8F010704710B558
:10EBD000028B0B0E44691444521C028384F8F030FB
:10EBE0000B0C028B44691444521C028384F8F030ED
:10EBF0000B0A028B44691444521C028384F8F030DF
:10EC0000028B43691344521C028383F8F01010BD39
:10EC100010B5028B0B0A44691444521C028384F819
:10EC2000F030028B43691344521C028383F8F010C6
:10EC300010BD002812D0018BFF2243690B44491CF0
:10EC4000018383F8F020002205E043690B44491C4E
:10EC5000018383F8F020018B4429F6D3704700002C
:10EC60002DE9F34F83B0044600217E488B46019185
:10EC70000A21F1F73DFC049840892C2814D304990B
:10EC8000F0264868A06004980089049F04E0721A86
:10EC90003F68401A96B280B237B17989B142F6D94D
:10ECA000D7F804A08046B1E06FF0010005B0BDE8E0
:10ECB000F08FB01C7A891FFA80F94FF0FF34701C76
:10ECC000824203D90AEB0600407803E0386808B1B5
:10ECD00040680078342905463AD00BDC032925D05A
:10ECE00003DCD1B101290DD11CE0062923D0332941
:10ECF00008D129E035292FD0362931D03A2933D00F
:10ED00003B2937D000253044801C86B285B30020D3
:10ED100000905448005D60B366E00020761E054612
:10ED2000B6B2F0E704284DD10624ECE70425042808
:10ED300048D30724E7E7810744D1082800D30825F2
:10ED4000A8423FD30824DEE704283BD10324DAE7B6
:10ED5000012837D10024D6E7012833D10124D2E796
:10ED600004282FD10224CEE704282BD10424CAE79B
:10ED70003AE003E0042825D10524C4E7042D01D29C
:10ED80002A4600E004224B466946384604F0F9FE64
:10ED9000042D13D9A80715D1324901200855009830
:10EDA00004F058F92F492D1FEDB2283941F82400FD
:10EDB00009F104001FFA80F9641CAAE7042D04D0AD
:10EDC000012D06D06FF0050070E7009804F059F9A6
:10EDD00001E09DF8000023490090012008552148DA
:10EDE0000099283840F824107889B0420DD8311A9B
:10EDF000A8EB00008EB21FFA80F846450DD2B8F19C
:10EE0000000F0AD03F68D7F804A037B11AF80610EF
:10EE1000FF2902D04645FFF44CAF1249087868B18B
:10EE2000A1F12800002200680A70012808D00228F9
:10EE300002D0032809D001E04FF0010B019838B14E
:10EE4000002001906C26EC201FE74FF0010BF7E744
:10EE5000BBF1000F4FF00000B6D02C2683466C208B
:10EE600013E70000401B0524F8B5046A0421054699
:10EE7000204600F01FFA032221462846FFF7F0FC47
:10EE800006001BD1022220463921FFF788FEA98CFB
:10EE90002046FFF7BDFE2046FFF7CBFE208BF0306B
:10EEA00081B2206904F00BFF009543230F4A2169CA
:10EEB000606808F037F82046FFF79EFD607B401C35
:10EEC000C0B260730A2804D24FF47A7110FB01F0CB
:10EED00001E042F2107080B24FF4FA7100F2F310C8
:10EEE000B0FBF1F060833046F8BD00008472010889
:10EEF000F8B5046A03210646204600F0DBF9032238
:10EF000021463046FFF7ACFC050028D102222046FE
:10EF10003921FFF744FE4FF410712046FFF778FEC9
:10EF2000042220463221FFF73AFE606A04F0A9F875
:10EF300001462046FFF74BFE2046FFF77AFE208B66
:10EF4000F03081B2206904F0BAFE009643230F4AE4
:10EF50002169606807F0E6FF2046FFF74DFD607B02
:10EF6000401CC0B260730A2804D24FF47A7110FBBF
:10EF700001F001E042F2107080B24FF4FA7100F239
:10EF8000F310B0FBF1F060832846F8BD84720108ED
:10EF90002DE9F041056A04465089164651684FF044
:10EFA00000082C2872D3087802286FD194F8262004
:10EFB000002008E023180F1893F827303F7FBB424A
:10EFC00064D1401CC0B28242F4D8486804F059F8B9
:10EFD000296888425AD131462846FFF741FE00BBD6
:10EFE0002E494878E8B1A1F128021079052804D00B
:10EFF000062817D0022836D048E0287B012806D002
:10F0000003280BD0042809D0052807D03EE020466D
:10F01000FFF776FD2046FFF7DAFB37E02046FFF7E3
:10F0200074FB33E0287B032805D0012803D0042893
:10F0300001D005282AD1276A204604F0E7FB1849A9
:10F04000204604F0F5FB1649204604F0ECFB144979
:10F05000204604F046FC0C21384600F02BF92046EF
:10F06000FFF7D6FC12E0287B06280FD1A5F81A80FE
:10F070002746246A887848B1906803F0EBFF206245
:10F08000A06800696062384600F0A0F83046C5F814
:10F090000880BDE8F04104F0A8BD0000401B052435
:10F0A00080720108F8B5046A00210546204600F088
:10F0B00001F90020206260620722A0622146E0621E
:10F0C000A063606320632846FFF7CAFB060013D1E4
:10F0D0002046FFF7AEFD208BF03081B2206904F0AE
:10F0E000EEFD00954323216904F12002606807F0DA
:10F0F00019FF2046FFF780FC607B401CC0B26073A4
:10F100000A2804D24FF47A7110FB01F001E042F2B8
:10F11000107080B24FF4FA7100F2F310B0FBF1F00E
:10F120006083284604F072FB0649284604F080FB01
:10F130000449284604F077FB0249284604F0D1FB35
:10F140003046F8BD80720108F8B5046A052105460D
:10F15000204600F0AFF8032221462846FFF780FB47
:10F1600006001CD1022220463921FFF718FDA98C88
:10F170002046FFF74DFD2046FFF75BFD208BF0306A
:10F1800081B2206904F09BFD00954323216904F1BD
:10F190002002606807F0C6FE2046FFF72DFC607B6A
:10F1A000401CC0B260730A2804D24FF4FA6110FB0D
:10F1B00001F001E044F6206080B24FF4FA7100F2F1
:10F1C000F310B0FBF1F060833046F8BDF8B5046A87
:10F1D00001210646204600F06DF803222146304604
:10F1E000FFF73EFB050048D1022220463921FFF7F8
:10F1F000D6FCB18C2046FFF70BFD042220463221BD
:10F20000FFF7CDFC606A03F03CFF01462046FFF7A4
:10F21000DEFC042220463621FFF7C1FC206A03F001
:10F2200030FF01462046FFF7D2FC0422204637215A
:10F23000FFF7B5FC01212046FFF7C1FC0321204662
:10F24000FFF7BDFC1C212046FFF7B9FC0621204634
:10F25000FFF7B5FC2046FFF7ECFC208BF03081B2C5
:10F26000206904F02CFD00964323114A216960684F
:10F2700007F058FE2046FFF7BFFB607B401CC1B281
:10F280006173062902D20120884000E03C2000EB97
:10F290004001C1EBC0104FF6FF7101EAC0004FF40E
:10F2A000FA7100F2F310B0FBF1F060832846F8BD6C
:10F2B00084720108027B8A4203D0017300214173EA
:10F2C0004183704770B505006FF00D0108D095F8C7
:10F2D0002D002C6A20F0080085F82D00800601D44E
:10F2E000084670BDA88C4FF0FF36B0F5107F2ED3C6
:10F2F00034B3606808B107F0EBFD3C212046F1F71C
:10F30000F7F807F0D5FD606008B3017A442241F0B8
:10F31000200101721249606806F0F0FF1049432293
:10F32000606807F037F80F492A46606807F0CDFD9E
:10F330002846FFF76DFB60B1284600F015F806E09F
:10F340003C2003F0FFFF040001D02C62D5E73046DB
:10F3500070BD95F82D1041F0080185F82D1070BD95
:10F360008072010891EF0008002810B514D090F8C1
:10F370002D10046A21F0080180F82D10002C0BD00C
:10F38000606818B107F0A4FD002060602046BDE869
:10F3900010400021FFF78EBF10BD10B5026A044671
:10F3A000117B0C2913D0062911D0012913D008296B
:10F3B0001ED0052928D004292AD0032930D1507B1A
:10F3C000022813D22046BDE81040FFF791BDBDE8EA
:10F3D0001040FFF71DBB507B052804D82046BDE830
:10F3E0001040FFF7F3BE2046FFF75CFE2046EEE735
:10F3F000507B0128204603D8BDE81040FFF7E7B94D
:10F40000BDE81040FFF781B9BDE81040FFF79CBE92
:10F41000507B0828E7D82046BDE81040FFF724BD00
:10F4200010BD000010B5FFF7EBF9BDE8104003492F
:10F4300000224EF6602005F0A7B8000025F4000871
:10F4400010B5FFF743FBBDE81040034900224FF41D
:10F45000FA7005F099B8000041F400082DE9F14F69
:10F460000021009800F0AFFA00287DD1009CFF2514
:10F47000AB464FF6FF7004F5805420842169206864
:10F4800004F09AF807007CD16669307848B1F17AC7
:10F49000E52801F03F0169D00A0704D50F2965D19D
:10F4A00005E004276DE00F2901D08DB34DE0E1693F
:10F4B00079B3420606D596F80DB020F04000E288F8
:10F4C00005462284A84236D1727B5A4533D1307822
:10F4D0008A46B1464FF0000820F04000401E012748
:10F4E00000EB800101EBC006274810F8081001EB83
:10F4F0000900008877B101F0B9FFFF2E07461AD244
:10F500003AF81600761C01F0B1FFB84213D105E0BD
:10F5100016E02FE0A0F57F41FF390CD108F101087A
:10F52000B8F10D0FE0D399F80000400606D52FB1D1
:10F530003AF8160010B1FF25EDB21BE06D1EFBE797
:10F54000304604F0B9FE58451BD0A069C17AC907FE
:10F550000CD10B210022491E07D316F8012B10F8FD
:10F56000013BD21AF7D001E00CE052B1FF254FF673
:10F57000FF7020840021009800F008F807003FF495
:10F580007DAF3846BDE8F88F187301082DE9F041CA
:10F5900000F580540E46E7887F1C3804000C39D0F3
:10F5A00022699AB3206800F580514B895B09B7FB4B
:10F5B000F3F503FB1573002B67D1521C2261E2683F
:10F5C0002AB34B8989785B09B7FBF3F3491E0B42D9
:10F5D0005BD1114602F06AF9012805461FD9681C63
:10F5E00038D0206841F214010958A94247D86EB1B9
:10F5F000E168FEF7BCFE05000FD0012D0FD0681C9E
:10F6000028D0206804F0B9FE20BB0AE002E0088997
:10F61000B8423AD80420BDE8F0810720FBE7022079
:10F62000F9E7206841F20A010A5A002103F0F2FECC
:10F6300020682946FEF78DFE216800264FF001085C
:10F6400001F58051C8620EE080F80480206804F063
:10F6500094FE08B10120DEE7206800F58050C16A01
:10F66000491CC162761C206800F580508178B14247
:10F67000EAD8216801F58051C96A891BC162E56039
:10F6800029462068FEF765FE206141F20A01E78005
:10F690002068095A4909B7FBF1F201FB127100EB2E
:10F6A000411060610020B6E72DE9F35FFF254FF6BA
:10F6B000FF7A04272E46009C4FF0000B04F580547F
:10F6C00068E0206803F078FF070067D1606901787F
:10F6D00089B1C27AE52902F03F020AD02E2908D06A
:10F6E00022F02003082B08D00023DDF804C0634576
:10F6F00005D0FF2540E0042750E00123F5E70F2A5D
:10F7000001D0B5BB3FE04A0605D5467B21F040015C
:10F71000E2880D462284A9422CD1417BB14229D1F5
:10F720000178D446DFF8809001F03F01E769491E77
:10F7300001EB810202EBC1010022012319F80280D2
:10F740008044B8F8008033B1FF2913D227F8118024
:10F75000491C434601E0E0450CD1521C0D2AEDD373
:10F760000078400603D5FF2904D227F811B06D1E9A
:10F7700001E00CE0FF25EDB200980021FFF706FF45
:10F78000070007D00AE004F097FDB04208D0A4F8C3
:10F7900020A005E02169002993D10FB1C4F810B071
:10F7A0003846BDE8FC9F0000187301082DE9F14FB1
:10F7B00084B00C226846049C04F58054D4E9067693
:10F7C000394603F071FD9DF80B00C00718D00020EA
:10F7D000F8720125E0612B4632466946384602F050
:10F7E0001FF80498FFF73AFE10B96D1C642DF2D390
:10F7F000642D0BD004280AD19DF80B00F872E66145
:10F800009DF80B0080070FD5002004E0072005B00D
:10F81000BDE8F08F401C36F810100029FAD10D21F8
:10F820001930B0FBF1F500E00125049E00213046BF
:10F8300000F0C9F8A8B906F580574FF000083969FB
:10F84000386803F0B9FE60B979690978E5290BD009
:10F8500051B14FF0000830460121FFF797FE002814
:10F86000EDD0042805D005E008F10108A84501D035
:10F87000F1E7072006006FD16D1E52D0E088411BD2
:10F88000049800F0A0F8060066D1A06904F014FD09
:10F890004FF6FF7A03902169206803F08DFE060081
:10F8A0005AD16169EEB2D4F81C90039801F10108B5
:10F8B000DFF8A8B048730F20C8720020087388765C
:10F8C000C876701E00EB800202EBC003002201E04C
:10F8D000504502D039F813005B1C1BF802C001F838
:10F8E0000C001BF802704FEA102C07F808C000B992
:10F8F0005046521C0D2AEBD3504502D039F8130064
:10F9000008B946F040060E702168012001F58051CB
:10F91000087100210498FFF739FE06001CD16D1E06
:10F92000B9D12169206803F047FE060014D160694F
:10F930002022002103F06EFD0B22D4E9050103F023
:10F94000B3FCA0696169C07A00F0180008732168EF
:10F95000012001F580510871304658E718730108FD
:10F960002DE9F04100F580540746218CE688A1F589
:10F970007F40FF3800D13146384600F024F80500BA
:10F980001ED12169206803F017FE050015D16069BA
:10F990002022002103F03EFD6169E520087001216D
:10F9A000206800F580500171E088B04208D2002143
:10F9B0003846FFF7EBFD0500E3D0042D00D102250A
:10F9C0002846BDE8F08170B500F580540D46E18011
:10F9D000A368012B43D0206800F58050416999420B
:10F9E0003DD923B90178032907D1436A2BB1418955
:10F9F0008078490911FB00F612E00189A9422ED94D
:10FA0000406A13E001F052FF0346401C25D0022B50
:10FA100025D3206800F58050406998421FD9AD1B5E
:10FA20002068B5421946EDD2FEF793FCE360B0B111
:10FA300021680A4601F580514B895B09B5FBF3F358
:10FA40001844206148894009B5FBF0F100FB1150D2
:10FA500002EB40106061002070BD012070BD0220EB
:10FA600070BD0000084A002110B5135C53B9012194
:10FA70001154111802EB8000097C406802680846A6
:10FA800090470146084610BD74C10624054B30B4AA
:10FA90001C1803EB8000247C40680369204630BCBE
:10FAA0001847000074C1062430B4054C251804EB37
:10FAB00080002D7C406884682846A44630BC60479E
:10FAC00074C1062404490A1801EB8000127C4068C6
:10FAD000416810460847000074C1062430B4054C44
:10FAE000251804EB80002D7C4068C4682846A44695
:10FAF00030BC604774C1062470B50024054604E09C
:10FB000050F8340000F0F0FA641C2869A0426869DB
:10FB1000F6D800F0E9FA2868BDE8704000F0BABAFB
:10FB2000C068704770B500240E46054607E0686956
:10FB300050F834103046F0F72EFD28B1641C2869C7
:10FB4000A042F4D8002070BD6869042101EBC40113
:10FB5000405870BD2DE9F0410746084600F0D0FA44
:10FB600006006FF0050419D000F0C2FA00F0C4FAE4
:10FB7000050016D0304600F0BBFA02462946304652
:10FB800000F0D4FA20B12946384600F00DF80446BA
:10FB9000284600F0A9FA304600F09CFA2046BDE85D
:10FBA000F0816FF00104F6E72DE9FC5F4FF0000AE9
:10FBB0000C4604220546E1A1D0465746564620464B
:10FBC000F0F701FD002852D12079012802D06FF012
:10FBD0000606AFE1208A032804D0022802D06FF085
:10FBE0000706A7E1B4F82CC000214FF01C0E4FF01F
:10FBF000080B46E0E06904EB41128258012A3FD12C
:10FC000014221023204402EB411203EB41138258CB
:10FC1000C3589A4207D2E0690319102000EB411043
:10FC20001B58C8A01BE00BEB4113BAF1000FC358DF
:10FC300005D0BB4216D2D34802F008FE17E09F1849
:10FC400098460EEB41134FF0010A474550F80390D8
:10FC500016D20BEB4113C05813460246CAA002F05D
:10FC6000F5FD04E09F1805D3D7A002F0EFFD4FF09B
:10FC7000FF365FE10EEB41128058484500D98146BE
:10FC8000491C8C45B6D8B7EB0801C5E9011809D065
:10FC9000484600F0FDF9286050B16968F0F728FC8B
:10FCA000002725E0D6A002F0D1FD6FF0020641E169
:10FCB000DBA002F0CBFD6FF001063BE1E06904EB55
:10FCC00047114158012912D11021204401EB47115D
:10FCD0000BEB47134258042101EB47114158C05820
:10FCE0002B6821440344A3EB0800F0F7D9FB7F1CE9
:10FCF000A08DB842E2D8A06918B129680144A1EBEF
:10FD00000800E860002051E0206A09EB8901042224
:10FD1000204402EBC1028258092A45D1102303EB8B
:10FD2000C102182782582244019207EBC10282586F
:10FD300002EB820203EBC20C07EBC20250F80CC0CC
:10FD400082580CEB040B02EB820203EBC2028258D6
:10FD500022440092142202EBC101002740584FEACE
:10FD6000D00A1FE0019800EBC7014868020A0BEBBC
:10FD70000210C2895AB9027B120908D001680098A2
:10FD80000144B2A002F062FD6FF00406CFE02A68E1
:10FD9000406802442846A2EB080200F0D5F90600AC
:10FDA000F4D17F1C5745DDD309F10100218E814636
:10FDB0004945A9D800274FF0100813E0618E206A4A
:10FDC00001EB8103021908EBC301515807EB8702CD
:10FDD00004EBC202214480580844ABA1F0F7DBFBDE
:10FDE00018B17F1C208EB842E8D8208EB8424FF060
:10FDF00000007DD0216A07EB8702214408EBC20393
:10FE0000CB5803EB040B182303EBC203CB5803EBD3
:10FE1000830308EBC303CB5803EB040A0023142726
:10FE200007EBC20201928A580CE00BEB0311012789
:10FE3000097BB7EB111F04D101F00F01022900D19A
:10FE4000401C5B1CB3EB121FEFD3C7002861384680
:10FE500000F052F968612969002957D030B139465C
:10FE6000F0F746FB4FF0000847463CE06CA002F07C
:10FE7000EDFC6FF0010657E00BEB0819012199F832
:10FE80000C00B1EB101F2CD100F00F00022828D17C
:10FE9000D9F8001001EB0A00F0F776FB401C009047
:10FEA0002968D9F804006A690844A968411A04203D
:10FEB00000EBC7001150009800F01EF9696941F885
:10FEC0003700D0B1D9F8002002EB0A01009AF0F710
:10FED000E7FA6869002150F837200098401E7F1C1F
:10FEE000115408F10108206A01190198095800E02D
:10FEF0000AE0B8EB111FBFD308E049A002F0A6FC4E
:10FF000000246FF001060CE068612861D5E900016A
:10FF100000F0C2F80EE0686950F8340000F0E4F830
:10FF2000641C2869A042F6D8686900F0DDF82868EA
:10FF300000F0B0F83046BDE8FC9F00007F454C461D
:10FF4000000000003C3C444C5F4552524F523E3E44
:10FF5000696E76616C696420656C663A20736567CA
:10FF60006D656E742025643A20705F6D656D737ADF
:10FF70003A2025642C20705F66696C65737A3A209C
:10FF800025640000C87A01083C3C444C5F4552524D
:10FF90004F523E3E696E76616C696420656C663ACC
:10FFA000207365676D656E742025643A20705F76F6
:10FFB000616464723A2025642C20705F6D656D73F6
:10FFC0007A3A2025640000003C3C444C5F45525284
:10FFD0004F523E3E696E76616C696420656C663A8C
:10FFE000207365676D656E7420256420616464729A
:10FFF000657373206F766572666C6F770000000022
:020000040801F1
:100000003C3C444C5F4552524F523E3E4D6F6475EE
:100010006C653A2073697A65206572726F720A00A6
:100020003C3C444C5F4552524F523E3E4D6F6475CE
:100030006C653A20616C6C6F6361746520737061EC
:100040006365206661696C65642E00003C3C444C2D
:100050005F4552524F523E3E4D6F64756C653A207B
:1000600063616E27742066696E6420257320696E53
:10007000206B65726E656C2073796D626F6C207495
:1000800061626C65000000002E64796E73796D000A
:10009000FEF77CB8FEF788B82022BFF34F8F0C4BD9
:1000A00002E01860891A10440029FADCBFF34F8F70
:1000B000BFF36F8FBFF34F8FBFF36F8F04490020E3
:1000C00018390860BFF34F8FBFF36F8F7047000080
:1000D00068EF00E010B5044600F0D8FC2146BDE80A
:1000E0001040002003F028BB0146002003F024BB91
:1000F00000F58050C06870470146002003F028BB1F
:1001000070B5054641F22801002003F021FB0400F0
:1001100008D00122294600F019FE28B1002021460E
:1001200003F00AFB002070BD204670BD38B51446B0
:100130006B4600F0D4FE20B90098844201D1012022
:1001400038BD002038BD00002DE9F04103686FF094
:1001500003080C6880682344181A4B68D9B2172921
:100160003FD010DC03292FD006DC00292BD0012939
:100170001BD0022965D134E00A2934D015292ED0AC
:1001800016295ED12BE01E292DD006DC1B290CD0B0
:100190001C290AD01D2954D107E0282919D04E4D19
:1001A0002F296DD030294CD184E0036823F07F41A2
:1001B0000C0201D541F07F41121A02EB810189083E
:1001C00061F31703036059E00168121A11440160DA
:1001D00054E0424A01681140414A1143F7E7026086
:1001E0004CE00168F2E7038801274188C3F38024CB
:1001F000C1F3403666404FEA046CC1F3C025654048
:1002000027EA060627EA05044CEAC656C3F30905A1
:1002100046EA845444EA0534C1F30A0544EA450435
:10022000E50101D5A4F10074121A2244D40705D0C7
:10023000B2F17F4F02DDB2F1807F05DB29A002F031
:1002400005FB4046BDE8F081C2F3006427EAE256B0
:10025000664027EAA255654003F4784343EA8423C5
:1002600001F45041C2F3093441EA4631234303808B
:1002700041EAC521C2F34A02114301810020E1E7AE
:10028000016805EA314491B203F00F02022A01D15C
:1002900041F001010A0BC1F3C02344EA024242EAE1
:1002A0008362C1F30223C9B242EA033211434FEA27
:1002B00031418CE70168130F05EA314141EA0341FE
:1002C000C2F3C06341EA8361C2F30263C2F307422F
:1002D00041EA0331EAE70000008FF0FB0F0000F075
:1002E00000F0A0013C3C444C5F4552524F523E3E10
:1002F0004D6F64756C653A204F6E6C79205468754B
:100300006D622061646472657373657320616C6CE7
:100310006F776564000000002DE9F84F05009046F6
:10032000894660D0B8F80A002A2859D3D8F8046062
:100330004FF4807A344634F80E0F504550D120796E
:1003400006284DD1607904284AD16088082847D111
:10035000D4F80E000090281DA16905D0686818B176
:10036000814201D1012700E000270FB1012300E005
:100370000223694604F10802284600F095FAE08855
:10038000504503D0B0F5007F2AD125E01FB30220ED
:1003900002F062FEE080D4F80E00A0616868C4F844
:1003A0000E00A068C4F81200A089E082A068306046
:1003B000A089B080D9F80010A160B9F80400A0812C
:1003C000D9F80010C6F806104146B9F8040070814B
:1003D0002846AA69904703E069462846FEF786F951
:1003E000404603F002FCBDE8F88F000070B50A4EED
:1003F0000024054604EB840006EB8000817C29B1D3
:100400008068A84202D1204600F080F8641CE4B263
:100410000A2CEFD370BD00002C1905242DE9F35FE1
:1004200000214FF00A0B0446DA46584688468C46AF
:10043000D9460F46344B01EB810E0A2803EB8E029E
:10044000937C08D0ABB154B125685668B54206D14B
:1004500048B2BDE8FC9F002BF5D148B209E0012B62
:1004600015D0022B05D3D27C624502D394464FFAB5
:1004700081FA491CC9B20A29DCD301994FF0FF3235
:1004800089073ED40A2814D016DAC5B228E01E4BDC
:1004900053F82E3033B1D67CBE42EAD337464FFAFA
:1004A00081F9E6E7D57C4545E3D3A8464FFA81FBC1
:1004B000DFE70198C00724D0BAF10A0F02DA0AF088
:1004C000FF050AE0BBF10A0F02DA0BF0FF0504E0BA
:1004D000B9F10A0F15DA09F0FF05284600F016F801
:1004E00034B1094805EB8502216800EB82004160C8
:1004F00005EB85020448002100EB8200C17468B25C
:10050000A7E71046A5E700002C19052470B50C4E8E
:1005100000EB8004002556F8240018B103F065FBB9
:1005200046F8245006EB840006498574C57485603E
:100530004560D1F80620C2604989018270BD000083
:100540002C190524747201082DE9FC410E4615464C
:100550000E210446304603F082FB18B16FF0010013
:10056000BDE8FC812868214601F0BAFB08B1334B95
:100570003CE02868C0F303110E2922D0A16863680B
:1005800000EA01020B409A420BD080B2A0F57E41F6
:10059000A93906D014F10C0F2FD0E06868B304F12C
:1005A0000C05274B274A187800EB800102EB8101EC
:1005B0008F7C022F24D32F6849688F4220D10246B6
:1005C0002CE001208DF8000000208DF801005E2055
:1005D0008DF8020068786B4600F07F008DF803000C
:1005E000A8788DF80400E8788DF8050004F127025A
:1005F0003146204600F024F9B2E76FF00300AFE780
:10060000002000EB800102EB81018F7C022F0AD3D6
:100610002F6849688F4206D1C2B21A70314620460F
:1006200000F012F89CE7401C40B20A28E9DB324691
:100630002946204600F02AF892E70000747201086B
:100640006E0200242C19052470B50E4605460E488E
:1006500002EB820100EB8104A07C022809D1E07C3E
:10066000E42806D3211D284600F0D8F808B9032055
:10067000A07404F10C03314605F127022846BDE8B9
:10068000704000F0DDB800002C1905242DE9F74F6B
:1006900082B04FF0FF3B154688465F4602982730F0
:1006A00000900868029901F01BFBD8B9D8F8000047
:1006B000C0F303110E2915D0B8F1000F12D088B184
:1006C00001214046FFF7AAFE04000DD4DFF8A4A0E4
:1006D00004EB84090AEB8906B07C40B1012808D0FC
:1006E0003DB10DE06FF00D0005B0BDE8F08F0120C9
:1006F000B0740298414600F091F8002D0746F3D0FF
:10070000B07CD04602280AD31B4806F10C032946C8
:100710000470009A029800F093F8074628E0012838
:1007200026D100222846017B012903D10068002838
:10073000F9D172B101890022032003F0FBF8040013
:1007400015D0294603F0D0F940B1204603F04DFA08
:100750000DE02C46284603F0D9FA44B158F8290098
:1007600008B103F042FA002748F8294000E05F464C
:100770003846B9E72C1905246E0200242DE9F05FF4
:100780001F46904600228946DDF82CB02A21824679
:10079000032003F0CFF806003DD075680D9805F1F1
:1007A0000E0402F059FCE0803868A060B888A0818F
:1007B000DBF80010C4F81210BBF80400E082D8F88F
:1007C00000102960B8F80400A880D9F80010C5F816
:1007D00006103146B9F8040068810A980068C4F828
:1007E0000E000C980068A0614FF4807020800820F3
:1007F000608006202071042060714FF4C160A881E0
:100800005046DAF8182090470446304603F0EDF9D8
:100810002046BDE8F09F4FF0FF30FAE71FB5074CC8
:100820000123021DCDE90213CDE9002400F12703C5
:10083000A21F1946FFF7A2FF04B010BD7A7201088B
:1008400030B44C681D6825609B88A3801368C4F889
:100850000630928862810822A281826930BC1047EA
:1008600070B5104D002404EB840005EB8000827C01
:1008700092B1C17C491CC9B2C174F02906D2012AC7
:1008800002D0032A06D007E0022905D32046FFF74D
:100890003DFE01E002218174641CE4B20A2CE2D323
:1008A00070BD00002C1905242DE9F0410E001F46F3
:1008B0001546044630D0306870B3214601F010FA76
:1008C00050BB3078C0F303100E2825D0394630468F
:1008D000FFF7A4FD00281DDB114A00EB8001022375
:1008E00002EB8100837484602B68C360AB88038251
:1008F0000023C37452F821605EB142F8213004F144
:1009000027022B4631462046FFF79AFF304603F078
:100910006CF90020BDE8F0816FF00D00FAE70000EF
:100920002C19052470B5044640890D460E283AD985
:10093000606801788689CA0714D0012905D01C494E
:100940000622EFF740FE48B10CE0417851B98078BB
:100950005E2807D1607B40F0100002E0607B40F031
:1009600008006073082E03D0B6F5C16F1BD10EE0EE
:1009700095F82D00800616D56FF00D01204603F086
:100980006EF980B92946204601F078FA09E095F819
:100990002D00800607D505F1270122462846FFF7DE
:1009A000BBFC002070BD204603F01FF9F9E70000F2
:1009B0007472010870B5002506469AB02C46F7F708
:1009C0005DF996F82D10C9060CD5012808D81848ED
:1009D000F3F7A5FD304602F019FF304602F05CFF48
:1009E0001AB070BD0128FBD94FF400525100022803
:1009F00006D0032805D0042805D00528F0D103E04F
:100A000014460D4600E0144609486946F3F793F989
:100A100007486946CDE90554F3F7DDFC0448F3F7D0
:100A200023FD304602F061FF304602F03EFFD7E77B
:100A300088D2012410B5652180F82E106E2180F82F
:100A40002F10044941610449816101F005FF002034
:100A500010BD000049050108DD29010870B50446F4
:100A600001F076FF05000CD0226921469047040072
:100A700002D0284603F0B9F80348F3F703F92046FB
:100A800070BD4FF0FF34F7E788D2012410B504465B
:100A900000F010FB002808D1204606F09EFA00283E
:100AA00003D104F580540021216010BD2DE9F84FD9
:100AB0000D46804606F091FA5FEA000A7AD108F501
:100AC0008054E079002875D1666A4FF00109002E44
:100AD00072D0681C31D0E068A84200D20546A560FB
:100AE000002D52D0691E4046FDF71CFC6061014696
:100AF0002068FDF72EFC00287ED021686D1E01F5D0
:100B000080514A89B5FBF2F38D786D1E2B401D187C
:100B1000A068B0FBF2F302FB13000028E1D0A26949
:100B2000AA42DED0A079400637D548780123414655
:100B3000FEF7D4FF002871D12BE056F804BB2169E1
:100B40000227E1B100250091BF1C20686D1C88467A
:100B500000F0ACFE012801464ED9481C5ED008F1D9
:100B600001008142F1D05F4503D835600098706084
:100B70000836206800F5805040698842E2D8606AF3
:100B80005F45076002D800203060B3E04FF0110AE3
:100B9000B0E0A07920F04000A071206801232A462F
:100BA000414600F580504078FEF77EFF002835D1A1
:100BB000A5619FE080E0FFE7E068A84203D2A17949
:100BC000890700D40546A0680027A7602DB32168D7
:100BD0000A4601F580518E7849894E4378B1691EE5
:100BE000401EB1FBF6F1B0FBF6F3994207D3711E3C
:100BF0008843A0602D1A00E05CE061690CE0216987
:100C000049B900211046FDF7B2FB0128014651D039
:100C1000481C61D021616161E9B934E05CE0A079F0
:100C20008007206805D5FDF7A2FB010004D13546F9
:100C300013E000F03BFE0146481C4DD0012939D994
:100C4000206800F580504069884233D96161AD1B4E
:100C5000A0683044A060B542E1D8A06841F20A0221
:100C60002844A0602068125AB5FBF2F302FB13522D
:100C70004AB1FDF76EFBE8B1216801F58051498961
:100C8000B5FBF1F10F182068A16800F5805042898A
:100C9000B1FBF2F302FB131119B3A269BA4220D0DF
:100CA000A17949060ED5407801234146FEF716FF8B
:100CB00090B903E00220E071BDE8F88FA07920F040
:100CC0004000A071206801233A46414600F580505B
:100CD0004078FEF7E9FE18B1012084F80790EBE7B1
:100CE000A761D4E90201884204D9E060A07940F00C
:100CF0002000A0715046DFE737B582B01446039854
:100D00000090684600F0AAFE002802DA0B2005B029
:100D100030BD0D4B002253F8201011B101F5805168
:100D20000A700299002902D04FF480556A5443F8A2
:100D3000201001D0012C01D00020E8E7002203A9F7
:100D400002A800F0C3FBE2E768C106242DE9F74FD3
:100D5000ADF5925D98B100F5805641F2442102F064
:100D60001F074FF0000827F001026944C6F8008011
:100D70000DF5805000F0AAFB050007D0ADE009207A
:100D80000DF5137D0DF5805DBDE8F08F0DF58051FB
:100D900041F224206844E9468861A0F50070C861EA
:100DA0004846D1F8441200F0C3FC05000DF5805010
:100DB000446901D104B9062517F01C0F59D065B15B
:100DC000042D03D14846FEF7F1FC05460DF5805091
:100DD00047F00807446945B17FE0E07A10F0110F51
:100DE00051D1780701D5082577E0380751D500F0B3
:100DF000D0FDA073010AE173010C2174000E607430
:100E00000DF5805184F80B8084F81C8084F81D80D7
:100E100084F81E8084F81F800868214601F082FB58
:100E200000218146204603F011FA0DF58052012180
:100E3000B9F1000F106800F58050017127D01068DB
:100E4000494600F58050D0F82CA0106803F0AAF8AD
:100E5000050042D10DF58052A9F10100116801F59C
:100E60008051C8605146106802F0A6FB05000CD006
:100E700033E095BBE07AC10601D504252DE0B90722
:100E800003D5C00701D0072527E0380701D547F073
:100E9000200721460DF58050006800F58050C06A9B
:100EA000C6E907040DF58050B77186F807804746FC
:100EB000006801F037FB3061D4F81D10207F40EA54
:100EC0000120C6E902700DF58050B76177620068B5
:100ED000306000F58050C088B080284650E72DE98A
:100EE000F05F89469A46002116468346196006F04F
:100EF00074F800280FD10BF58054E07900280AD14E
:100F0000A079C00706D0D4E90210401A864200D961
:100F100006469BE00720BDE8F09F2368A1681846BD
:100F200003F580535A89B1FBF2F502FB1515002D2C
:100F30006CD1B1FBF2F29B785B1E1A4012F0FF05F8
:100F400010D129B1626A2AB15846FDF7EBF904E0E5
:100F5000206902E0616900F0A9FC02281DD3411C50
:100F60004FD0606161692068FDF7F3F9A8B100EB2B
:100F70000508206800F580504189B6FBF1F737B3CA
:100F80008178EA198A4200D94F1B40783B46424695
:100F90004946FEF789FDA0BB02E00220E071BAE7F6
:100FA000A07940060DD5A169A1EB0800B84208D28E
:100FB000216801F580514A89594600FB029002F0F0
:100FC00073F9206800F5805045897D4334E0A269BB
:100FD000424519D0A179490609D5407801235946DF
:100FE000FEF77CFD68B9A07920F04000A071206870
:100FF00001234246594600F580504078FEF754FDE3
:1010000010B10120E07186E7C4F818802068A1685B
:1010100000F580504089B1FBF0F200FB1212851AF6
:10102000B54200D93546B1FBF0F200FB12112A4659
:101030004846594402F038F9A068A9442844A06001
:10104000DAF800004119CAF80010761B002E7FF470
:1010500064AF00205FE773B5ADF5925D0D460022E9
:101060000DF592510DF5805000F030FA04001BD1BF
:101070000DF5805141F2242068446E468861A0F548
:101080000070C8613046D1F8401200F051FB0400F6
:101090000AD10DF58050406928B12DB1294630465E
:1010A00000F079FC00E006240DF5127D20460DF5D8
:1010B000805D70BD70B5054605F08FFF002811D129
:1010C00005F58054A1798A060CD548060FD520680D
:1010D0000123A269294600F580504078FEF7FEFC06
:1010E00008B1012070BDA07920F04000A071E16935
:1010F000206802F061FA0028F4D1256AE87A40F00D
:101100002000E872207B2877A089000A6877E068D1
:10111000000CA877E068000EE8772169284603F004
:1011200095F800F036FCA875010AE975010C2976DE
:10113000000E68760020A8740121E874A07920F0E0
:101140002000A071206800F5805001712068BDE882
:10115000704003F0BEB8F1B5ADF50A5D01220DF5A2
:101160000A510DF5805000F0B1F900281BD10DF5A2
:10117000805142F2482068446E468861A0F50070B4
:10118000C8610DF500513046D1F8801200F0D0FA58
:10119000002808D10DF5805045691DB1E87AC007D7
:1011A0003FD105E006200DF5217D0DF5005DF0BD78
:1011B0000DF580502946006801F0B4F904001CD0F8
:1011C000E87AC00619D541F2240231460DEB02053A
:1011D000284602F069F80DF500512846CC6202213C
:1011E000FEF7F1FB0028DED100212846FEF75CFA6D
:1011F000B8B1042801D00028D5D13046FEF7B0FBA5
:101200000028D0D13CB10DF580502146006802F095
:10121000C9FE0028C7D10DF58050006803F059F8C9
:10122000C1E70720BFE713B5ADF5925D0C4601227B
:101230000DF592510DF5805000F048F9002827D1A6
:101240000DF5805141F2242068448861A0F50070BA
:10125000C8616846D1F8401200F06AFA002817D138
:101260000DF580504069C0B1A1790DF580528175AE
:10127000E188090AC17521790176A188090A4176B8
:101280001068012100F580500171106803F021F809
:101290000DF5127D0DF5805D10BD0620F8E72DE9F6
:1012A000F05F89469A46002115468346196005F08D
:1012B00094FE002808D10BF58054E079002803D172
:1012C000A079800702D40720BDE8F09FA0684119EB
:1012D000814274D3AEE02268A16802F58053588938
:1012E000B1FBF0F600FB1616002E7ED1B1FBF0F03C
:1012F0009B785B1E184010F0FF0618D129B1606A78
:1013000038B15846FDF70EF807E0206938B90021DA
:1013100000E061691046FDF72AF800284FD0012847
:1013200031D0411C5CD06061216901B92061A07994
:1013300040060DD520680123A269594600F580506A
:101340004078FEF7CBFBC8BBA07920F04000A0712D
:1013500061692068FCF7FDFFA8B100EB0608206872
:1013600000F580504189B5FBF1F74FB38178F21950
:101370008A4200D98F1B40783B4642464946FEF7D9
:10138000ADFBD8B902E00220E0719DE7A169A1EBB5
:101390000800B8420CD2216801F580514A8900FB4F
:1013A0000291584601F080FFA07920F04000A07122
:1013B000206800F5805046897E4331E010E03CE033
:1013C00000E012E0A26942450DD0D4E90212914238
:1013D00009D24078012342465946FEF765FB10B119
:1013E0000120E07170E7C4F818802068A16800F55A
:1013F00080504089B1FBF0F200FB1212861AAE4217
:1014000000D92E46B1FBF0F200FB1211324601EB7F
:101410000B00494601F048FFA07940F04000A07160
:10142000A068B1443044A060DAF800008119CAF81D
:101430000010AD1B002D7FF44EAFD4E902018842AD
:1014400000D9E060A07940F02000A07100203BE7C7
:1014500082B0CDE9000121F0004001909DED000B2C
:1014600002B051EC100B704770470000064B002192
:1014700000E0491C33F81120002A04D08242F8D140
:10148000024830F8110070475273010832750108A4
:101490002DE9F04117460D4604460646012913DDA5
:1014A0003846EEF78BFF411C0CD0C0B204F8010B9C
:1014B0000A2802D06D1E012DF2DC0020207030467B
:1014C000BDE8F081B442F8D10020F9E72DE9FF5FD3
:1014D0004FF0000B17460546C0F800B0084600F074
:1014E000BDFA060003D50B2004B0BDE8F09F8C4880
:1014F00050F826409CB12C6004F58055287820B126
:101500006878FEF7DFFAC1070BD085F800B0F0B2BB
:101510006870FEF7A7FAC10708D00320E4E70C20A3
:10152000E2E70FB1400704D40020DDE71FB1400718
:1015300001D50A20D8E741F20A0168786218022131
:10154000FEF7A4FAA8BB6889B0F5007F32D3B0F5E6
:10155000805F2FD8002620463146FCF7ABFE0128DD
:1015600023D100206A4604EB001191F8C23101F545
:10157000DF712BB10B7AD1F8091043EA012100E0A9
:10158000002142F82010401C0428ECD3002790468C
:1015900058F8276026B131462046FCF78BFE00E064
:1015A000022048B17F1C042FF2D3032802D0E8BBED
:1015B00002E0FFE7012097E7B4F80B006A89904248
:1015C00061D1E08A28B9D4F8251094F8240040EAC3
:1015D0000120A861217C8246E970012901D00229FD
:1015E00051D101FB00F9677BAF70FFB1781E074254
:1015F00049D1B4F811104FEA521C2981B1FBFCF01B
:101600000CFB101090B9B4F8130028B9D4F82130AD
:1016100094F8200040EA0320E3893BB1B1FBFCF8D9
:1016200003EB090CC44460452DD300E02BE0A0EB94
:101630000C00B0FBF7F030B3012740F6F6784045D8
:1016400000D302274FF6F678404500D303273344F2
:10165000801CB444C5F828C06861032FC5E907633E
:1016600013D081B1022F03EB0901696218D000F099
:10167000010100EB400001EB5000401E1044B0FBA4
:10168000F2F151450ED90D202EE70029FBD1D4F8F7
:101690002D30800094F82C1041EA03216962ECE7B8
:1016A0004000EAE74FF0FF302861E8608020032F18
:1016B00068712ED1208E01282BD1711C204601F09B
:1016C0007BFF30BB85F805B0B4F8FE01A0F52A41D8
:1016D00055391ED1D4F80110207840EA0120114973
:1016E000884216D1D4F8E51194F8E40140EA0120CB
:1016F0000D4988420DD1D4F8E91194F8E80140EA87
:1017000001202861D4F8ED1194F8EC0140EA0120A1
:10171000E86006492F700888401C0880E88003E7CD
:1017200068C106245252614172724161080300246B
:1017300073B50546019908782F2801D05C2801D19E
:10174000491C019105F580540026A6600198007897
:10175000202805D200212846FEF735F966617CBDB8
:1017600001A92846FCF756FE0028F8D12846FDF7C7
:1017700075FEA169C97A28B10428F0D14907EED4D1
:1017800005207CBD4907FCD46169C87AC006F7D53D
:10179000206800F0C7FEA060E2E700000349CA69C4
:1017A0005206FCD5C2B20A85704700000010014005
:1017B00070B50D46044602E02946FFF7EFFF14F826
:1017C000010B0028F8D170BD2DE9F0479046044682
:1017D00001FB084599460E46074606E04846EEF7E7
:1017E000EDFD411C06D004F8010BAC42F6D1404699
:1017F000BDE8F087E01BB0FBF6F0F9E72DE9F0411A
:1018000002FB01051F461646044604E014F8010BCE
:101810003946FFF7C3FFAC42F8D13046BDE8F0814E
:101820007CB51C4616460B22054601F03DFD052CF5
:1018300011D91D4A0CE00021B61C2346044640087D
:1018400063F35F04E30300D55440491C1029F4D32B
:1018500030880028EFD107226B4604F00F003030AB
:10186000392800D9C01D9854521E2409F5D17E2074
:101870000021541E985406E081387D2802D8A142E8
:1018800006D0491C491C914202D2685C2028F3D141
:10189000082A02D2985C521C00E020206854491C9F
:1018A0000829F5D37CBD0000211001002DE9F04787
:1018B00002290D4607460DD307F580546069A842FA
:1018C00008D920784FF0FF36012807D0022832D0FF
:1018D000032844D001263046BDE8F087618905EB36
:1018E0005508B8FBF1F0216A0144384601F064FE66
:1018F0000028F0D16089B8FBF0F200FB128108F1FA
:101900000108B8FBF0F017F80190216A014438464D
:1019100001F052FE0028DED16189B8FBF1F201FB33
:101920001280395C49EA0120E90701D00609D2E7B3
:10193000C0F30B06CFE76089216A4008B5FBF0F0E1
:101940000144384601F038FE0028C4D1618968009E
:10195000B0FBF1F201FB120038440688BBE7608956
:10196000216A8008B5FBF0F00144384601F024FEFE
:101970000028B0D16189A800B0FBF1F201FB120090
:1019800038440178D0F8010041EA002020F0704688
:10199000A1E7002070472DE9F04100F580500E4688
:1019A00001F10905016969B3436900212E275A5CD9
:1019B000491C202A18D0052A00D1E522092901D185
:1019C00005F8017BA2F14104192C0BD893F80CC047
:1019D000092901D3102400E008241CEA040F01D0D7
:1019E0002032D2B205F8012B0B29E0D3D97A31721B
:1019F000D3F81D20197F41EA02213160198BB18093
:101A0000D98AF1804FF0000885F80080B769002F6F
:101A100022D001690024E9B1F169D9B1018CA1F5A5
:101A20007F42FF3A16D0C56910E00021FFF71CFD88
:101A300040B1FF2802D9010A3955641CF169491ED9
:101A4000A14201D8002405E03855641C35F8020B8A
:101A50000028EAD107F80480BDE8F08103464FF082
:101A6000FF3010B51C68002C13D0214600E0491C43
:101A70000A78202A0ED33A2AF9D114F8012B303AE9
:101A80000A2A06D28C4204D1032A02D2491C1046EB
:101A9000196010BD002010BDEEF790BC70B5044673
:101AA00005460948EEF78AFC411C04D00A2806D0F6
:101AB00004F8010BF5E7AC4201D1002070BD002015
:101AC0002070284670BD0000E80300240A46032168
:101AD00000F07EB82DE9FE4F456804468A46287816
:101AE00000074FEA90682046C8F100010F4602F057
:101AF000B6F8002862D1208904285FD36068007896
:101B000000285BD0082859D12F4901260868C0F366
:101B100003120E2A00D100268946514600F0E0F853
:101B2000E8BBE6B32089082848D3204600F08CF8AB
:101B3000A8BB2221204602F092F8D0B141462046AF
:101B400002F08DF858BB21890022022001F0F2FE3C
:101B5000060033D0214601F0C7FF00BB7568394647
:101B6000304602F07CF8D0B9204602F03EF8344608
:101B700005E06FF02101204602F071F878B9606845
:101B80000026D9F80010E96010490968296141462A
:101B900006704680FF20287220466E8100E00DE02E
:101BA00002F05DF850B901212046FF23CDF808A0CE
:101BB0000022CDE90061044900F036FA2046BDE874
:101BC000FE4F02F012B80000800200247C020024C4
:101BD0002DE9FE4391460E460022074624210120AE
:101BE00001F0A8FE050023D06C681C22D7F8048001
:101BF0002670002684F80190A680E68068687968DF
:101C00000830EEF74DFC66802046698900F016F832
:101C10006080FF23D8F80C0000210290012002AA66
:101C2000CDE90060284600F0E5F9284601F0DDFF27
:101C3000BDE8FE830A460B21FFF7CABF10B501F0CD
:101C40002CFAC04380B210BD70B50024054626466C
:101C500013E06989686801F020FA2044010C11FA48
:101C600080F4A87AC00707D0C6F10100C6B2E0B27E
:101C7000C4F3072141EA00242D68002DE9D126B1E3
:101C8000E0B2C4F3072141EA0024E04380B270BD12
:101C90002DE9F0410B3020F00706104D19E02068C7
:101CA000B04215D3B0420AD9871B201DD4F8048056
:101CB000EEF7F6FBA019C0E90078286004E0606840
:101CC0002860201DEEF7ECFB201D2660BDE8F081AA
:101CD000251D2C68002CE2D10020F7E7F403002436
:101CE000421C12D088B191F82D2092070BD54A687A
:101CF000824208D089680A4000EA0103934202D177
:101D00000143491C01D000207047012070470000AA
:101D10002DE9F74F8AB00446142500260B98878CCE
:101D200060680690C08801F0AEF9C0F30C01039121
:101D300000F40050089020891438143F07971FFAC8
:101D400080F9F81707EB5070C0F3CF00049081E0E2
:101D50000799894501DC012000E000200399089AD9
:101D6000C1F30C0111430591C8B148461FFA80FB2D
:101D700000221421022001F0DDFD0290A8B140688C
:101D800014220699EEF78CFB0298D0F804A0606844
:101D9000284460606089401B5D46608131E041F409
:101DA000005005900498C000E0E74FF0FF300DB000
:101DB000BDE8F08F6689AE4200D92E4606B30620F4
:101DC00001F0E4FB07004BD060680222CDE9000679
:101DD00003203B46314601F037FE5FEA000843D05E
:101DE000204601F093FF22484146C7E904040298C7
:101DF00001F054FEA81B05042D0C04D02468D9E77B
:101E00002468002DD6D10598354601F025F9AAF8A9
:101E100006000BF1140080B201F01EF9AAF80200CE
:101E200000215046AAF80A101421FFF707FFAAF86C
:101E30000A000B980C9A029943699847029801F09E
:101E4000D4FEA9EB0B001FFA80F9DDE90301084479
:101E500080B20390B9F1000F7FF47AAF0020A6E7BB
:101E6000029801F0C2FEA0E7384600F003F8F7E759
:101E7000ED2401080146062001F048BB2DE9F84F8A
:101E800006460F4601200090042175682878B1EBC2
:101E9000101F0FD100F00F004FF6FF7101EA80090B
:101EA000688801F0F0F8728901464A4502D330890A
:101EB000884203D2304601F098FE60E0304601F0DF
:101EC000FEFE4A484FF0010829693C46A0F1040B88
:101ED00082460160EA68CBF8002094F82D00C00724
:101EE0000DD0201D0BD0616849B1DAF8000088429E
:101EF00003D02146FFF7F4FE08B174B116E0B8F143
:101F0000000F04D03A484FF00008046800E024684D
:101F1000BC4200D12468002CDFD1687A112805D199
:101F200005EB09004088B0F5884F26D0009870B1C5
:101F3000DBF8000058B1D8463946FFF7D1FE00283B
:101F4000B8D198F80000C0F303100E28B2D0002CCE
:101F5000B0D0E88830F0C00005D0304600F0B8F8C6
:101F600006000CD075683946204C3046103CC4E958
:101F7000017501F0A7FF28B12FE03C46E7E70020FC
:101F8000BDE8F88F687A012814D006280DD01128F2
:101F900006D0DAF800003946FFF7A2FE78B119E062
:101FA0003946304604F0CEFE17E03946304602F09E
:101FB000DBFD12E039463046FFF78CFD0DE09AF864
:101FC0000000C0F303100E2804D0022130467560D3
:101FD000FFF77CFD304601F008FE00206060A06045
:101FE000CBF80000CAF80000C9E700008002002416
:101FF000A40200242DE9FE431F461646884681466A
:10200000DDE90A54104600F051FA50B100953B4604
:10201000CDE9014032464146484600F005F8BDE8AA
:10202000FE836FF00300FAE72DE9F84F170098469A
:1020300089460546DDE90BA6DDF828B031D014212C
:1020400001F00DFE18B16FF00100BDE8F88F6C686B
:1020500084F8088084F809A0386820614520207041
:1020600084F801B0288900F0F7FFDFF860804FF0B6
:10207000000A6080A4F806A0B8F8000000F0ECFFA9
:10208000A080B8F80000401CA8F80000B9F1000FCB
:1020900002D0D9F8000000B97068E060A4F80AA086
:1020A00003E068686F4600690090B08C40B12989F0
:1020B000814205D93A4631462846FFF729FEC4E752
:1020C00073693A46294630469847BEE770020024B5
:1020D0002DE9F14F002700984468207800F00F00A8
:1020E00005287CD1E08800F0CEFFC0044FEA104AFA
:1020F000608800F0C8FF217801F00F01494200EB31
:1021000081001FFA80F9009801F0E5FC584D064661
:1021100028883044142809D93146204600F068F94F
:1021200000285CD028883044142858D8A8466D6808
:102130004FF0000B0DE06869E168884207D1A8699B
:102140002169884203D1A889A188884204D02F46FA
:102150002D68002DEFD106E02DB1E08800F093FF4F
:10216000C00424D02EE0052001F010FA05000AD1A9
:102170003146204600F03CF9B04216DB052001F064
:1021800005FA050011D02021EEF7B2F90320E87717
:10219000D8F804101422296005F108002146C8F877
:1021A0000450EEF77DF9D5B10CE05D46FBE7E88918
:1021B00000F069FFC00405D01422214605F1080093
:1021C000EEF76EF9B8F800103144A8F80010A079C5
:1021D000800608D4A87F40F00100A87700E041E025
:1021E0000AEB0900A8830099284600F043F800286C
:1021F00036D0A88B142205F108011430A883686832
:10220000466830463468EEF74BF9A88B00F024FF9F
:1022100070801421A6F806B03046A6F80AB0FFF781
:102220000DFD70816FF0130AD5F8049009E066681F
:102230005146204601F013FD2146484601F02EFC90
:102240003468002CF3D13946284600F087F8484618
:1022500001F041FCB8F80020101AA8F80000484628
:10226000BDE8F88F009801F0C0FC0020F8E70000FE
:10227000840200242DE9F047D1F8048000240125D0
:102280000E460746B8F8020000F0FDFE014698F839
:10229000000000F00F00404201EB8009B8F8060092
:1022A00000F0F1FE7268C004030C0020106003EB24
:1022B000090093801FFA80F8A2F8068079681DE073
:1022C0004868B0F804C063450DD2116044B1B4F859
:1022D00006C0634532D3808880452FD8266000E051
:1022E0007E6069B115E029D0C1888B4226D31CB12C
:1022F000E188614500D00025016804460029DFD14E
:1023000034B12660E0889188884202D0002500E040
:102310007E60B87FC0070DD05DB178684068808866
:1023200030B9116829B14868D1888288914203D0B8
:1023300000252846BDE8F0870246F2E7304601F066
:10234000CAFB014604480288511A0180304601F058
:102350004CFC0020EEE7000084020024074A0B46F4
:1023600030B401685468844201D1516000E01960C2
:10237000014630BC052001F0C9B8000084020024E9
:102380002DE9F0414468064688460025606881884A
:1023900091B900681422706006F108016068EEF7D8
:1023A0007FF801212046FFF745FC204601F093FB12
:1023B0000546204601F019FC74680AE0606827466B
:1023C0000468384601F087FB284485B2384601F09E
:1023D0000CFC002CF2D141463046FFF7BFFF03480A
:1023E0000188491B01802846BDE8F0818402002451
:1023F0002DE9F047DFF86890002688460546002260
:1024000011461446D9F804001BE04369D5F80CC006
:10241000634509D18369D5F810C0634504D1838928
:10242000B5F804C0634508D0641C22B1C37F92F89C
:102430001FC0634501D802460F46036803B1014639
:1024400018460028E1D122B139461046FFF798FF1F
:102450000644464501DA012CD1DC3046BDE8F08760
:102460008402002410B500F00BF8BDE810400349C9
:1024700000224FF47A7002F087B80000652401084A
:10248000094870B5002544680BE0E07F20B1401E8C
:10249000E0772546246804E0204624682946FFF7B3
:1024A0006FFF002CF1D170BD8402002410B50446EA
:1024B0000C480AE090F82D10C90706D08168226800
:1024C00043680A400B409A420AD000680028F1D1C4
:1024D0000548006818B190F82D10C90700D10020F8
:1024E00010BD0000A4020024A802002410B5044678
:1024F000406908B101F079FB2046BDE81040FFF7C4
:10250000B9BC00000822743004A110B5EEF75BF8E6
:1025100008B1002010BD012010BD00004172742DD3
:102520004E6574000246488B02F580521278032AE9
:1025300002D1898A40EA01407047000086B0A44D6C
:10254000002702213C463A462846F2F7C6F9012206
:1025500028461146F2F7C1F9DFF878B2AA469E4E36
:1025600043F6FF794FF0000830787178084300D1C6
:102570000127B078F178084303D13069022800D1EF
:102580000124F07968B9012C03D00020F1F71AFA80
:1025900008B1012200E0002290484FF40061F2F7F8
:1025A0009CF9F5F765FB08B10120F07157EA0400CA
:1025B0000BD0012C10D0012155465046F2F789F975
:1025C000306902281BD000221AE000225546022161
:1025D0005046F2F782F908E0022155465046F2F7DC
:1025E00078F9012F03D0307830B1002205E00121C5
:1025F0002846F2F76EF907E00122012101E00122ED
:1026000002212846F2F769F9F9F7F4FF0A2805468E
:102610001ED9EFF713FD707901280FD10020F1F7D3
:10262000D1F918B901210020F9F738FC0120F1F7A0
:10263000C9F918B901210846F9F730FCB5F5966FCC
:102640000ED90020F1F7BEF950B9F9F711FF07E0F4
:1026500000210846F9F722FC00210120F9F71EFCB1
:102660000020F1F7AFF9F1793279CDE90450CDE9E5
:1026700002213169F078CDE90001B37872783178C0
:102680005748FAF749FCF5F711F801465548026832
:102690005548036855480068CDE900035448029244
:1026A0000368544802685448FAF736FCF079012868
:1026B00008D002282AD003284FD0042878D0052833
:1026C00079D07CE0B27B0092B089134601B2084613
:1026D000F9F712FC9BF80000012807D1B27B0092A9
:1026E000B089134601B20846F9F756FCB08930B1FB
:1026F000FA20A6F80C80EFF783FAFA2023E00020F6
:10270000A6F80C90EFF77CFA00201CE0B27B009258
:10271000B089134601B20846F9F7EEFB9BF80000BA
:10272000012807D1B27B0092B089134601B2084656
:10273000F9F732FCB0890028E1D0FF20A6F80C8020
:10274000EFF75EFAFF20EFF777FAF08910B1A6F8FD
:102750000E8034E0A6F80E9031E0A6F80C8000253B
:10276000A6F80E80B27B0092B089134601B20846EB
:10277000F9F7C2FB9BF80000012807D1B27B009259
:10278000B089134601B20846F9F706FCB089002269
:10279000052311463F30B081F0893F30F08110466B
:1027A000F7F788F96D1C682DDCDB08E000E002E03B
:1027B000F5F73AFA03E0F5F723FA86F807800022E6
:1027C0004FF4FA7311461046F7F774F9CCE600009F
:1027D000000402582C0000240000002400080258C5
:1027E0002C79010804010024FC00002400010024CD
:1027F000F8000024E0000024D07801082DE9F04121
:1028000000270E4605461046FDF77AFC5FEA0008F1
:102810006FF0050417D0FDF76BFC306098B14FF0F6
:102820000051296032684046FDF780FC28B14046DF
:10283000FDF750FC3846BDE8F0812868FDF754FCF0
:102840004046FDF747FC2046F5E70000014601A0A1
:10285000FAF762BB257300002DE9F0410546384EBA
:102860000024384F0620DFF8E0809AB085F8260073
:102870003248017885F82710417885F8281081784A
:1028800085F82910C17885F82A10017985F82B1070
:10289000407985F82C0040F2DC50A88495F82D0092
:1028A00040F0320085F82D00C4EB8410214600EB87
:1028B000C410002306EBC0022448F1F71EFA04EB13
:1028C0008401641C08EB81000C2C0761ECD31E48CA
:1028D00034213438EDF70CFE1B48212134380160D7
:1028E0004FF44031416100210161F5F7C7F94FF420
:1028F00000546600022809D0032804D0042804D01C
:10290000052803D118E0002400E000260F4869469E
:10291000F1F711FA0D486946CDE90564F1F75BFD61
:102920000A48F1F7A1FD284600F0DFFF284600F035
:10293000BCFF1AB0BDE8F0810024E6E7E0180524EA
:10294000000204304B3C0108281A052488D20124D7
:102950007FB500261F48344635460396F1F744FC00
:10296000002835D0F8F7AAF81A486946F1F7C9FAED
:10297000184803A9F1F717FB0398202812D9F4F798
:1029800095FE01280ED10098808908280AD1009868
:102990001A30F0F7AFFE28B10F4803940168491CC4
:1029A000016014E0039890B181B20322002000F08E
:1029B000C1FF06000BD00446009841196289606887
:1029C000EDF76EFD608924680544002CF4D1304693
:1029D00004B070BD88D20124E0000024F0B50022CC
:1029E0008DB0104614466D46164618E0042A03D3EF
:1029F0006FF00E000DB0F0BD02EB42034F6845F8DA
:102A0000237005EB83034F895F604F8938440AB117
:102A100043F8043C0F6807B99E60521C09680029FE
:102A2000E4D10649C1E90105F8F748F80349002255
:102A30000348F1F7BEFD2046DCE70000F419052449
:102A400088D201242DE9F04704462B48006801256F
:102A50002A494FF0020C4FF000094FF0C008020E57
:102A6000070C0A71030A4F710D228B71A826C871D9
:102A70000A703B224A708D7081F803C0C1F808903B
:102A8000C1F80C90642184F80680E67125726172A9
:102A900084F800C084F8019084F80290E770184F21
:102AA000237160713879A0727879E072B8792073F7
:102AB000F8796073F0F754FF58B184F80A80E67231
:102AC0002573607921790844E17808440D494873F9
:102AD0006073FF20A073E073207484F81190397A3A
:102AE000A174797AE174B97A2175F97A617584F8FB
:102AF0001690BDE8F087000000E8F11FCCEE00243E
:102B0000306D0024E018052410B5EDF7FFFB0749F0
:102B10000723044606484A68002102F5FE72F6F7CC
:102B2000C1FC2046BDE81040EDF7F4BB380200249C
:102B3000552D0108044810B5FCF716FCBDE81040FF
:102B40000720F6F743BD0000F818052430B500242F
:102B500087B000F0E5F810B1022007B030BD34486E
:102B6000FFF770FF05E0641CE4B2052C01D90320D7
:102B7000F3E7F5F7BDF80028F5D10021084603F08A
:102B8000F3FAF0F7EDFE002518B1039504950595CD
:102B900035E0274CD4F80B10A07A40EA01200390CE
:102BA000D4F80F10A07B40EA01200490D4F8131051
:102BB000A07C40EA0120059062792179E0788DE8D7
:102BC0000700A3781BA062782178FAF7A5F9607B4B
:102BD000009026A0237BE27AA17AFAF79DF9607C27
:102BE00000902EA0237CE27BA17BFAF795F9607D13
:102BF000009036A0237DE27CA17CFAF78DF93F4856
:102C000005AB3F4904AA0095CDE90110084803A986
:102C1000183000F0BDFD48B10548183000F0F0FD57
:102C20000348183000F061FE002096E7042094E786
:102C3000E0180524CDF8BFA8656EB5C44D4143B575
:102C4000D8D6B7CEAA3A2E2E2E2E2E2E2E2E2E2EA1
:102C50002E2E2E2E2E2E25642E25642E25642E2516
:102C6000642E25642E25640D0A000000BEB2CCAC93
:102C70004950B5D8D6B72E2E2E2E2E2E2E2E2E2ED5
:102C80002E2E2E2E2E2E2E2E2E2E2E2E2E2E256437
:102C90002E25642E25642E25640D0A00D7D3CDF889
:102CA000D1DAC2EB2E2E2E2E2E2E2E2E2E2E2E2EA4
:102CB0002E2E2E2E2E2E2E2E2E2E2E2E2E2E256407
:102CC0002E25642E25642E25640D0A00C4ACC8CFC1
:102CD000CDF8B9D82E2E2E2E2E2E2E2E2E2E2E2E76
:102CE0002E2E2E2E2E2E2E2E2E2E2E2E2E2E2564D7
:102CF0002E25642E25642E25640D0A00B561010879
:102D0000350A010810B5054C0020216800F014FDBB
:102D100061680020BDE8104000F00EBD38020024BC
:102D200000204FF47A6110B500F012FD084C4FF40A
:102D300000712060002000F00BFD6060216811B17F
:102D400008B1002010BDFFF7DDFF012010BD00001D
:102D5000380200242DE9FE43F0F702FE00287DD062
:102D60004E48FCF7AFFA4D4C0020183CA0754CA023
:102D7000FAF7D2F8DFF8248153A0FAF7CDF8D8E9B2
:102D80000157D8F80C60002D39D00220A075627967
:102D90002179E0788DE80700A37850A06278217847
:102DA000FAF7BAF8280E6073C5F307432373C5F327
:102DB0000722E272E9B2A172009056A0FAF7ACF8CD
:102DC000380E6074C7F307432374C7F30722E27316
:102DD000F9B2A17300905BA0FAF79EF8300E60750F
:102DE000C6F307432375C6F30722E274F1B2A17458
:102DF000009060A0FAF790F8F8F7B4FF43E0D8F835
:102E00002000407B042842D9FF20A075D4F80B1085
:102E1000A07A40EA0121C8F80410D4F80F2061A07C
:102E2000A17B41EA0221C8F80810D4F81320A17C44
:102E300041EA0221C8F80C10FAF76EF8627921799C
:102E4000E0788DE80700A37824A062782178FAF76B
:102E500063F8607B0090237BE27A00E01BE0A17ABC
:102E600058A0FAF759F8607C009062A0237CE27BBE
:102E7000A17BFAF751F8607D00906AA0237DE27C87
:102E8000A17CFAF749F8BDE8FE43FFF753BEFA20EC
:102E9000FBF7E8FB70E7BDE8FE830000F8180524A7
:102EA000D5FDD4DAB2E9D5D244484350B7FECEF1CD
:102EB000C6F72CC7EBC9D4B5C82E2E2E2E2E2E2E1B
:102EC0002E2E2E2E0D0A0000D5FDD4DABBF1C8A19E
:102ED000B5D8D6B72E2E2E0D0A000000CDF8BFA80B
:102EE000656EB5C44D4143B5D8D6B7CEAA3A2E2E9D
:102EF0002E2E2E2E2E2E2E2E2E2E2E2E2E2E2564C5
:102F00002E25642E25642E25642E25642E25640D21
:102F10000A000000CDA8B9FD44484350BBF1C8A148
:102F2000B5BD4950B5D8D6B72E2E2E2E2E2E2E2E0C
:102F30002E2E2E2E2E2E25642E25642E25642E2533
:102F4000640D0A00CDA8B9FD44484350BBF1C8A1A7
:102F5000B5BDD7D3CDF8D1DAC2EB2E2E2E2E2E2E24
:102F60002E2E2E2E2E2E25642E25642E25642E2503
:102F7000640D0A00CDA8B9FD44484350BBF1C8A177
:102F8000B5BDB5C4C4ACC8CFCDF8B9D82E2E2E2E41
:102F90002E2E2E2E2E2E25642E25642E25642E25D3
:102FA000640D0A0044484350B7FECEF1B3ACCAB139
:102FB0002CCAB9D3C3BEB2CCAC4950B5D8D6B72110
:102FC0000D0A0000BEB2CCAC4950B5D8D6B72E2EF3
:102FD0002E2E2E2E2E2E2E2E2E2E2E2E2E2E2E2E11
:102FE0002E2E2E2E2E2E25642E25642E25642E2583
:102FF000640D0A00D7D3CDF8D1DAC2EB2E2E2E2ED7
:103000002E2E2E2E2E2E2E2E2E2E2E2E2E2E2E2EE0
:103010002E2E2E2E2E2E25642E25642E25642E2552
:10302000640D0A00C4ACC8CFCDF8B9D82E2E2E2E10
:103030002E2E2E2E2E2E2E2E2E2E2E2E2E2E2E2EB0
:103040002E2E2E2E2E2E25642E25642E25642E2522
:10305000640D0A0000BA704740BA704710B501F01D
:1030600018FA00F051F900F065FA00F0B7FB00F033
:1030700013F803F065FE01F075FDBDE8104001F0A6
:10308000B1BA00BA704740BA704700000148FDF776
:10309000E5BC0000F8180524704718B5002210F0B0
:1030A0000103ADF800200BD0002909DD10F8014B19
:1030B000491E8DF8014003E030F8024B891E22447E
:1030C0000129F9DC002902DD00788DF80000BDF847
:1030D00000001044010C11FA80F0010C11FA80F08C
:1030E00023B1C1B2C0F3072040EA012080B218BD6D
:1030F000F8B5464C002504262670EEF7BDFD444881
:103100000660F1F7FDFB4349086840F000400860A5
:1031100008680423022200F0004000900521A0204E
:10312000F8F7E2FF4FF4C870FBF782FA4FF4E13092
:1031300003F0C6F8F4F782FEF5F730F8002000F04F
:1031400083FA022000F080FA032000F07DFA0420C8
:1031500000F07AFA052000F077FAF5F761F82EA072
:10316000F9F7DAFEF5F776FA31A0F9F7D5FE374828
:1031700004F12001EFF7AEFE3648012234A1FDF73D
:10318000BBFD2070D4E90601EEF79EFE10B11E20B3
:10319000F8F7A0FFF0F70CF9EEF71AFE6061F0F710
:1031A0005DFB6071F0F778FBA0712BA0627961691B
:1031B000F9F7B2FE6079012805D1F4F705FF31492E
:1031C00031A0F8F799FCF4F7B5FCF5F78DFE344E15
:1031D000002210213046F1F780FBFFF7B7FCA0700A
:1031E00003F0FEF80122E07010213046F1F775FB84
:1031F000F4F706FD174A0B232A480021121FF6F7A1
:1032000051F9F6F71BF92846F8BD0000000000242C
:103210009CEF00E0DC440258496E6974205344205E
:103220006361726420656E64202E2E2E200D0A00CC
:10323000426567696E20746F206D6F756E742046ED
:1032400041544653202E2E2E200D0A0014770108DB
:10325000303A0000005C002443657274696669635B
:103260006174696F6E20726573756C74203D2025E2
:10327000642C20617574706C6179203D2025640D8B
:103280000A0000002C0F0124303A2F64616D65693B
:103290002F64617461626173652E646C6400000068
:1032A000000002585D42010803E011F8013B00F8FC
:1032B000013B521EF9D2704770B5040021D0114D68
:1032C0002868844202D36868844205D3EDF71EF86B
:1032D000BDE87040EDF71EB80A4800210C3001F03F
:1032E000ADF8A4F1080000210171A968884200D25C
:1032F000A86000F019FD0348BDE870400C3001F0F3
:1033000017B970BD900200240C484FF4A0430C4A3A
:1033100020F0030130B40024116001F5A0400B80BF
:103320004C800C710124506004710380438002F1D1
:103330000C009160214630BC01F0E4B84D1B05241F
:10334000900200242DE9F04100280DD0C01C4FF65A
:10335000FC7100EA01050C2D4FF4A04601D20C25AA
:1033600004E0B54202D90020BDE8F08128480021E0
:1033700001F064F8DFF898E0C5F5A042AEF10C0E5C
:10338000DEF80870DEF80000391A89B239E0441816
:103390002379A3BB23885B1A083BAB4230D3228836
:1033A00005F114034FF0010C521A083A9A4211D356
:1033B0004A19083293B2C218002515712588158064
:1033C0005180238084F804C01188B14204D0821C4B
:1033D0008B5201E084F804C0BC4202D009E0398875
:1033E0000F18397919B1DEF804108F42F7D1CEF8F1
:1033F0000870074801F09CF804F10800B4E7FFE703
:10340000415A8A42C3DC024801F092F8ABE700005F
:103410009C020024C9B201E000F8011B521EFBD23D
:10342000704700002DE9F047C91C07464FF6FC70B5
:1034300001EA00040C2C4FF4A04A01D20C2401E054
:10344000544517D830490868874202D34A689742E2
:1034500004D3ECF75BFFECF75DFF10E0A7F1080584
:103460008846281A86B22888801B08381FFA80F9F7
:103470004C4503D94FF00000BDE8F08701D1384634
:10348000FAE721484FF0000100F10C0000F0D6FFF0
:1034900028884246D8F80010002300EB010898F86D
:1034A0000400D8B104F11400484512D83019D2F8FC
:1034B00008C0083084B20819604500D290600371DA
:1034C0002A88028046802C800088504501D0891CC3
:1034D00044520D480C3001F02BF8D0E730199468B5
:1034E0000830B8F800C080B2444501D10C1894608F
:1034F0000A181371A2F800C056802880128852451D
:10350000E7D0891C5052E4E79002002470B50029EE
:1035100005460CD00C46ECF7F9FE054951F825207C
:10352000226041F82540BDE87040ECF7F3BE70BD65
:10353000606B0524F0B50020401C80B20E28FBD340
:103540001048104C20F003010F4E00203B3C074672
:1035500006F11C05002244F8207009E054F82030E0
:10356000521C0B6092B244F8201036F81030194407
:1035700035F810309342F1D8401C80B20E28E9D3C0
:10358000F0BD00009B6B05248872010870B50E2801
:10359000054601D3002070BDECF7B8FE054951F88F
:1035A000254014B1226841F82520ECF7B3FE2046EF
:1035B00070BD0000606B05242DE9F04100F58055D9
:1035C000074600240E46E86AB0420ED0384600F0A6
:1035D000D4FE040009D16878012332463946FCF74D
:1035E00063FA08B1661E0124EE622046BDE8F08150
:1035F000134A70B5131893F8383093B1114B53F840
:1036000020308B421AD90F4B02EB8002183B53F843
:103610002030106AB1FBF3F150F82140002003463E
:1036200008E011688847012070BD156A0E18401C1B
:1036300045F82630A042F8DB002070BD022070BDA6
:10364000B00100245C71010830B504460748084DFC
:10365000002150F82400820005EB8400006A00F08D
:103660008FF80120291981F8380030BD2C7101082C
:10367000B00100242DE9F0411E4E002405460F46FE
:10368000701990F8380010B93168284688474FF013
:10369000FF326FB3184B53F82510B7FBF1FCB7FBA3
:1036A000F1F001FB1C7101B1401C1349183951F8AC
:1036B0002510491E1CD406EB8506376A57F821C031
:1036C000BCF1000F04D0002484420FD1002206E098
:1036D000641CF9E7346A8F18521C44F827008242B0
:1036E000F8D353F825004843BDE8F081491EE5D5DD
:1036F0001046F9E7B0010024447101080C4B002288
:1037000010B50C4C114653F8203004EB800005E056
:10371000046A54F8214004B1521C491C8B42F7D86A
:103720004FF47A704243B2FBF3F080B210BD000058
:103730002C710108B0010024002906D0034A02EBD5
:1037400080029268891AFFF753BF7047B0010024C6
:1037500010B50446FFF78EFF411C05D0034901EB6D
:1037600084018968084410BD002010BDB001002408
:1037700003E011F8013B00F8013B521EF9D27047FB
:1037800001E000F8011B521EFBD27047F8F770BE33
:103790002DE9F041044606A890E8E00000206060B2
:1037A000A060E06084F82D00C4E907500A4D287835
:1037B00084F83000401C28702046276100F00FF884
:1037C0002046B04710B10020BDE8F0816868206055
:1037D00020466C60F8E70000A0020024704770B536
:1037E0001D461646044600F023F83146204600F0F8
:1037F00078F829462046BDE8704000F014B8000073
:103800000149886070470000A002002490F82D1044
:10381000CA0707D021F0010180F82D10890601D5D3
:10382000FCF7E4BD704701B10968C1607047000052
:1038300070B50C00054628D02068696888421ED003
:103840001348006809E001686A68914204D1C668BB
:1038500000F088FF304600E0C0680028F3D10D4832
:10386000006809E007D0016829B16A68914202D175
:1038700044B121680160C0680028F3D12CB12068F0
:10388000686070BD4FF00001F4E74FF00000F7E70B
:10389000C8020024C402002490F82D10CA0603D5E3
:1038A00021F0100180F82D10704710B5044690F8F3
:1038B0002D00C10614D440F0100084F82D00206AB9
:1038C00010B12046FBF74AF994F82D00C10707D044
:1038D000800605D5211D2046BDE81040FCF79EBF9F
:1038E00010BD01B109688160704790F82D10CA07BA
:1038F0000AD141F0010180F82D10CA0604D58906CD
:1039000002D5011DFCF78ABF70470000074C4FF439
:103910007A75F4F7B3F920610548FDF74BF80022FA
:103920002B4611461046F6F7C5F8F2E700000024D2
:10393000F81805242DE9F04717460D4630B1012847
:1039400006D0022806D0032850D105E0362604E030
:10395000222602E00E2600E000264FF001094FF07B
:103960000008EFB3012F5DD0022F5BD0032F3DD1B4
:103970000D20FFF70BFE041E39D0A019277313305A
:10398000414620F00300F61CC4E9008026F0030045
:103990002581C0F5C060A84200DD284660812D1A4F
:1039A00026464FF4C06A8846A4F80E9016E00D2013
:1039B000FFF7ECFDB8B10773A9B280F80D8051454F
:1039C000C0F800803060018100D35146418100F190
:1039D000100242606D1A0646A0F80E90002D00E01D
:1039E00007E0E4DC2AE0204600F0FFF80020BDE814
:1039F000F08706F1130020F00301E81C20F003001B
:103A0000084480B2FFF79EFC041EF0D0A0191330CA
:103A100020F00300606025816581C4F8008084F88F
:103A20000C800BE00C20FFF7B1FD041EDFD0C4F8C2
:103A3000048025816581C4F8008027732046A4F89E
:103A40000E9084F80D80D2E770B5DDE9044530B101
:103A5000012806D0022806D003280DD105E0362023
:103A600004E0222002E00E2000E00020C01C20F034
:103A700003004618AE4201D9002070BD00251D602C
:103A800014B12044586000E05D60022058730120AA
:103A9000198159811A73D881184670BD002810B554
:103AA0000FD000290DD004E003890C892344038141
:103AB00010460268002AF7D102890B891A44028154
:103AC000016010BD10B50C46FFF7E8FF2046BDE8C9
:103AD000104000F01BB9002102E00068491CC9B287
:103AE0000028FAD1084670472DE9F0474FF000074B
:103AF0000C4605003E466FF00D0932D07CB3288994
:103B0000218988422DD36FF0050A68896189C01B1D
:103B1000891B884201DB88B200E080B28046606881
:103B20004246811968683844ECF7BAFC07EB080094
:103B300087B206EB080086B26089B04201D82468DB
:103B400000266889B84202D12D68002745B15CB1D2
:103B500060892189884207D1206860B904E000E0CB
:103B60006CB14846BDE8F0873DB168892989884233
:103B700003D1286808B15046F4E7002CC5D10020D5
:103B8000F0E72DE9F0470028164689464FF0000877
:103B900006D0B9F1000F02D00027044620E0002033
:103BA000BDE8F0872BB16089984202D8181A83B219
:103BB00015E06089C01A85B2B54200D93546606803
:103BC0002A46C11809EB0700ECF76AFC08EB050070
:103BD0001FFA80F8781987B2701B86B20023246818
:103BE0000EB1002CDED14046DAE770B504000AD0F1
:103BF0000026ECF78BFBE189491E8DB2E581ECF7DD
:103C000089FB15B117E0002070BD617B207B256822
:103C1000890703D521692046884708E003280CD08E
:103C200001280DD002280BD02046FFF745FB761C5B
:103C30002C00F6B2DDD1304670BD0D20214601E0EA
:103C40000C202146FFF762FCF1E7002806D0002196
:103C50004173016001814181C1814160704710B5AC
:103C600041B138B1002907DA4A4293B242899A42F7
:103C700023D302E0002010BD8BB2027B446832B136
:103C8000032A04D0022A0AD0012A08D015E0621AB9
:103C9000426000F110039A4208D244600DE000290E
:103CA0000BDA42899A4208D3621A426042890A4476
:103CB0004281028911440181DCE7012010BD70B509
:103CC00002898A4221D98A1A0D46044605E0281A3B
:103CD00085B220891044208124686089A842F6D3E7
:103CE000207B50B96089A84207D0A088001B2844D7
:103CF00081B22046FFF796FB044665812581206846
:103D000008B1FFF772FF0020206070BD10B50400FD
:103D100008D0ECF7FBFAE189491CE181BDE81040CD
:103D2000ECF7F8BA10BD000030B5134C01882268DA
:103D3000931C114488420DD00D795DB96568A94284
:103D400008D0A5688D4200D1A0600D880580851A35
:103D50000988CD524188114481420BD00D79002D44
:103D600008D1A568854200D1A16004880C80891A19
:103D70000088C15230BD0000900200242DE9F047B8
:103D8000022916460D46074604D307F5805460699C
:103D9000A84202D80220BDE8F087207806F0FF098B
:103DA0004FF0010A012824D002285DD00328F1D168
:103DB0006089216A8008B5FBF0F001443846FFF7BE
:103DC000FBFB0028E7D16289A900B1FBF2F302FBFB
:103DD00013114FF070433944D1F8012003EA022255
:103DE00032430A70130A4B70130C8B70120ECA7098
:103DF00050E0618905EB5508B8FBF1F0216A0144F8
:103E00003846FFF7D9FB0028C5D16189B8FBF1F22C
:103E100001FB1280E907384408F1010803D001785A
:103E200069F31F1100E03146017084F804A0618934
:103E3000B8FBF1F0216A01443846FFF7BDFB0028CA
:103E4000A9D16289B8FBF2F302FB1381EA07394476
:103E500002D0C6F3071205E00A78C6F3032302F086
:103E6000F0021A430A7015E06089216A4008B5FB28
:103E7000F0F001443846FFF79FFB00288BD16289A0
:103E80006900B1FBF2F302FB1311320A394481F8E5
:103E900000904A7084F804A07DE7FDF77FBC000025
:103EA00010B5044601E0FDF779FC14F8010B044954
:103EB0000028F8D1BDE810400A20FDF76FBC0000D3
:103EC0009C0100242DE9F047DFF860900746406828
:103ED00000263546D9F8004090F8098021E0217C81
:103EE00041451BD12CB1206818B11149096888429D
:103EF00014D1D4F814C0BCF1000F0FD00D4B3A46CA
:103F0000A0692146E04748B10027012635B1E068A5
:103F1000E860D9F80010E160C9F800402546E4687F
:103F20000EB9002CDBD13046BDE8F087AC0200248E
:103F3000800200247C0200242DE9F04704008A4618
:103F400016D054F8047CD4F800903E1F564500D992
:103F500056462046F9F728F8054688463246214657
:103F60005046FDF795FE40B1C0F80090BDE8F087DF
:103F7000BDE8F0470846F9F77BBB44E9017955B144
:103F800029686A18211F8A4202D9611B091F29600A
:103F9000C5F80480EAE7024AC2F80080E6E70000BC
:103FA000F40300242DE9F04102290F46804618D37E
:103FB00008F580546069B84213D900261FE03946DD
:103FC0004046FDF773FC05001CD0012D09D0681C8C
:103FD00009D0002239464046FFF7D0FE060011D135
:103FE00003E002260EE001260CE02069411C05D00A
:103FF000401C2061607940F0010060712F466069CB
:10400000B842DCD83046BDE8F08100002DE9F04F21
:104010000021DFF868C001220E4664274FF0FF0937
:10402000C0244FF01E0AA8254FF0040B4FF00208E1
:1040300040F2351301FB03F0491CC9B202290CF808
:1040400030600CEBC0004270C67086704675877495
:10405000C774077504714571827180F80790047206
:1040600045728272C27280F816A080F819B080F88A
:10407000178080F81880DBD3BDE8F08F306D002406
:1040800010B5DCB014460A460346684600F0B6F8A0
:104090001946684600F08AF82146684600F002F8A2
:1040A0005CB010BD2DE9F041040088467CD094F846
:1040B00068008021002500F03F00215400E02554D5
:1040C000401C4028FBD3A06E372807D92046F9F7BB
:1040D000F1FB00202554401C4028FBD3A06EC100FA
:1040E0002046F9F71BFB206E00213834FAF749F817
:1040F000E0710821A06AFAF744F8A0711021A06AC3
:10410000FAF73FF860711821A06AFAF73AF82071BF
:104110000021E06AFAF735F8E0700821E06AFAF762
:1041200030F8A0701021E06AFAF72BF860701821BF
:10413000E06AFAF726F804F838092046F9F7BAFBDE
:10414000B8F1000F30D000261827206C3946FAF756
:1041500018F808F80600606C3946FAF712F808EB10
:10416000060539462871A06CFAF70BF82872394613
:10417000E06CFAF706F828733946206DFAF701F873
:1041800028743946606DF9F7FCFF28753946A06D33
:10419000F9F7F7FF28763946E06DF9F7F2FF761C5C
:1041A0002877083F042ED0D3BDE8F0812DE9F047F1
:1041B000040017460E464FF000051CD0002E1AD002
:1041C000A06E402817D24FF40079A84611E0A06EE7
:1041D000715D421CA2662154A06E402808D1204681
:1041E000F9F768FB49462046F9F798FAC4F8688061
:1041F0006D1CBD42EBD3BDE8F0870000002813D052
:1042000000218166416601660849016408494164EC
:10421000084981640849C164084901650849416544
:10422000084981650849C1657047000067E6096A69
:1042300085AE67BB72F36E3C3AF54FA57F520E51C7
:104240008C68059BABD9831F19CDE05B0A0A817688
:10425000C2760A0C090E02754175704710B5F5F764
:1042600005F9ECF753F80446FEF74EFC0C4A0A2316
:104270000C480021F5F716F90B4A08230B480021DA
:10428000F5F710F90A4A09230A480021F5F70AF957
:10429000FF20F5F777FB2046BDE81040ECF73AB871
:1042A000FC5900243D250108FC5700240D39010864
:1042B000FC43002405E20008014600200B224308CD
:1042C00003EBC01011F8013B521E1844C0B2F6D1E6
:1042D000704770B5044600F050F806004BD104F565
:1042E0008055287803283FD1687901283CD16A8914
:1042F00000212046FFF78EF8552084F8FE01AA2001
:1043000084F8FF015220207060706122A270412069
:10431000E070722184F8E411012384F8E51184F837
:10432000E60184F8E721286984F8E801010A84F8A5
:10433000E911010C84F8EA11000E84F8EB01E86839
:1043400084F8EC01010A84F8ED11010C84F8EE11F7
:10435000000E84F8EF01EA692146521CEA6268788F
:10436000FBF7BCFB00206871002268781146FBF760
:104370008DFB00B10126304670BD2DE9F04100F5FE
:104380008054804600272079E8B1E66A01236078EE
:1043900041463246FBF7A2FB08B1012713E000209B
:1043A0002071206AA169301A88420CD2E57808E0B1
:1043B000A06901234146064460783246FBF78EFB34
:1043C0006D1E022DF4D23846BDE8F0812DE9F84388
:1043D0004FF47A760F46804632B130464243B2FB04
:1043E000F6F414B9012400E00024F5F78BFBA1B228
:1043F0000546D8F800006A46F4F76EFE27B10E496C
:10440000884200D1002038609DF800000A2805D0BD
:10441000F5F778FBA84205D9401B05E04FF0FF30C7
:10442000BDE8F883E94308444FF47A714843B0FB90
:10443000F6F0401CF4E7000014730108F8B54FF4DF
:104440007A76074631B130464143B1FBF6F414B9F0
:10445000012400E00024F5F755FBA1B205463868B9
:104460006A46F4F761FF9DF800000A2805D0F5F7C9
:1044700049FBA84204D3401B04E04FF0FF30F8BDD5
:10448000E94308444FF47A714843B0FBF6F0401C0E
:10449000F8BD704710B504464FF48070814200DDCE
:1044A000014689B2201DF4F7D5FD206008B1002037
:1044B00010BD4FF0FF3010BD10B501B904490068C0
:1044C000F4F77AFE002801D04FF0FF3010BD000055
:1044D0001473010810B586B0044614216846ECF741
:1044E00007F820686946F4F79CFE022808D2BDF858
:1044F0000400BDF80610884202D2012006B010BDAB
:104500000020FBE738B504460846F4F7E9FE2060D2
:1045100028B104A16A46F4F7C7FC002038BD4FF06B
:10452000FF3038BD4C5749502053656D00000000E6
:104530000068F4F759BF00002DE9F0411E4615460A
:104540008846069F0BA1ECF726F878B9EBF7DEFE5C
:1045500004460C482946FBB2006800EB8602404640
:10456000121FF4F79FFF2046EBF7D4FE0020BDE8B2
:10457000F081000074637069705F746872656164D3
:10458000000000003802002470B515460E460446AF
:104590000B20FEF7FBFF00280DD0114B0021C5605A
:1045A00080E85200196829B14A68A24210D9121B4A
:1045B0004A600160186070BD54689C4207D9536816
:1045C00044681B1B53600A680260086070BD114696
:1045D00042684B68D31A43600A68002AF3D0EBE7BD
:1045E000F00200240D4900224FF47A7010B5FFF755
:1045F000CBFF0B49002241F28830FFF7C5FF094984
:1046000000224EF66020FFF7BFFFBDE810400649CC
:1046100000224FF4FA70FFF7B7BF000065240108CD
:10462000B5E1000825F4000841F400082DE9F04741
:10463000164D884681464FF0FF37286830B14268F2
:104640005AB141464846FFF7C1FE07E04146484699
:10465000BDE8F0470022FFF7B9BE3846411C296883
:1046600004D04A6882420DD9101A0CE0086828600C
:104670000B20D1E90246FEF749FF002CDDD0304681
:10468000A047DAE700204860BDE8F087F002002488
:1046900030B4104C0B462168002919D000228D68D7
:1046A000854211D1CD689D420ED1086852B110608B
:1046B000086818B142684B681A44426030BC0B204D
:1046C000FEF724BF2060F3E70A4609680029E6D117
:1046D00030BC7047F00200242DE9FC470446007E00
:1046E0000F460A282FD01E482146D4F85090D4F8FF
:1046F00028802669D4F8885000F006FE1849012069
:1047000018390870206F08B101F0EAFAE06E08B1BC
:1047100001F0E6FA4FB1A18B231D608B2246CDE953
:1047200000014146484601F092FA02202146FEF778
:10473000EDFE002D12D002B03046AC466FF00901FC
:10474000BDE8F047604706482146001D00F0DCFD4B
:104750002146BDE8FC470220FEF7D8BEBDE8FC8735
:10476000C80200240121FFF7B7BF00002DE9F04186
:1047700004460220FEF70AFF374D060036D100231B
:10478000EE681A46E86906E0416A711A994201D357
:104790000B460246C0680028F6D112B11046FFF75A
:1047A000E1FF0220FEF7F2FE06001FD17F26D5F8BA
:1047B0000CC00027A8693B460DE0417EA14209D804
:1047C000B14207D8426AACEB0202BA4202D31746A2
:1047D00003460E46C0680028EFD113B11846FFF714
:1047E000C1FF0220FEF7D2FE060032D09421EBF783
:1047F0007FFE747641F2D060A6F866000023A6F82A
:1048000068304010B085F085FF207372B0724FF4AD
:104810000670F0860620A6F84400A6F84030A6F8F8
:104820004200C01FB0860120A6F84C00103600F0F0
:10483000AFFBB0643064B063F064E8687061A8787E
:1048400070740648F373F0660548F06786F88230A6
:10485000103E3046BDE8F081B00200241B5B010829
:1048600000DD6D00017E012903D0817F41F0100140
:1048700081770121AFF300802DE9FC47474E0446C4
:10488000007E01274FF0000991B3042801D00728CA
:1048900037D1616F21B9A18DA1F53062683A30D06E
:1048A000A18B231D608B2246CDE90001A16A206DFA
:1048B00001F0CDF9204600F009FDB069A04202D117
:1048C000C068B06107E0306228B1C068A042FAD188
:1048D000316AE068C860C4F80C903770207E042804
:1048E00007D002202146FEF711FE0020BDE8FC871C
:1048F00007E00A202076F069E060F46101F070FBC7
:10490000F3E708284FF0050840D2DFE800F0041C68
:10491000252D2D3F3F35608B002578B13069A042B1
:1049200002D1C068306107E0306228B1C068A0429F
:10493000FAD1316AE068C860C4F80C9002202146C0
:10494000FEF7E4FD27E0154800252146143000F06D
:10495000DBFC03202146F3E71048002521461830F0
:1049600000F0D2FC3770E9E7204601F0E6F90500D7
:1049700009D184F8188006E0204601F0DEF9050030
:1049800001D10920207634B115B104E0002502E000
:10499000204600F005FB2846A8E70000B0020024EE
:1049A0002DE9F0479A4691460F468046089EF0074B
:1049B00000D00420B10701D50C2100E000214518EA
:1049C0000420FEF7E3FD040012D026730026C4E99C
:1049D000006738891421401B208138466681FFF723
:1049E0003EF948B1204601F06DF90020BDE8F0879E
:1049F0003846FFF7FAF8F8E7606840682061B8F8D1
:104A00001A00FEF729FB21690880B8F81C00FEF7A0
:104A100023FB216948805046FEF71CFB2169486052
:104A2000A808000300F5A04040EA0900FEF714FBC7
:104A300021698881206946822046D7E710B504465F
:104A40000846FDF733FD38B1808C28B1283880B294
:104A5000844200D220460446204610BDF8B5002608
:104A60000446B0F86800771E0D46082804D3A07FDE
:104A700040F08000A07720E0A80700D50126F007CD
:104A800000D00420B10701D50C2100E00021014431
:104A9000B4F8660088B100221046FEF74BFF0028EC
:104AA000E5D000962A46E36D01462046FFF778FFE1
:104AB0000200DCD0E06E10B104E03846F8BDE266DA
:104AC00004E0084601680029FBD102600020A4F838
:104AD0006A00A80707D0E06D401CE065B4F86600E6
:104AE000401EA4F86600E80703D0A07F40F0200035
:104AF000A0775068FEF7EFFFB4F868100844A4F8F8
:104B000068000020F8BD00002DE9F041144EB07897
:104B1000401CB070B46900271EE094F82110B078F2
:104B2000814219D084F82100A07FC10709D040F04C
:104B30000200A077204600F033FAA07F20F00300A7
:104B4000A077E568606F30B12046377000F0AAFDAD
:104B500030780028DED12C46002CDED1BDE8F08173
:104B6000B0020024704700002DE9FC47B94E05460D
:104B700040680C46B060017801F00F0100EB810045
:104B80007060880041422846FFF769F8002873D119
:104B90002889142870D3B04F21463868FDF7A0F853
:104BA0000028F4D13878C0F303100E2864D0706860
:104BB0008089FEF768FA000B800041422846FFF723
:104BC0004EF80028E3D170680088FEF75CFA0146D1
:104BD000706801804088FEF756FA0146706841808F
:104BE0004068FEF74EFA014670684160F1608068E7
:104BF000FEF747FA716888603061C889FEF743FAAA
:104C000001467068C1818089FEF73DFA00F03F0CD3
:104C100086F800C029895FEA8C7000D00120DFF897
:104C20003CA2084470808E4800237168DAF8004086
:104C30003A680068A1461AE0A78BB1F800804745A2
:104C400013D1678BB1F8028047450ED16768874260
:104C50000BD12768974208D12BB1E768DF60C4F811
:104C60000C90CAF8004024B13FE02346E468002CD1
:104C7000E2D17C4B1C6813E0E7E0A38B0F88BB42BA
:104C80000DD1638B4F88BB4209D16368834206D143
:104C90002368934203D1204601F0BCF9D5E0E468D3
:104CA000002CEAD1DFF8C0A10027DAF80000814625
:104CB0000BE0438BB1F80280434504D10368934273
:104CC00006D080B12BB10746C0680028F1D10AE0B8
:104CD00048B12FB1C168F960C0F80C90CAF8000063
:104CE00000F0E4F8B1E0002C7AD0DFF880810027F2
:104CF0005FEA0C70C8F800702A89A8F80820C8F884
:104D00000450C8F810107761777003D5687B40F0C5
:104D100001006873606F40B1204600F0C3FC0A30A8
:104D200075D0606F08B1708818BB2046B46100F080
:104D300017FB0A306BD07078010706D5D4F88820AD
:104D40007AB120696FF00A010AE0C00612D5A07F8F
:104D5000C00606D4D4F888201AB16FF00B01206980
:104D600090473E48214600F0CFFA02202146FEF748
:104D7000CDFB4CE0B4F86420002032B1A36F13B136
:104D80002069214698470A3041D07069F0B1A17F6F
:104D9000C90605D5FEF729FF2046FFF7E3FC36E0FC
:104DA000E56F3DB1D4F810C00023024621466046AD
:104DB000A84705E0002302462146184600F0ADFE54
:104DC00010F10A0F23D008B170696067707880060F
:104DD00019D5606F28B1417B41F02001417312E089
:104DE00021E0A08DA0F53061683901D0401CA0857C
:104DF000E56F2DB1002320691A462146A84700E03F
:104E000000200A3003D02046B76100F0C9F8B7612E
:104E100044467761D8F80400002802D0FEF7E5FE8A
:104E20006760BDE8FC878889FEF72DF940070CD440
:104E300070680B4B084A01884088CDE900017188F1
:104E4000F0680144306900F002FF2846BDE8FC47E5
:104E5000FEF7CBBED402002480020024C802002446
:104E60007C020024CC020024C402002450BD06248D
:104E70007CB50446006D401EFEF7ECF800220346A8
:104E80001146204600F054F905000ED006210020FE
:104E9000221DCDE90001A37A21462846FDF7AAF894
:104EA0002846BDE87C40FEF7A0BE7CBD7CB5334EF5
:104EB0000546307841075FD4C1060DD57068304B88
:104EC000304A01884088CDE900017188F0680144CA
:104ED000306900F0BCFE4FE080074DD5687EFFF7DB
:104EE00045FC040040D0274800682060688B608340
:104EF00023480068606070680188A18303212176DF
:104F0000F1680A46491CA1622163521EC189A4F8B6
:104F10006010C089A4F86200A4F84E106265286988
:104F2000206168696061287A00F08C002072164860
:104F30000168E160046001F053F814490120087031
:104F4000204600F083F9E08E211DFFF777FD122146
:104F5000E0862046FFF782FD050008D000212046AC
:104F6000FFF7BAFB28467CBD4FF0FF307CBD2046E2
:104F7000BDE87C4000F014B800207CBDD4020024C1
:104F80007C02002480020024C8020024B002002415
:104F90000249D1E90202104488607047B00200243F
:104FA0002DE9F047044661480068A04202D1002084
:104FB000BDE8F087B4F86010B4F84C00814200D22C
:104FC0000846E56E8146A07F80070FD54DB1286960
:104FD0004068FEF756F8A16C401A298901444945FA
:104FE00004D92046BDE8F04700F083BED4F87080B5
:104FF0004FF0000A5FEA080001D182E08046D8F84D
:1050000000000028FAD17CE028698089FEF73BF88F
:10501000206FA8B1A17F11F0440F11D1E06E28B12B
:1050200002686AB90089E28E904209D2B4F866003B
:1050300030B1B4F86800082802D211F0A00F6CD08B
:105040002868E066207E02280BD01020FEF704F8C6
:1050500001462869828911438181A07F20F00300E5
:10506000A0772146284600F099F828694068FEF7A5
:1050700008F8064628698089FEF705F8800700D001
:105080000120298930440844216D091A00D5206582
:1050900028698089FDF7F7FF800700D00120298962
:1050A000C8422AD0C5F800A0206F70B128694068B6
:1050B000FDF7E7FF0646D8F810004068FDF7E1FF6E
:1050C000301A16D504F1700602E0256713E0366841
:1050D000306850B100694068FDF7D3FF0746286982
:1050E0004068FDF7CEFF381AF1D43068286035608B
:1050F00006E0C8F80050A84602E0284600F0E2FDAD
:10510000E56E55B128694068FDF7BBFFA16C401AF8
:105110002989014449457FF677AFE06E08B9A4F8C4
:105120006AA0A07F20F08000A07740E7EC02002476
:105130002DE9F04105460F4688189846143081B293
:1051400000220120FEF7F6FB060023D0688B74686E
:10515000FDF782FF2080A88BFDF77EFF6080C4F8FA
:105160000480A86AFDF776FFA060B808000300F588
:10517000A04080B240F01000FDF76EFFA081E88DE6
:10518000FDF76AFFE081002020826082E98DA86A35
:10519000084428633046BDE8F08100007CB50C4629
:1051A0000546886AFDF756FF29698860E08DFDF79E
:1051B00053FF2969C881E18DA06A08442063287BD8
:1051C0002E691436C00709D0211D40F2B450FFF7F4
:1051D00035FC40F00170FDF73DFF30600026B4F96A
:1051E0003400401C00D1A6860CB1206830B9201DC7
:1051F000FDF75CF9002825D040682060A06B38B925
:1052000011480068A06328694068FDF73AFFE06331
:105210006968288A8A88801A4A89121A4A816968C4
:105220000A89101A08816968221D286948600621C8
:1052300028690682607ACDE90001A37A2146686870
:10524000FCF7D8FE7CBD0000BC02002470B51E4EE9
:105250000546706800F114048089FDF714FF0521EC
:10526000B1EB103F1ED270688089FDF70CFF6FF024
:10527000040140F2B45601EB1030090C01EA80033E
:1052800000210DE0605C00280CD001280BD0022822
:1052900004EB010009D04078002803D0084481B213
:1052A0009942EFD370BD491C0CE04278042AF9D131
:1052B000091D9942F6D8408842BAB24200D802B9D4
:1052C0003246EA8689B2EBE7D402002470B5044680
:1052D000007E002816D00A2814D0012812D0606F52
:1052E000002510B1FEF781FC65674FF0FF30A08606
:1052F000E06E00F0F5FC206F00F0F2FCE56625673B
:10530000A4F86A5070BD000070B50C4601460068F4
:10531000A04202D1C06808600BE0104906E0C068F6
:10532000A04203D1096AE068C86002E00028086270
:10533000F5D100252046E560FFF7C8FF207E0A284A
:105340000AD0012808D0A07FC10705D040F0020094
:10535000A0772046FFF724FE257670BDB00200241A
:105360002DE9FC5FC74E04460020009030784107CD
:105370001CD5207E022814D0A06AF1680A1A14D421
:10538000A28D1044081A00280FDC707840F0080045
:105390007070A07F20F00100A0776FF00A00BDE8D8
:1053A000FC9F206D31698842EFD069E1800709D503
:1053B000207E022806D0032804D0A07F40F00200FF
:1053C000A0775DE1A07FC00602D4AF4800686062AC
:1053D000002084F892002046FFF738FF207E4FF02F
:1053E0000109DFF8A8A24FF00A0BDFF8A482801EA3
:1053F000A84F0828A84DD8D2DFE800F0046EC0C43A
:10540000FBC0F0EF3078C106CFD5800758D5206FAC
:1054100000694068FDF735FE3169401C88424CD177
:10542000B4F86600401CA4F86600F0680246401C10
:10543000A062A164521E20637068C189A4F8601044
:10544000211DC089A4F86200042062652076E08EE8
:10545000FFF7F4FA00EB80014FF6FF72E08602EAF4
:105460004101A4F84E10B4F84C10012900D14000BD
:10547000A4F84C00B4F86800401EA4F86800206F3F
:10548000016821674C3400F01DFC606A4C3C70B12F
:105490000020A08684F84600D4F880305BB100225A
:1054A00020692146984700900A3032D085E74FF0B6
:1054B000FF30A086F0E70098F6E73078C006A3D565
:1054C0007068764B764A01884088CDE90001718882
:1054D000F0680144306943E03078C10643D5A16CDF
:1054E0003069411A012931D4216D411A00292DDC7E
:1054F0000420207663692BB1002220692146984759
:1055000010B909E06FF00D000A3002D02046FFF715
:1055100029F96FF0090042E7B4F84C50204600F03A
:10552000F3F8B4F8640010B1401EA4F86400E08EF3
:10553000012D00D14000A4F84C007078800611D5F0
:10554000A07F40F00200A077072050E07168534B25
:105550000A884988CDE900127288F1681144504ADE
:1055600000F075FB8CE0800707D5A06AF168401E4B
:10557000884202D1204600F0FEFA81E0204600F089
:10558000C3F8DAE7204600F0BFF87078800630787C
:105590004FEAC06024D5002819DA206D31698842AD
:1055A00015D1A07F40F00200A0772046FFF78EFEC5
:1055B0003868A04202D1C068386047E0286070B304
:1055C000C068A042FAD12968E068C8603EE0A07FC8
:1055D00040F00200A077082009E043E020E008E066
:1055E00000284DDA206D3169884249D106202076A5
:1055F00046E0204600F088F87078800640D5A07F0D
:1056000040F00200A0772046FFF760FE3868A04215
:10561000D1D0286018B1C068A042FAD1D3E715E014
:10562000204600F071F83078C00629D5206D316928
:10563000884225D12046FFF749FE3868A042BAD0FB
:10564000286018B1C068A042FAD1BCE78AF800907F
:1056500084F818B0D8F80010E160C8F8004000F0F5
:10566000BFFC0DE0204600F04FF83078C00607D5AB
:10567000206D3169884203D1707840F0100070705D
:1056800000208CE6D4020024BC020024B0020024D6
:10569000CC020024C8020024D00200247C02002492
:1056A000800200242DE9F041456F044600206E7B06
:1056B0006067E76F2FB1002320692A462146B8476B
:1056C00005E000232A462146184600F026FA6FF02E
:1056D000090728B10A3015D065670020BDE8F081C0
:1056E000B106FAD5A18DA1F53062683A01D0491C06
:1056F000A185E56F25B1002320691A462146A847F8
:105700000A30EAD13846E9E72DE9F041FE4F044678
:105710004FF000063878C0067DD5B4F86050A16D12
:10572000626DF8686B18B2EB000C0BD4824202D1A8
:105730003A698A1A06D43A69914217D17968C989B7
:10574000A94213D97968CA89A4F86020B4F86250D4
:10575000C9898D4201D2A4F8621060653869A065DC
:1057600094F8910062B108B184F89160A26C386934
:10577000811A002936DCA4F86460798841B12EE0F2
:105780000028F3D184F89060012084F89100EDE7BF
:10579000B4F86050A16D2944994220D1B4F9341075
:1057A00000291CDB82421AD194F84700411CC9B27F
:1057B000814201D984F8471094F84700032809D999
:1057C000B4F84C00E18E014489B2814201D9A4F8B9
:1057D0004C10A8E002D1204600F0F6F9A3E084F8CE
:1057E0004760A0E001297AD4226D821A002A76DC73
:1057F000A27F530706D522F00402A277B4F84E2008
:10580000A4F84C2084F84660B4F94030B4F8422043
:1058100002EBE30200E0C2E0A4F84420A4F8641024
:10582000B4F866201144A4F8661084F84760A064B8
:10583000207E042833D3B4F84C00B4F84E108842CC
:10584000E18E04D2014489B2814207D827E049435E
:1058500091FBF0F1014489B2884220D2A4F84C10A7
:105860001DE0286820676868FEF735F9B4F8640021
:1058700050B128698089FDF706FCC00704D0B4F850
:105880006400401EA4F864006868FEF724F9B4F8C8
:105890006810081AA4F86800284600F013FA206F70
:1058A000C8B100694068FDF7ECFB0546206F006950
:1058B0008089FDF7E8FB800700D001202844256F90
:1058C000298908443969401A0028CADD1DB1A68615
:1058D000E67728E003E04FF0FF30A086F8E7A4F871
:1058E000646020E02868E06608B9A4F86A60686827
:1058F000FEF7F1F8B4F8640050B128698089FDF72B
:10590000C2FBC00704D0B4F86400401EA4F86400D1
:105910006868FEF7E0F8B4F86810081AA4F86800A0
:10592000284600F0CFF9E06EB8B100694068FDF795
:10593000A8FB0546E06E00698089FDF7A4FB80079F
:1059400000D001202844E56E298901443869411AB4
:1059500003D4216D401A0028C4DDA06BF8B1E16BBF
:105960003A69891A1BD569490988081AB4F940109F
:10597000A0EBE10000B201440AB2A4F840200028E4
:1059800001DA404200B2B4F94210A0EBA100084491
:10599000A4F8420000EBE200A4F84400A6637B8870
:1059A000002B7DD0207E07287AD2A06AFA68584D55
:1059B000811A012924D41344C31A5B1C002B1FDC59
:1059C000686842898A420ADA0289521A93B203E06D
:1059D0000381891A4681006842898A42F8DB49427C
:1059E00009B2FEF73CF9BA89A06A2989821A891A94
:1059F0002981F86029694860A16A401A07D572E0D8
:105A0000101A04D5A07F40F00200A0776BE0A18DB2
:105A1000A06A4218F9688A1A521C002A63DC88427C
:105A200061D128698089FDF72EFB800700D0012015
:105A30002989084480B27880A18D81422DD22869BD
:105A40008089FDF720FBC0070ED028698089FDF70B
:105A50001AFB00F03E00FDF7FFFA01462869828933
:105A600022F47C5211438181A08D2881286980898C
:105A7000FDF709FB800702D52889401E2881298966
:105A80006868FEF71CF928698089FDF7FCFA800731
:105A900000D0012029890844788080B2F96800E0AC
:105AA00026E00144A162A18D081AA085204600F0DD
:105AB000F7FA6868018909B178616E6028698089A0
:105AC000FDF7E1FAC00703D0787840F02000787045
:105AD000A07FC10702D020F0010014E040F00100D7
:105AE000A077BDE8F0812046BDE8F04100F001B9A3
:105AF000A06AF9680A1A05D4A28D1044081A401C3D
:105B00000028EEDDA07F05E0D4020024BC020024C2
:105B100050BD062440F00200E2E710B5140008462C
:105B200006D0218900F00BF82046FEF75EF800E071
:105B30000BB1002010BDBDE81040FEF793BE10B5BC
:105B40000446808D084440F6683180B2A0858842C2
:105B500000D9A185204600F0A3FA40F2DA2188425C
:105B600008DBA07F40F00200A0772046BDE810408F
:105B7000FFF716BA10BD2DE9F041066F0546002E5D
:105B800020D0306805F16C04286700E024682068A4
:105B900050B100694068FDF774FA07463069406803
:105BA000FDF76FFA381AF1D42068306000202660C3
:105BB000316809B9A5F86A0095F84610491C85F8BE
:105BC0004610A863BDE8F08110B50446006F0028B8
:105BD00025D0A07F400722D42046FFF7CCFFB4F8A1
:105BE0004C00B4F86010884201D9480800E0400831
:105BF000A4F84E0081B2E08EB1EB400F05D24FF613
:105C0000FF7101EA4001A4F84E1089B200EB400098
:105C10000844A4F84C00A07F40F00400A07710BD19
:105C2000016F002912D000E011460A68002AFBD15A
:105C3000C26E0A60016FC1660021016790F84620BC
:105C4000521C80F846208163FFF7AAB970472DE9FE
:105C5000FC5F1E4617460022884614218346012019
:105C6000DDE90C9AFDF766FE050029D06C68484610
:105C7000FDF7F2F920805046FDF7EEF960805846B6
:105C8000FDF7E8F960604046FDF7E4F9A06045F2F1
:105C90001400FDF7E1F9A081062146F60B00E08132
:105CA000002020826082FF23CDE900013246394680
:105CB0002846FCF79FF92846BDE8FC5FFDF795BF35
:105CC000BDE8FC9F10B5040009D0606808B1FDF77D
:105CD0008CFF2146BDE810400420FDF717BC10BD25
:105CE00010B503E00468FFF7EDFF20460028F9D166
:105CF00010BD7CB500250446006DFDF7ABF9002210
:105D0000034629462046FFF713FA050012D0A07F6C
:105D10000621221D20F00300A077607ACDE9000162
:105D2000A37A21462846FCF765F92846FDF75DFF72
:105D300000207CBD6FF001007CBD70B5C46E0546CF
:105D40000CB909E00C4621680029FBD12069808943
:105D5000FDF799F9400705D02846BDE870400121BC
:105D6000FEF77CBE0120FDF777F9014620698289A4
:105D700011438181A87F40F02000A877002070BDEA
:105D80002DE9FC47924F4FF4FA7A4FF00009F8687A
:105D9000401CF860B878401CB870BC690026F8E078
:105DA00094F82110B878814201D1E468F1E084F8D8
:105DB00021000025227EA846022A03D194F846003D
:105DC00006281BD094F846100C2919D094F891009D
:105DD000C0B194F890107F4A491CC9B284F8901061
:105DE000825C914244D3072884F8909002D2401CF0
:105DF00084F89100204600F06DF939E0012543E078
:105E0000012535E0B4F93400002801DB401CA086F0
:105E1000206F68B3B4F93400B4F94430984227DBFA
:105E2000022A0AD0B4F94020B4F8420000EBE200A4
:105E3000694A515C8840A4F84400A4F83490B4F84E
:105E40004C00B4F86010884200D308464108A4F81A
:105E50004E10E08EB1EB400F05D24FF6FF7101EA14
:105E60004001A4F84E10A4F84C002046FFF7D8FEDD
:105E7000207E062808D1A07FC00605D5606AF96893
:105E8000081A282800D96D1C207A000729D5207E01
:105E9000042801D0072824D15048D4F88C10D7F812
:105EA0000CC00844B0FBFAF2606AACEB000082421E
:105EB00003D26D1C4FF0010813E094F8922042F2D7
:105EC0009F4C12FB0CF201EBC201B1FBFAF18142D3
:105ED00007D22046FEF7CCFF94F89200401C84F8CD
:105EE0009200207E032802D0092807D00BE0606AC8
:105EF000F968081A282806D96D1C04E0606AF96858
:105F0000081AF028F8D84DB32046FFF7DFF9E0680B
:105F10000EB1F06000E0B861B8F1000F09D0A18BBC
:105F2000231D608B2246CDE90001A16A206DFFF799
:105F30008EFED4F810800220D4F888502146E46800
:105F4000FDF7E4FA87F800901DB36FF009014046B1
:105F5000A847387800287FF420AF1AE02646E46886
:105F6000F07F401CC0B2F07796F82010884210D322
:105F700086F81F9087F80090D6F8842032B13069F7
:105F80003146904739780029E5D110B93046FFF7FE
:105F900007F8002C7FF404AFFC69002514E0606A68
:105FA000F968081AF0280DD92046FFF78FF9E06844
:105FB0000DB1E86000E0F86102202146E468FDF7D9
:105FC000A5FA01E02546E468002CE8D1BDE8FC878D
:105FD000B0020024BF720108F4720108B84C0A0034
:105FE0000848416800290CD10749084A0968126825
:105FF000114306D00121416000220549FA20FEF735
:10600000C3BA7047F0020024C8020024CC02002466
:10601000016201081CB5164C21784A0726D48A076C
:1060200015D5826AE1688B1A16D4838D1A448A1AB0
:10603000002A11DC60680F4B02884088CDE900021D
:1060400060880D4A01442069FFF701FE0EE0C90790
:1060500002D00A4909684162618839B1817F41F003
:1060600002018177BDE81C40FEF79ABF00201CBDED
:10607000D40200247C02002480020024BC020024FC
:1060800010B5FEF741FD05494878401C4870C0072F
:1060900003D0BDE81040FFF773BE10BDB00200246E
:1060A00070B5858D40F2B456826AC48E016B531967
:1060B000B44200D934460C441C1B02D4C585581A7E
:1060C00070BD531A002B01DD002100E0891AC18543
:1060D000002070BD2DE9FC41046F054614B9EC6E3B
:1060E000002C3ED020698089FCF7CDFFC00701D08D
:1060F0002089C8B100205FEA000817D0002220697B
:10610000002143682846FFF713F8070029D07E686E
:10611000B8F1000F0CD01120FCF79EFFB18921F4DB
:106120007C510843B0810DE00120E4E70122E6E75D
:10613000606806F1140123890289D21A93B2012200
:10614000FDF71FFD062100202A1DCDE90001AB7AD5
:1061500029463846FBF74EFF3846BDE8FC41FDF7BF
:1061600044BDBDE8FC81000038B50D460446FCF78F
:1061700075FF09484FF48071C0E900450748FEF7F4
:1061800089F905200649002200904FF47A7305A092
:10619000FEF7D2F938BD00000003002464BD0624D8
:1061A0003962010874637069705F74687265616454
:1061B000000000002DE9F0410E4607460F48FEF7AB
:1061C00089F9B8B10A20FDF7E1F904004FF0FF3575
:1061D0000DD00120207009482146C4E90276FEF75F
:1061E0006BF9002804D00A202146FDF78FF92846D4
:1061F000BDE8F0816FF00500FAE7000064BD0624F9
:1062000010B5FFF73DFF08480849006809680843D2
:1062100006D000220649BDE81040FA20FEF7B4B9C6
:1062200004490020486010BDC8020024CC020024AC
:1062300001620108F00200241E4808B5016809B196
:10624000406834E01C486946FEF7F0F9009B187876
:106250000628F7D2DFE800F00307161C2129996809
:10626000081D096823E0D96891F82D0010F0600F2F
:10627000986802D0FAF756FB01E0FBF7FFFD0099A2
:106280000A200FE0083393E80700FEF77DF907E0E6
:10629000D3E90301FEF7FCF902E0D3E902108847D5
:1062A00000990920FDF732F9CCE7D3E902108847BD
:1062B000C8E700000003002464BD062400207047E6
:1062C0000C490B4A10B5C1E9002000208860C86065
:1062D000086188610C2048610846F1F72BF8F1F756
:1062E000BDFFBDE81040044901220248F1F7C4B8DF
:1062F00000100140C4CE0124930100242DE9F04791
:10630000234E00256FF0070973680FE0984201D112
:1063100001250AE05C8A944207D183B31F6877B3F2
:1063200069B30C685CB3A7422AD0DB68002BEDD1BF
:1063300001B109680160FAB9776800244FF4404858
:106340004FF6FF7C4FF4804A3288511C3180624501
:1063500001D1A6F800803946328809E04B8A934281
:1063600005D1641CA4B25445EED3002203E0C968F1
:106370000029F3D192B212B1428225B106E0FFE7C3
:106380004846BDE8F0877168C16070600020F8E79A
:10639000F802002470B51646428A0D46044622B91A
:1063A0000146FFF7ABFF002810D155B128686060A7
:1063B0000A4AA682207C40F00400207450680146FE
:1063C00006E00020F3E7844201D1002070BDC068E0
:1063D0000028F8D1E1605460F7E70000F8020024DB
:1063E00070B5002400F064FD050005D0084941F6B1
:1063F0009972FFF783FF20B10124F7F7E9FE2046E9
:1064000070BD04490022284600F05FFDF5E700005A
:1064100080720108196401082DE9FF4F89B099467F
:1064200000260D46FF240B98002877D0DFF870A4D3
:10643000074641F2042BABEB0600D8467A8982422C
:1064400000D90246DAF8000079683044FDF790F987
:1064500078890644464502D83F68002FEBD1DAF828
:10646000000031465746EBF74BFC40F6A81341F2CB
:10647000040208B1FE2414E05E4502D13868C478F5
:106480000FE09E4201D102240BE0062E19D0102EFF
:1064900019D0B6F5017F18D0042E18D0964200D13D
:1064A00007244FF0000A052C7AD012DCDFF8F483C1
:1064B000052C44F6246E14D2DFE804F01773D2FDE5
:1064C000FC000324EDE70424EBE70524E9E70624B8
:1064D000E7E7062C7DD0072C7CD0FD2C7BD0FE2C52
:1064E0005DD0169AF0A0314617E35E4557D1396862
:1064F000FB4E8B78B068834224D0002006F1240242
:10650000844612F80080984506D0401CC0B2052889
:10651000F7D3BCF1000F02D0F2A0B4E072E330690F
:1065200018B1F64803685B1C03608878B060337864
:10653000D0545B1CD8B23070052801D386F800A077
:10654000C6F810A0B8460A784878ED4F521E90421F
:1065500007DA3A6800EBC00002EB40204FF490529B
:1065600009E0424200EBC00002EBC2030EEB432203
:106570003B6803EB4020091DFDF7FAF83069401C29
:106580003061D8F800100978814208DC3968FA20B7
:106590008870DC480168491C0160C6F810A008E357
:1065A0008AE25E45FBD13968CD4E8B78F068834234
:1065B00028D0002006F12902844612F80080984570
:1065C00006D0401CC0B20528F7D3BCF1000F05D09F
:1065D00002E094E2A4E2C5E2CBA054E0706918B1F5
:1065E000CF4803685B1C03608878F0603378D05430
:1065F0007078401CC0B27070052801D386F801A0E5
:10660000C6F814A0B8460A784878C64F521E904281
:1066100007DA3A6800EBC00002EB40204FF49052DA
:1066200009E0424200EBC00002EBC2030EEB432242
:106630003B6803EB4020091DFDF79AF87069401C88
:106640007061D8F8001009788142A8DC3968FA2016
:106650008870B5480168491C0160C6F814A0A8E21A
:106660009B465E4571D13E6886F815A031780229B7
:1066700001D9AEA05BE2B749042206F10800E9F7B0
:10668000A2FF18B1B4A0F6F747FC92E27068B060C0
:106690000120F0723079FF2808D17079FF2805D1E8
:1066A000B079FF2802D1F079FF2808D0307801288E
:1066B00015D001E0D4E14CE0022816D01FE0ADA0D7
:1066C000F6F72AFC98F8011041F0010188F8011052
:1066D00098F8A91941F0010188F8A9190FE071484B
:1066E0005A463968E9F7DCFE09E0AD485A46396890
:1066F000E9F7D6FE6B49D1F8AC19C8F80410F5F7E4
:106700008BFB32780146A7A0F6F706FCB348D8F811
:106710000410C0F80A1007ABD0F80B20817A41EAC8
:1067200002210591D0F80F20817B41EA02210691D8
:10673000817C06AAD0F8130041EA00200790A848FF
:1067400005A9FDF74CF834E2FFE7169AA5A03146FB
:1067500001E2D9F80000A14E68601698A882D6F828
:106760000B10B07A40EA01210591D9F80000F1F749
:1067700069FAB0BB777B7773D9F80000C0F30743A1
:106780003373B9F80000C0F30722F27299F80010D1
:1067900001A8B17288F8041088F8052088F806303E
:1067A00088F8077098F801C00CF0FE0C88F801C05A
:1067B00088F8AC1988F8AD2988F8AE3988F8AF792F
:1067C00098F8A9C90CF0FE0C88F8A9C980E88E00D9
:1067D0000598010E0091C0F30743C0F30722C1B230
:1067E00000E021E08BA0F6F797FBF5F715FB08B169
:1067F000F5F73EFED6F80B0007ABB17A06AA41EAE0
:1068000000200590D6F80F00B17B41EA00200690E9
:10681000D6F81310B07C40EA01200790704805A913
:10682000FCF7DDFFF5F7F8FA8A480322494E1021FC
:10683000361F007830728848007870720020FDF7AB
:1068400079F84FF0010886F8038010220746406867
:106850003146E9F725FE169B4A463946284600F0A0
:106860004DFB82463846FDF7C0F9BAF1000F02D160
:106870001B4981F802807948007801280ED1032253
:1068800010210020FDF756F8074632490220F0702B
:1068900010227868091FE9F703FE81E10BE100008F
:1068A00074000024306D002455445020554E4B4E4A
:1068B0004F574E20504F525420726563656976657C
:1068C000642025642062797465732C20706F727463
:1068D0003D25642C207373203D2025642E0D0A0075
:1068E000400200244368616E6E656C203120676F42
:1068F00074206F6C6420646174612E0000010024B8
:1069000064000024F80000244368616E6E656C200A
:106910003220676F74206F6C6420646174612E0094
:10692000040100246C000024FC0000244572726FF6
:10693000722073657474696E6720706163616B6740
:10694000652C206368616E6E656C203D2025642E89
:106950000D0A0000D0EE00244E6F74206D79207374
:10696000657474696E67207061636B6167652E0D75
:106970000A00000049502053657420746F20444879
:1069800043502A2A2A2A2A2A2A2A2A2A2A2A2A2A28
:106990002A2A2A2A2A2A2A2A2A2A2A0D0A00000012
:1069A000D87600245544505F53455454494E475FB0
:1069B000504F52542053617665496C64615365743D
:1069C00074696E677328293D25642C206368616EA5
:1069D0006E656C203D2025642E0D0A00E01805240C
:1069E000F81805245544505F53455454494E475FA9
:1069F000504F525420726563656976656420256442
:106A00002062797465732C20706F72743D25642E3A
:106A10000D0A0000486561727462656174207265D8
:106A20006365697665642C206368616E67652069BB
:106A3000702066726F6D2025642E25642E25642ECD
:106A4000256420746F2025642E25642E25642E2550
:106A5000640D0A0014000024060000242C00002409
:106A600038686A4902790B799A4224D142794B7984
:106A70009A42FAD182798B799A42F6D1C079C97952
:106A80008842F2D16248417B0091037BC27A817ACD
:106A900060A0F6F741FA98F8011041F0010188F87A
:106AA000011098F8A91941F0010188F8A919F5F722
:106AB000B3F9F5F7DDFC7CE03F68CDF800A038467F
:106AC000F4F7E4FF014600905AA0F6F725FA0322F6
:106AD00008210020FCF72EFF0646406839684FF475
:106AE0000072016069467068001DE9F7D9FC169BC9
:106AF0004A463146284600F001FA304657E03E68E3
:106B0000B27871783078ECF709FE10B93F48B17867
:106B1000017250A0B37872783178F6F7FDF948E049
:106B200096421BD13E683178022903D953A0F6F76B
:106B3000F3F93EE0012902D0022903D006E05848CB
:106B4000314601E057483146E9F7AAFCF4F76CFFFB
:106B50003278014654A0F6F7DFF92AE0169A5DA0D4
:106B60003146F8E73E6867A0B84606F10C01B388E5
:106B7000B268361DF6F7D0F93046F6F789F9C0B19C
:106B800003220C210020FCF7D5FE41680746D8F807
:106B90000000006808607868316841607168816051
:106BA0004A46169B3946284600F0A8F93846FDF7B4
:106BB0001CF8F0F77BFD58B9154948460A31EAF749
:106BC000E7FE4FF0FF30059005A94846EAF7E0FEE2
:106BD000C82C01D2F3F74AFFD9F800006860169973
:106BE000A9820B498871A888000AC8716868000CDE
:106BF00008726868000E48720B98FCF7F6FF0DB03B
:106C0000BDE8F08F084600F093F8F8E7CCEE0024DA
:106C1000E0180524495020636F6E666C6963742C1C
:106C2000206970203D2025642E25642E25642E25A4
:106C3000640D0A00416374697661746520444143C0
:106C40002C2072656173756C74203D2025640D0ADB
:106C500000000000536574204750494F20706F7248
:106C6000742025632C2070696E20256420746F20A9
:106C70006C6576656C2025640D0A00004572726FA4
:106C8000722042414D20706163616B67652C206307
:106C900068616E6E656C203D2025642E0D0A000033
:106CA00080800024849000245570646174652042C3
:106CB000414D205361766542616D28293D25642C44
:106CC000206368616E6E656C203D2025642E0D0A80
:106CD000000000004572726F722042414D207061C9
:106CE000636B6167652072656365697665642025FD
:106CF000642062797465732C20706F72743D256412
:106D00002E0D0A0054727920746F207772697465B1
:106D10002066696C652025732C206F666673657428
:106D20003D25642C2073697A653D25640D0A0000B9
:106D3000002141608182017C21F0040101747047CF
:106D4000704700002DE9F84FD0F804B08246028960
:106D50000F4608219BF8000000F00F0001EB8001B6
:106D60008A427DD3800041425046FCF778FF0028DC
:106D700076D1DFF830913946DAF80440D9F80000CE
:106D8000FAF7AEFF05462088FCF77DF906466088D5
:106D9000FCF779F9DFF810E100244428034605D018
:106DA0004249002210464C68009444E0432E46D1EC
:106DB000386AE8B34068D8B3011D05D0416819B1FD
:106DC000DEF8002091423AD104463DE0618A9942C2
:106DD0002FD115B99CB1216889B1D4F80080D9F8B8
:106DE00000C0E0450BD025B34CB1B8F1000F06D080
:106DF000B96808EA01080CEA010CE04519D118B994
:106E0000217C490700D42046A18AB14211D1211D1D
:106E100005D0616819B1DEF800C0614509D12AB119
:106E2000E168D1602149009AE2604C602CB10BE02E
:106E300005E02246E468002CC8D1040004D179683A
:106E4000D9F80000814227D16FF007015046FCF7C6
:106E500006FF28B95CB1A56915B1134B009600E097
:106E60001AE0E06952462146A847BDE8F88F9DB96F
:106E700099F80000C0F303100E280DD09BF8000015
:106E800000F00F01082000EB81015046FCF7E7FEFF
:106E900003215046FAF71AFE5046BDE8F84FFCF7BA
:106EA000A4BE0000800200247C020024F80200241A
:106EB000012010B5FCF76AFB040004D02021E9F79B
:106EC00017FBFF20A072204610BDC0E906127047D4
:106ED00009494A68824209D1D2684A6008E0D1680B
:106EE00019B1814201D1C168D1600A46002AF6D1A8
:106EF00001460120FCF70ABBF8020024F8B51D4644
:106F00000E46074614461046FBF7D0FA38B12B461A
:106F1000224631460090384600F004F8F8BD6FF084
:106F20000300F8BD2DE9FE4F9246428A98460F466F
:106F3000DDF83090054622B90146FFF7DFF9002859
:106F400014D108213846FCF78AFE88B100220821B6
:106F50000120FCF7EFFC040006D0388948B139461F
:106F60002046FCF7AFFD04E04FF0FF30BDE8FE8F98
:106F70003C46688A6668FCF76FF830804046FCF74C
:106F80006BF870800020F0806DB1286858B1D9F896
:106F9000041088420AD0BC4202D02046FCF725FEED
:106FA0006FF00500E2E709F1040800E0A846208937
:106FB000FCF752F8B0801122697A20468DE806026B
:106FC000AB7A52464146FBF72FF8BC42054602D049
:106FD0002046FCF70AFE2846C8E710B580B100F548
:106FE0008050016861B101F580510A7842B1CA88C8
:106FF0008088824204D14878F8F764FDC00700D049
:10700000092010BD00000000010203040102030476
:1070100006070809982F8A4291443771CFFBC0B503
:10702000A5DBB5E95BC25639F111F159A4823F9253
:10703000D55E1CAB98AA07D8015B8312BE853124AC
:10704000C37D0C55745DBE72FEB1DE80A706DC9B6D
:1070500074F19BC1C1699BE48647BEEFC69DC10F19
:10706000CCA10C246F2CE92DAA84744ADCA9B05C55
:10707000DA88F97652513E986DC631A8C82703B018
:10708000C77F59BFF30BE0C64791A7D55163CA0626
:1070900067292914850AB72738211B2EFC6D2C4D32
:1070A000130D385354730A65BB0A6A762EC9C28120
:1070B000852C7292A1E8BFA24B661AA8708B4BC2B6
:1070C000A3516CC719E892D1240699D685350EF4E0
:1070D00070A06A1016C1A419086C371E4C77482797
:1070E000B5BCB034B30C1C394AAAD84E4FCA9C5B0D
:1070F000F36F2E68EE828F746F63A5781478C8845E
:107100000802C78CFAFFBE90EB6C50A4F7A3F9BE3F
:10711000F27871C6010002000400060008000A00AF
:107120000C0010002000400080000001000C000056
:1071300000800C00000F0000C0030000800700006A
:10714000C0030000400000004000000040000000BC
:10715000400000004000000040000000000003006C
:107160000000200300C0030000F0000000E0010068
:1071700000F0000000000100020001000300010017
:1071800002000100040001000200010003000100F0
:1071900002000100050001000200010003000100DF
:1071A00002000100040001000200010003000100D0
:1071B00002000100060001000200010003000100BE
:1071C00002000100040001000200010003000100B0
:1071D000020001000500010002000100030001009F
:1071E0000200010004000100020001000300010090
:1071F000020001000700010002000100030001007D
:10720000020001000400010002000100030001006F
:10721000020001000500010002000100030001005E
:10722000020001000400010002000100030001004F
:10723000020001000600010002000100030001003D
:10724000020001000400010002000100030001002F
:10725000020001000500010002000100030001001E
:10726000020001000400010002000100030001000F
:1072700002000100FFFFFFFFFFFF00000000000011
:1072800000000000FFFFFFFF1C00200094001C0016
:107290001400200018001000300814001400100022
:1072A00010001006040006000A0006000F0005008A
:1072B0000F0002000400080008000800140030005D
:1072C00003060C1830607800747A01089C7A010873
:1072D000BC7A01087C7A0108687A0108507A0108B2
:1072E0005C7A0108B07A0108887A0108907A01086E
:1072F000A47A010801020304050607070707070728
:1073000007000000C4020024C0020024C8020024B8
:10731000CC020024FFFFFFFF01030507090E101236
:107320001416181C1E00000400020001800040001A
:10733000200010000800040002000000008000404F
:107340000020001000080040002000100008000489
:10735000000261006200630064006500660067006F
:10736000680069006A006B006C006D006E006F00C1
:107370007000710072007300740075007600770071
:10738000780079007A00A100A200A300A500AC005B
:10739000AF00E000E100E200E300E400E500E60009
:1073A000E700E800E900EA00EB00EC00ED00EE0089
:1073B000EF00F000F100F200F300F400F500F60039
:1073C000F800F900FA00FB00FC00FD00FE00FF00E1
:1073D000010103010501070109010B010D010F0165
:1073E000110113011501170119011B011D011F01D5
:1073F000210123012501270129012B012D012F0145
:1074000031013301350137013A013C013E014001B0
:1074100042014401460148014B014D014F01510118
:1074200053015501570159015B015D015F01610184
:1074300063016501670169016B016D016F017101F4
:107440007301750177017A017C017E019201B1031C
:10745000B203B303B403B503B603B703B803B90368
:10746000BA03BB03BC03BD03BE03BF03C003C10318
:10747000C303C403C503C603C703C803C903CA03C0
:107480003004310432043304340435043604370440
:10749000380439043A043B043C043D043E043F04F0
:1074A00040044104420443044404450446044704A0
:1074B000480449044A044B044C044D044E044F0450
:1074C00051045204530454045504560457045804F8
:1074D00059045A045B045C045E045F04702171214A
:1074E00072217321742175217621772178217921E8
:1074F0007A217B217C217D217E217F2141FF42FF5A
:1075000043FF44FF45FF46FF47FF48FF49FF4AFF4F
:107510004BFF4CFF4DFF4EFF4FFF50FF51FF52FFFF
:1075200053FF54FF55FF56FF57FF58FF59FF5AFFAF
:10753000000041004200430044004500460047006F
:10754000480049004A004B004C004D004E004F00DF
:10755000500051005200530054005500560057008F
:10756000580059005A002100E0FFE1FFE5FFE2FF6B
:10757000E3FFC000C100C200C300C400C500C600D4
:10758000C700C800C900CA00CB00CC00CD00CE00A7
:10759000CF00D000D100D200D300D400D500D60057
:1075A000D800D900DA00DB00DC00DD00DE00780165
:1075B000000102010401060108010A010C010E018B
:1075C000100112011401160118011A011C011E01FB
:1075D000200122012401260128012A012C012E016B
:1075E000300132013401360139013B013D013F01D7
:1075F00041014301450147014A014C014E0150013F
:1076000052015401560158015A015C015E016001AA
:1076100062016401660168016A016C016E0170011A
:1076200072017401760179017B017D019101910361
:107630009203930394039503960397039803990386
:107640009A039B039C039D039E039F03A003A10336
:10765000A303A403A503A603A703A803A903AA03DE
:10766000100411041204130414041504160417045E
:10767000180419041A041B041C041D041E041F040E
:1076800020042104220423042404250426042704BE
:10769000280429042A042B042C042D042E042F046E
:1076A0000104020403040404050406040704080496
:1076B00009040A040B040C040E040F046021612168
:1076C0006221632164216521662167216821692186
:1076D0006A216B216C216D216E216F2121FF22FF18
:1076E00023FF24FF25FF26FF27FF28FF29FF2AFF6E
:1076F0002BFF2CFF2DFF2EFF2FFF30FF31FF32FF1E
:1077000033FF34FF35FF36FF37FF38FF39FF3AFFCD
:107710000000000055B60008E9B60008C5B600082C
:10772000EDB6000875B600080040404040404040BB
:107730004040414141414140404040404040404044
:1077400040404040404040404005020202020202E8
:107750000202020202020202022020202020202037
:10776000202020020202020202029090909090904B
:107770001010101010101010101010101010101009
:10778000101010100202020202028888888888887D
:107790000808080808080808080808080808080869
:1077A00008080808020202024000000029770108C8
:1077B0004C5555555555A53F7751C1166CC156BF0F
:1077C0009015CB19A001FA3EAD529C804F7E92BE1F
:1077D000C4B1B4BD9EEE213ED43888BEE9FAA8BD3E
:1077E00000004054FB21F93F3163621A61B4D03D7F
:1077F0000000601A61B4D03D7370032E8A19A33B58
:107800000000002E8A19A33BC14920259A837B39A9
:1078100000000000000000006E83F9A22915444E0C
:10782000D15727FCC0DD34F5999562DB4190433C8C
:10783000AB6351FE61C5BBDE3A6E24B7E0D24D4268
:10784000EA2E49061C92D1091CEB1DFE3EA729B168
:10785000F53582E88444BB2E26709CE9417E5FB4F6
:1078600039D69139F43953838B5F849C3B28F9BD19
:10787000FF97F81F0F9805DE8B112FEF1F6D0A5A27
:10788000CF7E366DB709CB27663F464F2DEA5F9E08
:10789000C7BA27757BF1E5EBF739073DEA92528AC3
:1078A000B15FFB6B085D8D1FA6F810111111813FB0
:1078B000D561C119A0012ABF7DFEB157E31DC73EA6
:1078C000EB9C2B8AE6E55ABE7CD5CF5A3AD9E53DEA
:1078D00049502066696C74657220737461747573A5
:1078E000203D2025642C20536B697065642025643D
:1078F000207063616B6765732E2043683120676F6A
:1079000074202564206C6F73742025642C204368D8
:107910003220676F74202564206C6F737420256497
:10792000206672616D65732E0D0A000073645F73CB
:1079300074617475733D25642C206D6F756E745F72
:107940007374617475733D25642C206C7769705F66
:10795000636F6D6D5F696E69745F73746174757365
:107960003D25642C207564705F64656D6F5F696E82
:1079700069745F7374617475733D25642C206C6940
:107980006E6B53746174653D25642C2062745F775F
:107990006F726B3D25642C20737461747573207352
:1079A00070695F74657374203D2025642C207767AF
:1079B000436F756E743D25642C20706C61794D6F3A
:1079C00064653D25640D0A00303A2F64616D656978
:1079D0002F7265636F72642E62696E00303A2F6495
:1079E000616D65692F53686F77546F7765722E628A
:1079F000696E0000303A2F64616D65692F646566B9
:107A000061756C742E646C6200000000303A2F6463
:107A1000616D65692F646C6C2E61786600000000F2
:107A2000504F4C4152495320483735302F46373557
:107A300030204E4554434F4E4E20554450206465EF
:107A40006D6F2073656E6420646174610D0A0000BF
:107A500046494E5F574149545F31000046494E5FE9
:107A6000574149545F32000045535441424C4953F9
:107A700048454400434C4F534544000053594E5F22
:107A80005243564400000000434C4F53494E4700B8
:107A90004C4153545F41434B000000004C49535448
:107AA000454E000054494D455F5741495400000080
:107AB000434C4F53455F57414954000053594E5F63
:107AC00053454E54000000003C3C444C5F4552522C
:107AD0004F523E3E696E76616C696420656C663A11
:107AE000207365676D656E742073686F756C6420B4
:107AF000626520736F7274656420616E64206E6FBE
:107B000074206F7665726C617070656400000000AF
:107B1000307B010800000024000400003A1900082E
:107B2000887C01080004002408CA060000D7000869
:107B3000A1D2211EDC790108C804513C90D0030475
:107B400031021B2813DCEE142404FF5B24F4381AE2
:107B5000FF0101190A4A0202D2245B0C7AB8B1690A
:107B600089091891211EB45F0124D4042D68C7012E
:107B700024BCA9C05A0104E918E1E3803F03400492
:107B80004229746A10BC19011E49360108FD04150A
:107B900040D6012434401FC03230323842201C40CD
:107BA000D60418133FC314C003301AF0181CE001A8
:107BB0002008015D2D207A01089C29010114391546
:107BC00009131A01100325CDAB19F6033F6E1919DD
:107BD00044E1120113E80314249C011B24EC081354
:107BE00039CF14080108140813041B08190413E9F9
:107BF000031B08EF041AF9041AFD041EC917010833
:107C0000FD041A011C1A07041ABD141E9114010860
:107C10009D141AB1041AF3101A0D181B991A14198D
:107C2000041E9B3E0108A10413E5071B08A95C1371
:107C300071D6100808393F01088DE12B089B4016CA
:107C4000620108B3051B08C7041AA11029042AF50C
:107C50005C19101AE1041A75041A9704131F061B05
:107C60000809041A0D041A43101ABD081A01541AFF
:107C7000890C1ADF0C1A81041AA1041A1F101A3D6C
:087C8000081A5B08011C00005A
:040000050800029954
:00000001FF
